timestamp,sede,sector,hora,dia_semana,real_kwh,esperado_kwh,diferencia_kwh,diferencia_pct,ratio,severidad,tipo_anomalia
2025-01-01 09:00:00,Tunja,laboratorios,9,2,1.204,1.0251977,0.17880229999999986,17.440762888953014,1.1744076288895302,moderada,consumo_pico_excesivo
2025-01-01 11:00:00,Duitama,oficinas,11,2,0.742,0.5951686,0.14683139999999995,24.670555536700007,1.2467055553670001,moderada,consumo_pico_excesivo
2025-01-01 12:00:00,Sogamoso,oficinas,12,2,0.683,0.5761203,0.10687970000000002,18.551628887230674,1.1855162888723068,moderada,consumo_fuera_patron
2025-01-01 14:00:00,Sogamoso,oficinas,14,2,0.7276,0.5885237,0.13907630000000004,23.631384768361926,1.2363138476836193,moderada,consumo_pico_excesivo
2025-01-01 17:00:00,Sogamoso,oficinas,17,2,0.724,0.61554945,0.10845054999999992,17.618495150958207,1.1761849515095821,moderada,consumo_pico_excesivo
2025-01-01 18:00:00,Tunja,laboratorios,18,2,1.2763,1.1008338,0.17546620000000002,15.939390669145517,1.1593939066914551,moderada,consumo_fuera_patron
2025-01-02 00:00:00,Duitama,oficinas,0,3,0.7567,0.6552,0.10150000000000003,15.491452991452997,1.15491452991453,moderada,consumo_nocturno_alto
2025-01-02 08:00:00,Sogamoso,oficinas,8,3,1.3909,1.1338009,0.2570991,22.67585957993154,1.2267585957993155,moderada,consumo_pico_excesivo
2025-01-02 09:00:00,Tunja,oficinas,9,3,0.6561,0.5703729,0.08572710000000006,15.030009314958697,1.150300093149587,moderada,consumo_pico_excesivo
2025-01-02 10:00:00,Duitama,oficinas,10,3,1.3827,1.1860337,0.19666629999999996,16.581847547839487,1.165818475478395,moderada,consumo_pico_excesivo
2025-01-02 10:00:00,Tunja,oficinas,10,3,0.6132,0.5023766,0.11082340000000002,22.059825238675533,1.2205982523867553,moderada,consumo_pico_excesivo
2025-01-02 12:00:00,Sogamoso,oficinas,12,3,1.4243,1.2070631,0.21723689999999984,17.997145302511512,1.179971453025115,moderada,consumo_fuera_patron
2025-01-02 14:00:00,Duitama,oficinas,14,3,1.386,1.1536582,0.23234179999999993,20.13956993501194,1.2013956993501194,moderada,consumo_pico_excesivo
2025-01-02 15:00:00,Chiquinquirá,oficinas,15,3,0.7123,0.548069,0.16423100000000002,29.96538756981329,1.2996538756981328,moderada,consumo_pico_excesivo
2025-01-02 15:00:00,Duitama,oficinas,15,3,1.5268,1.192531,0.3342689999999999,28.030214728170584,1.2803021472817058,moderada,consumo_pico_excesivo
2025-01-02 15:00:00,Sogamoso,oficinas,15,3,1.328,1.0330313,0.2949687000000001,28.553704035879658,1.2855370403587967,moderada,consumo_pico_excesivo
2025-01-03 02:00:00,Chiquinquirá,laboratorios,2,4,1.467026933788351,0.9399947,0.5270322337883511,56.06757503934342,1.5606757503934343,critica,consumo_nocturno_alto
2025-01-03 03:00:00,Sogamoso,oficinas,3,4,0.6927,0.58347386,0.10922613999999997,18.719971448249623,1.1871997144824962,moderada,consumo_nocturno_alto
2025-01-03 08:00:00,Chiquinquirá,oficinas,8,4,0.6936,0.58788264,0.10571735999999998,17.98273206366495,1.1798273206366494,moderada,consumo_pico_excesivo
2025-01-03 08:00:00,Sogamoso,oficinas,8,4,1.3843,1.071361,0.3129390000000001,29.20948214467393,1.2920948214467394,moderada,consumo_pico_excesivo
2025-01-03 08:00:00,Tunja,oficinas,8,4,0.5552,0.4724496,0.0827504,17.515180455227394,1.175151804552274,moderada,consumo_pico_excesivo
2025-01-03 12:00:00,Sogamoso,oficinas,12,4,1.3127,1.1194558,0.1932442000000001,17.262334073395312,1.1726233407339532,moderada,consumo_fuera_patron
2025-01-03 13:00:00,Tunja,laboratorios,13,4,1.001,0.8546305,0.14636949999999993,17.12664127947691,1.1712664127947692,moderada,consumo_fuera_patron
2025-01-03 14:00:00,Sogamoso,oficinas,14,4,1.375,1.1362972,0.2387028,21.007074557606938,1.2100707455760693,moderada,consumo_pico_excesivo
2025-01-03 14:00:00,Tunja,oficinas,14,4,0.6499,0.5254036,0.12449640000000006,23.695383891545486,1.2369538389154549,moderada,consumo_pico_excesivo
2025-01-03 16:00:00,Tunja,laboratorios,16,4,1.01,0.85558164,0.15441835999999998,18.048348957090752,1.1804834895709075,moderada,consumo_pico_excesivo
2025-01-03 18:00:00,Sogamoso,oficinas,18,4,0.6798,0.5847932,0.09500679999999995,16.24622174129247,1.1624622174129247,moderada,consumo_fuera_patron
2025-01-03 20:00:00,Sogamoso,oficinas,20,4,0.6906,0.57656634,0.11403366000000004,19.77806404723523,1.1977806404723523,moderada,consumo_fuera_patron
2025-01-03 22:00:00,Duitama,oficinas,22,4,0.7439,0.5537252,0.19017479999999998,34.34461714944524,1.3434461714944523,critica,consumo_fuera_patron
2025-01-04 06:00:00,Duitama,oficinas,6,5,0.7806,0.6601752,0.1204248,18.241339571677337,1.1824133957167733,moderada,consumo_nocturno_alto
2025-01-04 06:00:00,Sogamoso,oficinas,6,5,0.6847,0.58830154,0.09639845999999996,16.385892853518616,1.1638589285351861,moderada,consumo_nocturno_alto
2025-01-04 08:00:00,Chiquinquirá,oficinas,8,5,0.7501,0.41047052,0.33962948,82.74150357984296,1.8274150357984296,critica,consumo_fin_semana_alto
2025-01-04 08:00:00,Sogamoso,oficinas,8,5,2.0729,1.4137516,0.6591484000000001,46.6240604077831,1.4662406040778309,critica,consumo_fin_semana_alto
2025-01-04 08:00:00,Tunja,oficinas,8,5,0.7085,0.5165877,0.19191230000000004,37.14999408619292,1.3714999408619293,critica,consumo_fin_semana_alto
2025-01-04 09:00:00,Chiquinquirá,oficinas,9,5,0.6712,0.49228922,0.17891078,36.342615830588365,1.3634261583058835,critica,consumo_fin_semana_alto
2025-01-04 09:00:00,Sogamoso,oficinas,9,5,1.9914,1.297974,0.6934260000000001,53.42372035187146,1.5342372035187146,critica,consumo_fin_semana_alto
2025-01-04 09:00:00,Tunja,oficinas,9,5,0.8268,0.4591697,0.36763029999999997,80.06414621870736,1.8006414621870737,critica,consumo_fin_semana_alto
2025-01-04 10:00:00,Sogamoso,oficinas,10,5,2.0209,1.634749,0.38615100000000013,23.621424451093112,1.2362142445109312,moderada,consumo_fin_semana_alto
2025-01-04 10:00:00,Tunja,oficinas,10,5,0.8346,0.7187081,0.11589190000000005,16.125030453949254,1.1612503045394926,moderada,consumo_fin_semana_alto
2025-01-04 11:00:00,Chiquinquirá,oficinas,11,5,0.7874,0.59270483,0.19469517000000003,32.848588394327756,1.3284858839432776,critica,consumo_fin_semana_alto
2025-01-04 11:00:00,Duitama,oficinas,11,5,1.9897,0.89109945,1.09860055,123.28596432193959,2.232859643219396,critica,consumo_fin_semana_alto
2025-01-04 11:00:00,Tunja,oficinas,11,5,1.0473,0.56508434,0.48221565999999993,85.33516607450137,1.8533516607450138,critica,consumo_fin_semana_alto
2025-01-04 12:00:00,Tunja,oficinas,12,5,1.0051,0.7452212,0.2598788000000001,34.87270625151298,1.3487270625151297,critica,consumo_fin_semana_alto
2025-01-04 13:00:00,Sogamoso,oficinas,13,5,0.6699,0.43884704,0.23105296000000003,52.649998505173926,1.5264999850517393,critica,consumo_fin_semana_alto
2025-01-04 14:00:00,Duitama,oficinas,14,5,0.7462,0.62334967,0.12285033000000001,19.708092570258362,1.1970809257025836,moderada,consumo_fin_semana_alto
2025-01-04 15:00:00,Sogamoso,oficinas,15,5,0.7293,0.62055445,0.10874554999999997,17.52393363708857,1.1752393363708857,moderada,consumo_fin_semana_alto
2025-01-04 16:00:00,Duitama,oficinas,16,5,0.7446,0.5783854,0.1662146,28.737689436835712,1.287376894368357,moderada,consumo_fin_semana_alto
2025-01-04 17:00:00,Duitama,oficinas,17,5,0.7534,0.63043016,0.12296984,19.505703851478174,1.1950570385147816,moderada,consumo_fin_semana_alto
2025-01-04 18:00:00,Duitama,oficinas,18,5,0.7254,0.5802656,0.1451344,25.011718771541858,1.2501171877154185,moderada,consumo_fin_semana_alto
2025-01-04 18:00:00,Sogamoso,oficinas,18,5,0.6699,0.56997013,0.09992987000000009,17.532474903553297,1.175324749035533,moderada,consumo_fin_semana_alto
2025-01-04 22:00:00,Sogamoso,oficinas,22,5,0.7115,0.5792452,0.1322548,22.83226516162758,1.2283226516162757,moderada,consumo_fin_semana_alto
2025-01-05 00:00:00,Chiquinquirá,laboratorios,0,6,0.5374,0.4363023,0.10109770000000001,23.171479957818242,1.2317147995781823,moderada,consumo_nocturno_alto
2025-01-05 02:00:00,Tunja,laboratorios,2,6,1.1848,1.010386,0.17441400000000007,17.26211566668581,1.172621156666858,moderada,consumo_nocturno_alto
2025-01-05 05:00:00,Chiquinquirá,laboratorios,5,6,0.5399,0.46451774,0.07538226000000003,16.228069136821347,1.1622806913682135,moderada,consumo_nocturno_alto
2025-01-05 10:00:00,Chiquinquirá,laboratorios,10,6,0.5104,0.44317096,0.06722903999999996,15.170001211270694,1.151700012112707,moderada,consumo_fin_semana_alto
2025-01-05 10:00:00,Tunja,laboratorios,10,6,1.0701,0.92831624,0.14178376000000004,15.27321766987509,1.1527321766987508,moderada,consumo_fin_semana_alto
2025-01-05 13:00:00,Chiquinquirá,laboratorios,13,6,0.5424,0.45923528,0.08316471999999997,18.109392640739618,1.181093926407396,moderada,consumo_fin_semana_alto
2025-01-05 16:00:00,Duitama,oficinas,16,6,0.761,0.64509135,0.11590865000000006,17.96778859304191,1.1796778859304191,moderada,consumo_fin_semana_alto
2025-01-05 20:00:00,Tunja,laboratorios,20,6,1.2555,1.0794612,0.17603880000000016,16.308024781251998,1.16308024781252,moderada,consumo_fin_semana_alto
2025-01-05 23:00:00,Chiquinquirá,laboratorios,23,6,0.5364,0.45177412,0.08462587999999999,18.731900800338007,1.18731900800338,moderada,consumo_fin_semana_alto
2025-01-05 23:00:00,Tunja,laboratorios,23,6,1.1566,0.94349456,0.2131054400000001,22.586822334195556,1.2258682233419556,moderada,consumo_fin_semana_alto
2025-01-06 06:00:00,Sogamoso,oficinas,6,0,0.7047,0.6015208,0.10317920000000003,17.153056053921997,1.17153056053922,moderada,consumo_nocturno_alto
2025-01-06 07:00:00,Duitama,laboratorios,7,0,2.3939,2.0579119,0.3359880999999998,16.32665130125346,1.1632665130125346,moderada,consumo_pico_excesivo
2025-01-06 10:00:00,Duitama,oficinas,10,0,1.3657,1.171197,0.19450299999999987,16.60719759357306,1.1660719759357305,moderada,consumo_pico_excesivo
2025-01-06 10:00:00,Sogamoso,oficinas,10,0,1.385,1.1247516,0.26024840000000005,23.13830004776166,1.2313830004776165,moderada,consumo_pico_excesivo
2025-01-06 10:00:00,Tunja,oficinas,10,0,0.628,0.5271601,0.10083989999999998,19.128894618541878,1.1912889461854188,moderada,consumo_pico_excesivo
2025-01-06 11:00:00,Chiquinquirá,oficinas,11,0,0.6629,0.56675637,0.09614363000000004,16.963837565689825,1.1696383756568982,moderada,consumo_pico_excesivo
2025-01-06 11:00:00,Sogamoso,oficinas,11,0,1.3276,1.1364807,0.1911193,16.81676600403333,1.1681676600403332,moderada,consumo_pico_excesivo
2025-01-06 12:00:00,Tunja,oficinas,12,0,0.6927,0.49765426,0.19504573999999997,39.193021275453354,1.3919302127545337,critica,consumo_fuera_patron
2025-01-06 14:00:00,Duitama,oficinas,14,0,1.35,1.1082009,0.24179910000000016,21.81906728283655,1.2181906728283656,moderada,consumo_pico_excesivo
2025-01-06 19:00:00,Sogamoso,oficinas,19,0,0.6535,0.5378766,0.11562339999999993,21.49626884679496,1.2149626884679496,moderada,consumo_fuera_patron
2025-01-06 23:00:00,Sogamoso,oficinas,23,0,0.7141,0.5791502,0.1349498,23.30134738794876,1.2330134738794876,moderada,consumo_fuera_patron
2025-01-07 05:00:00,Duitama,oficinas,5,1,0.7586,0.6288074,0.12979260000000004,20.64107388049187,1.2064107388049188,moderada,consumo_nocturno_alto
2025-01-07 08:00:00,Chiquinquirá,oficinas,8,1,0.5958,0.4244482,0.1713518,40.37048572711582,1.4037048572711581,critica,consumo_pico_excesivo
2025-01-07 08:00:00,Tunja,oficinas,8,1,0.6137,0.4973567,0.11634330000000004,23.392325869944056,1.2339232586994406,moderada,consumo_pico_excesivo
2025-01-07 09:00:00,Chiquinquirá,oficinas,9,1,0.6648,0.5367977,0.1280022999999999,23.845538086321884,1.2384553808632188,moderada,consumo_pico_excesivo
2025-01-07 13:00:00,Tunja,laboratorios,13,1,1.0186,0.8479752,0.1706247999999999,20.121437513738595,1.201214375137386,moderada,consumo_fuera_patron
2025-01-07 14:00:00,Chiquinquirá,oficinas,14,1,0.5568,0.45710787,0.09969212999999993,21.80932260037438,1.2180932260037438,moderada,consumo_pico_excesivo
2025-01-07 14:00:00,Duitama,oficinas,14,1,1.3922,1.1506311,0.2415689000000001,20.99446990438552,1.2099446990438552,moderada,consumo_pico_excesivo
2025-01-07 15:00:00,Tunja,oficinas,15,1,0.7261,0.5899538,0.1361462,23.077434199084742,1.2307743419908475,moderada,consumo_pico_excesivo
2025-01-07 16:00:00,Duitama,laboratorios,16,1,2.4167,2.0961504,0.3205496000000001,15.292299636514636,1.1529229963651464,moderada,consumo_pico_excesivo
2025-01-07 18:00:00,Sogamoso,oficinas,18,1,0.7128,0.60912764,0.10367236000000002,17.019808853198654,1.1701980885319865,moderada,consumo_fuera_patron
2025-01-08 09:00:00,Duitama,oficinas,9,2,1.5956,1.2280592,0.3675408,29.928589761796502,1.299285897617965,moderada,consumo_pico_excesivo
2025-01-08 12:00:00,Duitama,oficinas,12,2,1.4524,1.2457618,0.2066382,16.587296223082134,1.1658729622308213,moderada,consumo_fuera_patron
2025-01-08 13:00:00,Duitama,oficinas,13,2,1.3745,1.194914,0.17958600000000002,15.029198754052594,1.150291987540526,moderada,consumo_fuera_patron
2025-01-08 14:00:00,Sogamoso,oficinas,14,2,1.2266,1.0510592,0.17554079999999983,16.701323769393753,1.1670132376939375,moderada,consumo_pico_excesivo
2025-01-08 20:00:00,Sogamoso,oficinas,20,2,0.7184,0.5819992,0.1364008,23.4365957891351,1.234365957891351,moderada,consumo_fuera_patron
2025-01-08 23:00:00,Duitama,oficinas,23,2,0.7462,0.624027,0.12217299999999998,19.578159278364556,1.1957815927836455,moderada,consumo_fuera_patron
2025-01-09 02:00:00,Tunja,laboratorios,2,3,1.1842,1.0115461,0.17265390000000003,17.068317499321093,1.170683174993211,moderada,consumo_nocturno_alto
2025-01-09 05:00:00,Tunja,laboratorios,5,3,1.2877,1.0991377,0.18856230000000007,17.155475606013702,1.171554756060137,moderada,consumo_nocturno_alto
2025-01-09 07:00:00,Chiquinquirá,laboratorios,7,3,0.5346,0.4376893,0.09691069999999996,22.141436859434297,1.221414368594343,moderada,consumo_pico_excesivo
2025-01-09 07:00:00,Tunja,laboratorios,7,3,1.1376,0.9549476,0.18265239999999994,19.126955238172226,1.1912695523817223,moderada,consumo_pico_excesivo
2025-01-09 08:00:00,Chiquinquirá,laboratorios,8,3,0.5444,0.4725713,0.07182869999999997,15.19954766614053,1.1519954766614053,moderada,consumo_pico_excesivo
2025-01-09 09:00:00,Sogamoso,oficinas,9,3,0.6736,0.5688648,0.10473520000000003,18.41126397695903,1.1841126397695902,moderada,consumo_pico_excesivo
2025-01-09 11:00:00,Chiquinquirá,laboratorios,11,3,0.5279,0.4464364,0.08146360000000002,18.247526411376853,1.1824752641137686,moderada,consumo_pico_excesivo
2025-01-09 13:00:00,Duitama,oficinas,13,3,0.7685,0.6233566,0.14514339999999992,23.284168323556678,1.2328416832355669,moderada,consumo_fuera_patron
2025-01-09 16:00:00,Sogamoso,oficinas,16,3,0.6559,0.56101763,0.09488237,16.912546937250436,1.1691254693725044,moderada,consumo_pico_excesivo
2025-01-09 17:00:00,Sogamoso,oficinas,17,3,0.7283,0.5549007,0.17339929999999992,31.24870810218836,1.3124870810218836,critica,consumo_pico_excesivo
2025-01-09 19:00:00,Sogamoso,oficinas,19,3,0.7363,0.620194,0.11610599999999993,18.720916358429772,1.1872091635842976,moderada,consumo_fuera_patron
2025-01-10 00:00:00,Duitama,oficinas,0,4,0.7698,0.6359899,0.13381010000000004,21.03965801972642,1.2103965801972643,moderada,consumo_nocturno_alto
2025-01-10 01:00:00,Duitama,oficinas,1,4,0.7668,0.64992726,0.11687274000000003,17.982433911142614,1.179824339111426,moderada,consumo_nocturno_alto
2025-01-10 02:00:00,Sogamoso,oficinas,2,4,0.7201,0.62330705,0.09679294999999999,15.528935538271224,1.1552893553827122,moderada,consumo_nocturno_alto
2025-01-10 09:00:00,Duitama,oficinas,9,4,1.5615,1.2044015,0.3570985000000002,29.649456597322427,1.2964945659732243,moderada,consumo_pico_excesivo
2025-01-10 11:00:00,Tunja,oficinas,11,4,0.6801,0.57778054,0.10231946000000003,17.709052644798323,1.1770905264479832,moderada,consumo_pico_excesivo
2025-01-10 12:00:00,Duitama,oficinas,12,4,1.3394,1.1374426,0.20195739999999995,17.755392667726703,1.177553926677267,moderada,consumo_fuera_patron
2025-01-10 13:00:00,Duitama,oficinas,13,4,1.3943,1.0906411,0.30365890000000006,27.84223884465752,1.2784223884465753,moderada,consumo_fuera_patron
2025-01-10 13:00:00,Sogamoso,oficinas,13,4,1.4961,1.2903234,0.2057766000000001,15.94767637322551,1.1594767637322552,moderada,consumo_fuera_patron
2025-01-10 14:00:00,Chiquinquirá,oficinas,14,4,0.7036,0.53449374,0.16910625999999995,31.63858570167724,1.3163858570167724,critica,consumo_pico_excesivo
2025-01-10 17:00:00,Sogamoso,oficinas,17,4,0.7239,0.5952504,0.12864960000000003,21.61268602255455,1.2161268602255455,moderada,consumo_pico_excesivo
2025-01-10 21:00:00,Duitama,oficinas,21,4,0.7648,0.51836425,0.24643575000000006,47.54103895089217,1.4754103895089217,critica,consumo_fuera_patron
2025-01-10 21:00:00,Sogamoso,oficinas,21,4,0.6817,0.56892955,0.11277044999999997,19.82151392909719,1.198215139290972,moderada,consumo_fuera_patron
2025-01-10 23:00:00,Duitama,oficinas,23,4,0.7587,0.6021073,0.15659270000000003,26.00744086643693,1.2600744086643694,moderada,consumo_fuera_patron
2025-01-11 02:00:00,Duitama,oficinas,2,5,0.7351,0.6336213,0.10147869999999992,16.01567055905474,1.1601567055905475,moderada,consumo_nocturno_alto
2025-01-11 04:00:00,Sogamoso,oficinas,4,5,0.723,0.6100624,0.11293759999999997,18.51246692141656,1.1851246692141655,moderada,consumo_nocturno_alto
2025-01-11 08:00:00,Duitama,oficinas,8,5,1.7042,0.7914647,0.9127352999999999,115.32230053974611,2.1532230053974613,critica,consumo_fin_semana_alto
2025-01-11 08:00:00,Sogamoso,oficinas,8,5,1.7456,1.4826384,0.26296160000000013,17.73605755793187,1.1773605755793186,moderada,consumo_fin_semana_alto
2025-01-11 08:00:00,Tunja,oficinas,8,5,1.101,0.7849458,0.31605419999999995,40.264461571741634,1.4026446157174164,critica,consumo_fin_semana_alto
2025-01-11 09:00:00,Chiquinquirá,oficinas,9,5,0.7965,0.63897914,0.15752085999999998,24.651956556829067,1.2465195655682906,moderada,consumo_fin_semana_alto
2025-01-11 09:00:00,Duitama,oficinas,9,5,2.0714,1.5808736,0.49052640000000003,31.028818496304826,1.3102881849630483,critica,consumo_fin_semana_alto
2025-01-11 09:00:00,Sogamoso,oficinas,9,5,1.818,1.3256735,0.4923265000000001,37.137839747117226,1.3713783974711724,critica,consumo_fin_semana_alto
2025-01-11 09:00:00,Tunja,oficinas,9,5,0.8175,0.6745505,0.14294949999999995,21.191815883317844,1.2119181588331784,moderada,consumo_fin_semana_alto
2025-01-11 10:00:00,Duitama,oficinas,10,5,2.2629,1.730934,0.5319660000000002,30.7328875624374,1.307328875624374,critica,consumo_fin_semana_alto
2025-01-11 10:00:00,Tunja,oficinas,10,5,1.0309,0.6871643,0.3437357,50.022345456537835,1.5002234545653783,critica,consumo_fin_semana_alto
2025-01-11 11:00:00,Duitama,oficinas,11,5,1.6597,1.1685785,0.4911215,42.02725790351269,1.420272579035127,critica,consumo_fin_semana_alto
2025-01-11 11:00:00,Tunja,oficinas,11,5,0.9211,0.7097856,0.2113144,29.77158172834163,1.2977158172834162,moderada,consumo_fin_semana_alto
2025-01-11 12:00:00,Chiquinquirá,oficinas,12,5,1.0369,0.89202213,0.14487786999999996,16.241510734716858,1.1624151073471687,moderada,consumo_fin_semana_alto
2025-01-11 12:00:00,Sogamoso,oficinas,12,5,2.0176,1.2949165,0.7226834999999998,55.8092741887218,1.5580927418872181,critica,consumo_fin_semana_alto
2025-01-11 12:00:00,Tunja,oficinas,12,5,0.8737,0.67576575,0.19793424999999998,29.290364301534954,1.2929036430153495,moderada,consumo_fin_semana_alto
2025-01-11 13:00:00,Sogamoso,oficinas,13,5,0.7026,0.5796048,0.12299519999999997,21.22052819438348,1.2122052819438347,moderada,consumo_fin_semana_alto
2025-01-11 14:00:00,Duitama,oficinas,14,5,0.7335,0.5567159,0.1767841,31.754814259840607,1.3175481425984061,critica,consumo_fin_semana_alto
2025-01-11 14:00:00,Sogamoso,oficinas,14,5,0.6842,0.56498444,0.11921556,21.100680224042982,1.21100680224043,moderada,consumo_fin_semana_alto
2025-01-11 16:00:00,Duitama,oficinas,16,5,0.7602,0.6561972,0.10400279999999995,15.849320905361978,1.1584932090536197,moderada,consumo_fin_semana_alto
2025-01-11 16:00:00,Tunja,laboratorios,16,5,1.0297,0.8927059,0.1369941,15.345938679244755,1.1534593867924476,moderada,consumo_fin_semana_alto
2025-01-11 17:00:00,Duitama,oficinas,17,5,0.749,0.5619491,0.18705090000000002,33.286092993119844,1.3328609299311984,critica,consumo_fin_semana_alto
2025-01-11 19:00:00,Duitama,oficinas,19,5,0.7024,0.593655,0.10874499999999998,18.31787822893768,1.1831787822893767,moderada,consumo_fin_semana_alto
2025-01-12 05:00:00,Tunja,laboratorios,5,6,1.2522,1.0885639,0.16363609999999995,15.032291627528704,1.150322916275287,moderada,consumo_nocturno_alto
2025-01-12 07:00:00,Chiquinquirá,laboratorios,7,6,0.5181,0.42389777,0.09420223,22.22286519695539,1.2222286519695538,moderada,consumo_fin_semana_alto
2025-01-12 12:00:00,Sogamoso,oficinas,12,6,0.731,0.6352419,0.09575809999999996,15.07427328077697,1.1507427328077697,moderada,consumo_fin_semana_alto
2025-01-12 13:00:00,Duitama,oficinas,13,6,0.7451,0.63348246,0.11161754000000002,17.619673321341843,1.1761967332134184,moderada,consumo_fin_semana_alto
2025-01-12 14:00:00,Tunja,laboratorios,14,6,1.1998,0.9891822,0.21061779999999997,21.292113828979126,1.2129211382897913,moderada,consumo_fin_semana_alto
2025-01-12 19:00:00,Tunja,laboratorios,19,6,1.2698,1.098474,0.1713260000000001,15.596727824236176,1.1559672782423618,moderada,consumo_fin_semana_alto
2025-01-12 20:00:00,Chiquinquirá,laboratorios,20,6,0.5255,0.4554151,0.07008489999999995,15.38923500779837,1.1538923500779836,moderada,consumo_fin_semana_alto
2025-01-12 20:00:00,Tunja,laboratorios,20,6,1.2465,1.068892,0.177608,16.616084693308586,1.1661608469330857,moderada,consumo_fin_semana_alto
2025-01-13 01:00:00,Duitama,oficinas,1,0,0.762,0.62800753,0.13399247000000003,21.336124743599814,1.213361247435998,moderada,consumo_nocturno_alto
2025-01-13 07:00:00,Tunja,laboratorios,7,0,0.9468,0.7925242,0.15427579999999996,19.466383487090987,1.19466383487091,moderada,consumo_pico_excesivo
2025-01-13 11:00:00,Sogamoso,oficinas,11,0,1.4691,1.1316682,0.33743180000000006,29.81720260408484,1.2981720260408485,moderada,consumo_pico_excesivo
2025-01-13 14:00:00,Chiquinquirá,oficinas,14,0,0.6617,0.5596925,0.10200749999999992,18.225632825167377,1.1822563282516738,moderada,consumo_pico_excesivo
2025-01-13 14:00:00,Duitama,oficinas,14,0,1.4885,1.2170713,0.27142869999999997,22.30179119333436,1.2230179119333435,moderada,consumo_pico_excesivo
2025-01-13 15:00:00,Chiquinquirá,oficinas,15,0,0.6275,0.42853257,0.19896742999999995,46.429943469641046,1.4642994346964104,critica,consumo_pico_excesivo
2025-01-13 15:00:00,Duitama,oficinas,15,0,1.4392,1.0769491,0.36225090000000004,33.636770762889356,1.3363677076288936,critica,consumo_pico_excesivo
2025-01-13 15:00:00,Tunja,oficinas,15,0,0.7078,0.5860832,0.12171679999999996,20.767836375449757,1.2076783637544977,moderada,consumo_pico_excesivo
2025-01-13 16:00:00,Tunja,laboratorios,16,0,1.0305,0.8663996,0.16410039999999992,18.940498125807064,1.1894049812580707,moderada,consumo_pico_excesivo
2025-01-13 19:00:00,Sogamoso,oficinas,19,0,0.7163,0.5822904,0.13400960000000006,23.014221082813673,1.2301422108281368,moderada,consumo_fuera_patron
2025-01-13 20:00:00,Duitama,oficinas,20,0,0.7384,0.62329614,0.11510385999999995,18.466961788019407,1.184669617880194,moderada,consumo_fuera_patron
2025-01-13 20:00:00,Sogamoso,oficinas,20,0,0.7134,0.5567782,0.15662180000000003,28.13001658470106,1.2813001658470107,moderada,consumo_fuera_patron
2025-01-13 22:00:00,Duitama,oficinas,22,0,0.7824,0.6359642,0.1464358,23.02579296130191,1.2302579296130192,moderada,consumo_fuera_patron
2025-01-14 00:00:00,Sogamoso,oficinas,0,1,0.7101,0.6015208,0.10857919999999999,18.050780621384995,1.1805078062138499,moderada,consumo_nocturno_alto
2025-01-14 03:00:00,Duitama,oficinas,3,1,0.7731,0.59647727,0.17662273000000006,29.61097411138568,1.296109741113857,moderada,consumo_nocturno_alto
2025-01-14 07:00:00,Duitama,laboratorios,7,1,2.2722,1.9530975,0.3191025000000003,16.338278042954858,1.1633827804295487,moderada,consumo_pico_excesivo
2025-01-14 08:00:00,Duitama,oficinas,8,1,1.5313,1.3015503,0.22974970000000017,17.65200315347015,1.1765200315347015,moderada,consumo_pico_excesivo
2025-01-14 09:00:00,Chiquinquirá,oficinas,9,1,0.7211,0.48347744,0.23762255999999998,49.14863452573919,1.4914863452573919,critica,consumo_pico_excesivo
2025-01-14 09:00:00,Duitama,oficinas,9,1,1.4372,1.1711473,0.26605270000000014,22.717270491935572,1.2271727049193557,moderada,consumo_pico_excesivo
2025-01-14 13:00:00,Duitama,oficinas,13,1,1.4361,1.194914,0.2411859999999999,20.184381470130898,1.2018438147013089,moderada,consumo_fuera_patron
2025-01-14 13:00:00,Sogamoso,oficinas,13,1,1.4514,1.2168655,0.2345345000000001,19.27365842815004,1.1927365842815003,moderada,consumo_fuera_patron
2025-01-14 13:00:00,Tunja,laboratorios,13,1,0.9811,0.77913094,0.20196905999999992,25.922351382939553,1.2592235138293955,moderada,consumo_fuera_patron
2025-01-14 14:00:00,Duitama,oficinas,14,1,1.3934,1.1250893,0.2683107,23.847947002962343,1.2384794700296236,moderada,consumo_pico_excesivo
2025-01-14 15:00:00,Duitama,oficinas,15,1,1.5667,1.2940891,0.2726108999999999,21.065852420826346,1.2106585242082635,moderada,consumo_pico_excesivo
2025-01-14 15:00:00,Sogamoso,oficinas,15,1,1.2272,0.9867042,0.24049580000000004,24.373647137612267,1.2437364713761228,moderada,consumo_pico_excesivo
2025-01-14 22:00:00,Duitama,oficinas,22,1,0.718,0.62356025,0.09443974999999993,15.145248594662652,1.1514524859466266,moderada,consumo_fuera_patron
2025-01-15 10:00:00,Sogamoso,comedor,10,2,0.7747,0.63784915,0.13685085000000008,21.45504936394445,1.2145504936394445,moderada,consumo_pico_excesivo
2025-01-15 12:00:00,Chiquinquirá,oficinas,12,2,1.4202,1.1955446,0.22465539999999984,18.791051375247715,1.1879105137524772,moderada,consumo_fuera_patron
2025-01-15 13:00:00,Chiquinquirá,comedor,13,2,0.7665,0.66639745,0.10010255000000001,15.021448536455237,1.1502144853645524,moderada,consumo_fuera_patron
2025-01-15 13:00:00,Sogamoso,salones,13,2,1.1924,0.9571601,0.23523989999999995,24.576860234771587,1.245768602347716,moderada,consumo_fuera_patron
2025-01-15 17:00:00,Duitama,laboratorios,17,2,7.8302,6.7911825,1.0390175,15.299507854486313,1.152995078544863,moderada,consumo_pico_excesivo
2025-01-15 17:00:00,Tunja,salones,17,2,2.622,2.1378918,0.4841082000000001,22.644186202500993,1.22644186202501,moderada,consumo_pico_excesivo
2025-01-15 18:00:00,Duitama,oficinas,18,2,1.9578,1.5327235,0.4250765000000001,27.733410494456447,1.2773341049445643,moderada,consumo_fuera_patron
2025-01-15 18:00:00,Tunja,oficinas,18,2,0.8611,0.7159279,0.14517210000000003,20.277474868628538,1.2027747486862854,moderada,consumo_fuera_patron
2025-01-15 19:00:00,Chiquinquirá,salones,19,2,1.3794,1.1089102,0.2704898,24.39239895169149,1.243923989516915,moderada,consumo_fuera_patron
2025-01-15 19:00:00,Chiquinquirá,oficinas,19,2,0.8554,0.6466957,0.20870430000000006,32.27241189325986,1.3227241189325984,critica,consumo_fuera_patron
2025-01-16 09:00:00,Sogamoso,comedor,9,3,0.8436,0.6917626,0.1518374,21.949350832207468,1.2194935083220746,moderada,consumo_pico_excesivo
2025-01-16 10:00:00,Sogamoso,comedor,10,3,0.9093,0.6208952,0.2884048,46.44983565664545,1.4644983565664544,critica,consumo_pico_excesivo
2025-01-16 11:00:00,Tunja,salones,11,3,2.7454,2.3474517,0.3979482999999999,16.952353055869047,1.1695235305586904,moderada,consumo_pico_excesivo
2025-01-16 12:00:00,Sogamoso,salones,12,3,1.3309,1.0376555,0.2932444999999999,28.2602944811645,1.282602944811645,moderada,consumo_fuera_patron
2025-01-16 14:00:00,Duitama,salones,14,3,6.8575,5.878374,0.9791259999999999,16.656408727991785,1.166564087279918,moderada,consumo_pico_excesivo
2025-01-16 16:00:00,Tunja,comedor,16,3,0.5696,0.4773718,0.09222819999999998,19.319993346904862,1.1931999334690486,moderada,consumo_pico_excesivo
2025-01-16 17:00:00,Sogamoso,comedor,17,3,1.0953,0.83277714,0.2625228599999999,31.52378318165649,1.315237831816565,critica,consumo_pico_excesivo
2025-01-16 17:00:00,Tunja,comedor,17,3,0.5727,0.4858628,0.0868372,17.87278219283304,1.1787278219283304,moderada,consumo_pico_excesivo
2025-01-16 18:00:00,Duitama,salones,18,3,2.9549,2.5079472,0.44695280000000004,17.82145971813123,1.1782145971813123,moderada,consumo_fuera_patron
2025-01-16 18:00:00,Tunja,oficinas,18,3,0.9741,0.7848342,0.18926579999999993,24.115386409002042,1.2411538640900204,moderada,consumo_fuera_patron
2025-01-16 19:00:00,Duitama,oficinas,19,3,1.9203,1.575008,0.34529199999999993,21.923190231414694,1.219231902314147,moderada,consumo_fuera_patron
2025-01-16 19:00:00,Tunja,oficinas,19,3,0.9058,0.7278347,0.1779653000000001,24.451334897882738,1.2445133489788274,moderada,consumo_fuera_patron
2025-01-16 20:00:00,Tunja,laboratorios,20,3,2.1426,1.799312,0.3432879999999998,19.078847915203134,1.1907884791520313,moderada,consumo_fuera_patron
2025-01-17 06:00:00,Tunja,laboratorios,6,4,4.564168273403197,2.449894,2.1142742734031974,86.30064294223331,1.8630064294223332,critica,consumo_nocturno_alto
2025-01-17 07:00:00,Duitama,comedor,7,4,0.7223,0.6137143,0.10858570000000001,17.693200239916195,1.1769320023991618,moderada,consumo_pico_excesivo
2025-01-17 07:00:00,Sogamoso,comedor,7,4,0.7287,0.55999243,0.16870757000000003,30.126759034939106,1.301267590349391,critica,consumo_pico_excesivo
2025-01-17 08:00:00,Chiquinquirá,laboratorios,8,4,1.7049,1.4223387,0.2825613,19.865964414804996,1.19865964414805,moderada,consumo_pico_excesivo
2025-01-17 09:00:00,Chiquinquirá,oficinas,9,4,2.6916,2.3125937,0.37900630000000035,16.38879756526191,1.163887975652619,moderada,consumo_pico_excesivo
2025-01-17 10:00:00,Sogamoso,comedor,10,4,0.7927,0.6561818,0.13651819999999992,20.804935461483375,1.2080493546148336,moderada,consumo_pico_excesivo
2025-01-17 12:00:00,Duitama,salones,12,4,1.455,1.2389617,0.21603830000000013,17.437044260528808,1.1743704426052881,moderada,consumo_fuera_patron
2025-01-17 13:00:00,Sogamoso,oficinas,13,4,3.4337,2.8572912,0.5764087999999998,20.17326060430942,1.2017326060430942,moderada,consumo_fuera_patron
2025-01-17 15:00:00,Sogamoso,laboratorios,15,4,7.6257,6.4796395,1.1460605,17.687102808728785,1.1768710280872878,moderada,consumo_pico_excesivo
2025-01-17 15:00:00,Tunja,salones,15,4,0.8136,0.5844095,0.22919049999999996,39.21744940833439,1.3921744940833438,critica,consumo_pico_excesivo
2025-01-17 15:00:00,Tunja,oficinas,15,4,1.8526,1.2942488,0.5583511999999999,43.140947861029495,1.4314094786102949,critica,consumo_pico_excesivo
2025-01-17 16:00:00,Sogamoso,salones,16,4,3.3035,2.8456328,0.4578671999999999,16.09017157800542,1.1609017157800543,moderada,consumo_pico_excesivo
2025-01-17 17:00:00,Chiquinquirá,oficinas,17,4,1.6304,1.3957317,0.23466830000000005,16.813281521083173,1.1681328152108317,moderada,consumo_pico_excesivo
2025-01-17 17:00:00,Duitama,comedor,17,4,1.03,0.87709075,0.15290925,17.433686308970877,1.1743368630897089,moderada,consumo_pico_excesivo
2025-01-17 17:00:00,Duitama,oficinas,17,4,3.8507,3.1101894,0.7405105999999999,23.809180238348183,1.238091802383482,moderada,consumo_pico_excesivo
2025-01-17 17:00:00,Sogamoso,comedor,17,4,0.9848,0.8087145,0.1760855,21.773505977696704,1.217735059776967,moderada,consumo_pico_excesivo
2025-01-17 17:00:00,Tunja,comedor,17,4,0.5771,0.47389206,0.10320793999999994,21.778786502563463,1.2177878650256346,moderada,consumo_pico_excesivo
2025-01-17 18:00:00,Tunja,oficinas,18,4,0.9126,0.77431667,0.13828332999999993,17.858756676386665,1.1785875667638668,moderada,consumo_fuera_patron
2025-01-17 19:00:00,Chiquinquirá,oficinas,19,4,0.9979,0.78492886,0.21297114000000006,27.13254039353325,1.2713254039353326,moderada,consumo_fuera_patron
2025-01-17 19:00:00,Duitama,oficinas,19,4,2.0849,1.6761802,0.4087198000000003,24.384001195098257,1.2438400119509825,moderada,consumo_fuera_patron
2025-01-17 20:00:00,Duitama,oficinas,20,4,0.7158,0.6066807,0.10911930000000003,17.98628174590028,1.179862817459003,moderada,consumo_fuera_patron
2025-01-17 20:00:00,Sogamoso,oficinas,20,4,0.695,0.5674851,0.1275149,22.470175868934707,1.2247017586893472,moderada,consumo_fuera_patron
2025-01-18 07:00:00,Chiquinquirá,salones,7,5,2.1807,1.881307,0.2993929999999998,15.914095891845392,1.1591409589184538,moderada,consumo_fin_semana_alto
2025-01-18 08:00:00,Chiquinquirá,laboratorios,8,5,1.3366,1.1396637,0.19693629999999995,17.28021169753849,1.1728021169753848,moderada,consumo_fin_semana_alto
2025-01-18 09:00:00,Chiquinquirá,oficinas,9,5,1.0405,0.84346,0.19704,23.36091812296967,1.2336091812296968,moderada,consumo_fin_semana_alto
2025-01-18 09:00:00,Tunja,salones,9,5,1.8382,1.444709,0.39349100000000004,27.236696109735597,1.272366961097356,moderada,consumo_fin_semana_alto
2025-01-18 10:00:00,Duitama,oficinas,10,5,2.307,1.8753077,0.4316922999999999,23.019811628779635,1.2301981162877964,moderada,consumo_fin_semana_alto
2025-01-18 12:00:00,Duitama,oficinas,12,5,2.3724,1.9817606,0.39063939999999975,19.711735110688934,1.1971173511068893,moderada,consumo_fin_semana_alto
2025-01-18 12:00:00,Sogamoso,salones,12,5,3.733,2.0024266,1.7305734,86.42381198891384,1.8642381198891385,critica,consumo_fin_semana_alto
2025-01-18 12:00:00,Tunja,oficinas,12,5,1.0827,0.90007776,0.18262224000000005,20.28960697795711,1.2028960697795712,moderada,consumo_fin_semana_alto
2025-01-18 13:00:00,Tunja,comedor,13,5,0.7159,0.5967442,0.11915580000000003,19.96765113092009,1.199676511309201,moderada,consumo_fin_semana_alto
2025-01-18 14:00:00,Chiquinquirá,laboratorios,14,5,0.5235,0.4344717,0.08902829999999995,20.491162025052482,1.2049116202505248,moderada,consumo_fin_semana_alto
2025-01-19 13:00:00,Sogamoso,oficinas,13,6,0.7195,0.60454947,0.11495053,19.014247088827982,1.1901424708882797,moderada,consumo_fin_semana_alto
2025-01-19 14:00:00,Chiquinquirá,laboratorios,14,6,0.5412,0.467308,0.07389200000000001,15.812269424020133,1.1581226942402014,moderada,consumo_fin_semana_alto
2025-01-19 15:00:00,Duitama,oficinas,15,6,0.7468,0.6326169,0.11418309999999998,18.04932811627384,1.1804932811627384,moderada,consumo_fin_semana_alto
2025-01-20 07:00:00,Chiquinquirá,laboratorios,7,0,1.9251,1.6127716,0.31232839999999995,19.36594121573073,1.1936594121573072,moderada,consumo_pico_excesivo
2025-01-20 07:00:00,Duitama,oficinas,7,0,5.9008,5.0813584,0.8194416000000002,16.126427925257154,1.1612642792525716,moderada,consumo_pico_excesivo
2025-01-20 07:00:00,Sogamoso,laboratorios,7,0,9.0381,7.3422327,1.6958672999999997,23.0974332916471,1.230974332916471,moderada,consumo_pico_excesivo
2025-01-20 08:00:00,Tunja,oficinas,8,0,2.8614,2.381277,0.4801230000000003,20.16241705605859,1.201624170560586,moderada,consumo_pico_excesivo
2025-01-20 10:00:00,Chiquinquirá,salones,10,0,3.4747,2.94922,0.52548,17.817592448172736,1.1781759244817274,moderada,consumo_pico_excesivo
2025-01-20 10:00:00,Sogamoso,comedor,10,0,0.8157,0.7052895,0.11041049999999997,15.654635436937593,1.156546354369376,moderada,consumo_pico_excesivo
2025-01-20 11:00:00,Tunja,oficinas,11,0,2.6729,2.2980964,0.3748035999999999,16.30930712915263,1.1630930712915264,moderada,consumo_pico_excesivo
2025-01-20 12:00:00,Chiquinquirá,salones,12,0,0.6317,0.5337191,0.09798090000000004,18.35814007780498,1.1835814007780499,moderada,consumo_fuera_patron
2025-01-20 12:00:00,Duitama,comedor,12,0,2.677,2.137854,0.5391460000000001,25.219028053365673,1.2521902805336567,moderada,consumo_fuera_patron
2025-01-20 13:00:00,Chiquinquirá,oficinas,13,0,1.5274,1.3067257,0.2206743,16.887576329140842,1.1688757632914084,moderada,consumo_fuera_patron
2025-01-20 13:00:00,Sogamoso,salones,13,0,1.175,0.88712937,0.28787063,32.44967867538869,1.3244967867538868,critica,consumo_fuera_patron
2025-01-20 13:00:00,Tunja,salones,13,0,0.5221,0.42098072,0.10111928000000003,24.019931364077678,1.2401993136407767,moderada,consumo_fuera_patron
2025-01-20 16:00:00,Tunja,comedor,16,0,0.6003,0.5040492,0.09625079999999997,19.095516866210673,1.1909551686621067,moderada,consumo_pico_excesivo
2025-01-20 17:00:00,Sogamoso,oficinas,17,0,5.2896,4.5696864,0.7199135999999999,15.754113892804547,1.1575411389280454,moderada,consumo_pico_excesivo
2025-01-20 23:00:00,Tunja,laboratorios,23,0,4.756908013084643,1.9895113,2.7673967130846426,139.0993211792586,2.390993211792586,critica,consumo_fuera_patron
2025-01-21 06:00:00,Sogamoso,laboratorios,6,1,11.35415740644122,9.800964,1.5531934064412187,15.84735344850995,1.1584735344850996,moderada,consumo_nocturno_alto
2025-01-21 09:00:00,Duitama,oficinas,9,1,6.126,5.270504,0.8554960000000005,16.231768347011986,1.1623176834701199,moderada,consumo_pico_excesivo
2025-01-21 10:00:00,Sogamoso,comedor,10,1,0.8022,0.67080307,0.13139693000000008,19.588003674461433,1.1958800367446143,moderada,consumo_pico_excesivo
2025-01-21 12:00:00,Chiquinquirá,comedor,12,1,0.6462,0.42310622,0.22309378000000002,52.72760584800669,1.5272760584800669,critica,consumo_fuera_patron
2025-01-21 12:00:00,Sogamoso,laboratorios,12,1,4.4954,3.2266033,1.2687967000000002,39.3229840185188,1.393229840185188,critica,consumo_fuera_patron
2025-01-21 12:00:00,Sogamoso,oficinas,12,1,2.6493,2.1977232,0.4515768000000002,20.54748295872748,1.2054748295872748,moderada,consumo_fuera_patron
2025-01-21 13:00:00,Chiquinquirá,comedor,13,1,0.8453,0.69265,0.15265000000000006,22.03854760701654,1.2203854760701653,moderada,consumo_fuera_patron
2025-01-21 13:00:00,Duitama,salones,13,1,1.3789,1.0425776,0.3363224,32.258740260677,1.32258740260677,critica,consumo_fuera_patron
2025-01-21 14:00:00,Tunja,salones,14,1,2.3049,1.9108723,0.39402769999999987,20.62030518732203,1.2062030518732203,moderada,consumo_pico_excesivo
2025-01-21 15:00:00,Chiquinquirá,salones,15,1,3.228,2.7850947,0.44290530000000006,15.902701620882048,1.1590270162088205,moderada,consumo_pico_excesivo
2025-01-21 15:00:00,Duitama,salones,15,1,6.588,5.620203,0.967797,17.219965186310887,1.1721996518631088,moderada,consumo_pico_excesivo
2025-01-21 15:00:00,Tunja,salones,15,1,2.5757,2.222767,0.3529329999999997,15.878092485627135,1.1587809248562713,moderada,consumo_pico_excesivo
2025-01-21 17:00:00,Sogamoso,salones,17,1,6.0895,5.1181526,0.9713474,18.978476726153104,1.189784767261531,moderada,consumo_pico_excesivo
2025-01-21 19:00:00,Tunja,oficinas,19,1,1.0102,0.84873754,0.16146245999999997,19.02383862978418,1.1902383862978418,moderada,consumo_fuera_patron
2025-01-21 20:00:00,Duitama,oficinas,20,1,0.6824,0.5828785,0.09952150000000004,17.074141523490752,1.1707414152349076,moderada,consumo_fuera_patron
2025-01-21 20:00:00,Sogamoso,oficinas,20,1,0.6488,0.5558146,0.0929854,16.72957133547769,1.167295713354777,moderada,consumo_fuera_patron
2025-01-22 07:00:00,Tunja,oficinas,7,2,2.6809,2.2470012,0.4338987999999997,19.310127649242006,1.19310127649242,moderada,consumo_pico_excesivo
2025-01-22 11:00:00,Sogamoso,laboratorios,11,2,8.4572,7.270164,1.187036,16.327499627243622,1.1632749962724362,moderada,consumo_pico_excesivo
2025-01-22 12:00:00,Chiquinquirá,laboratorios,12,2,0.8617,0.7284979,0.1332021,18.284486475527242,1.1828448647552725,moderada,consumo_fuera_patron
2025-01-22 12:00:00,Sogamoso,oficinas,12,2,3.3698,2.8046644,0.5651356000000001,20.149847518298447,1.2014984751829845,moderada,consumo_fuera_patron
2025-01-22 13:00:00,Chiquinquirá,comedor,13,2,0.8346,0.70220023,0.13239977000000003,18.854988127816483,1.1885498812781647,moderada,consumo_fuera_patron
2025-01-22 13:00:00,Chiquinquirá,salones,13,2,0.6203,0.5271583,0.0931417,17.668639571832596,1.176686395718326,moderada,consumo_fuera_patron
2025-01-22 14:00:00,Sogamoso,salones,14,2,6.1083,5.1906476,0.9176523999999997,17.678957824068036,1.1767895782406803,moderada,consumo_pico_excesivo
2025-01-22 14:00:00,Tunja,salones,14,2,2.6925,2.2548203,0.4376796999999999,19.410846176965848,1.1941084617696585,moderada,consumo_pico_excesivo
2025-01-22 17:00:00,Chiquinquirá,salones,17,2,3.2758,2.8225963,0.4532037,16.056270604478577,1.1605627060447858,moderada,consumo_pico_excesivo
2025-01-22 17:00:00,Sogamoso,comedor,17,2,0.9355,0.8027496,0.13275040000000005,16.536962460024903,1.165369624600249,moderada,consumo_pico_excesivo
2025-01-22 19:00:00,Tunja,salones,19,2,0.7914,0.62657285,0.16482715000000003,26.30614301273987,1.2630614301273986,moderada,consumo_fuera_patron
2025-01-22 19:00:00,Tunja,laboratorios,19,2,2.0889,1.7803222,0.3085778000000001,17.33269404830205,1.1733269404830204,moderada,consumo_fuera_patron
2025-01-22 19:00:00,Tunja,oficinas,19,2,0.7679,0.6473544,0.12054560000000003,18.62126835007224,1.1862126835007223,moderada,consumo_fuera_patron
2025-01-22 20:00:00,Chiquinquirá,salones,20,2,1.1025,0.85253656,0.24996344000000004,29.31996722815031,1.2931996722815031,moderada,consumo_fuera_patron
2025-01-22 20:00:00,Duitama,oficinas,20,2,0.7248,0.5970342,0.12776580000000004,21.40008059839789,1.2140008059839789,moderada,consumo_fuera_patron
2025-01-22 20:00:00,Sogamoso,salones,20,2,2.1851,1.5003432,0.6847567999999997,45.640010898839655,1.4564001089883967,critica,consumo_fuera_patron
2025-01-22 20:00:00,Tunja,salones,20,2,1.1489,0.90283996,0.24606004000000004,27.254004131584963,1.2725400413158496,moderada,consumo_fuera_patron
2025-01-23 07:00:00,Sogamoso,comedor,7,3,0.7467,0.64734775,0.09935225000000003,15.34758559058868,1.1534758559058869,moderada,consumo_pico_excesivo
2025-01-23 08:00:00,Sogamoso,comedor,8,3,0.7298,0.57914007,0.15065993,26.01441996579515,1.2601441996579514,moderada,consumo_pico_excesivo
2025-01-23 08:00:00,Tunja,oficinas,8,3,2.7554,2.375333,0.38006699999999993,16.00057760322447,1.1600057760322446,moderada,consumo_pico_excesivo
2025-01-23 09:00:00,Tunja,comedor,9,3,0.5048,0.3577348,0.1470652,41.11011844528405,1.4111011844528405,critica,consumo_pico_excesivo
2025-01-23 10:00:00,Chiquinquirá,laboratorios,10,3,1.6388,1.4196277,0.2191723000000001,15.438716784689403,1.154387167846894,moderada,consumo_pico_excesivo
2025-01-23 10:00:00,Duitama,comedor,10,3,0.8305,0.6939355,0.13656449999999998,19.679710866499835,1.1967971086649984,moderada,consumo_pico_excesivo
2025-01-23 12:00:00,Chiquinquirá,salones,12,3,0.5849,0.48495346,0.09994653999999997,20.60951168386343,1.2060951168386342,moderada,consumo_fuera_patron
2025-01-23 13:00:00,Chiquinquirá,salones,13,3,0.6668,0.5534268,0.11337319999999995,20.485672179229475,1.2048567217922947,moderada,consumo_fuera_patron
2025-01-23 13:00:00,Sogamoso,comedor,13,3,2.5049,2.1238422,0.3810578000000002,17.941907360160762,1.1794190736016077,moderada,consumo_fuera_patron
2025-01-23 16:00:00,Sogamoso,comedor,16,3,1.0057,0.8628605,0.1428395,16.554182280913313,1.1655418228091332,moderada,consumo_pico_excesivo
2025-01-23 18:00:00,Sogamoso,oficinas,18,3,1.7867,1.4174101,0.36928990000000006,26.053849905542513,1.2605384990554251,moderada,consumo_fuera_patron
2025-01-23 19:00:00,Duitama,oficinas,19,3,1.8156,1.5771939,0.23840610000000018,15.115839593343608,1.1511583959334362,moderada,consumo_fuera_patron
2025-01-23 20:00:00,Tunja,salones,20,3,1.1385,0.91429496,0.22420504000000008,24.52217826947226,1.2452217826947225,moderada,consumo_fuera_patron
2025-01-24 10:00:00,Sogamoso,comedor,10,4,0.8775,0.6599361,0.21756389999999992,32.96741911830553,1.3296741911830554,critica,consumo_pico_excesivo
2025-01-24 10:00:00,Tunja,laboratorios,10,4,3.3572,2.8975596,0.45964040000000006,15.863017968638163,1.1586301796863816,moderada,consumo_pico_excesivo
2025-01-24 11:00:00,Sogamoso,laboratorios,11,4,8.9831,7.577552,1.4055480000000005,18.548840047550982,1.1854884004755097,moderada,consumo_pico_excesivo
2025-01-24 12:00:00,Duitama,oficinas,12,4,3.8105,3.3130598,0.4974402000000002,15.014525243401891,1.150145252434019,moderada,consumo_fuera_patron
2025-01-24 12:00:00,Sogamoso,oficinas,12,4,3.4589,2.9062145,0.5526854999999999,19.017367782040864,1.1901736778204086,moderada,consumo_fuera_patron
2025-01-24 12:00:00,Tunja,oficinas,12,4,1.7524,1.490167,0.26223299999999994,17.597557857609246,1.1759755785760924,moderada,consumo_fuera_patron
2025-01-24 13:00:00,Chiquinquirá,salones,13,4,0.6978,0.4948536,0.20294639999999997,41.01140216015403,1.4101140216015402,critica,consumo_fuera_patron
2025-01-24 13:00:00,Sogamoso,comedor,13,4,2.1824,1.2109876,0.9714124,80.21654391836877,1.8021654391836877,critica,consumo_fuera_patron
2025-01-24 15:00:00,Chiquinquirá,salones,15,4,0.9676,0.83113366,0.13646634000000002,16.419301319116354,1.1641930131911635,moderada,consumo_pico_excesivo
2025-01-24 16:00:00,Duitama,comedor,16,4,1.1803,0.9546437,0.22565629999999992,23.637750922150317,1.2363775092215032,moderada,consumo_pico_excesivo
2025-01-24 16:00:00,Tunja,comedor,16,4,0.6296,0.47156033,0.15803967000000002,33.514199551094556,1.3351419955109456,critica,consumo_pico_excesivo
2025-01-24 17:00:00,Chiquinquirá,salones,17,4,1.5474,1.295744,0.2516560000000001,19.421737627185625,1.1942173762718562,moderada,consumo_pico_excesivo
2025-01-24 18:00:00,Sogamoso,salones,18,4,1.6789,1.4522494,0.22665060000000015,15.606864771298937,1.1560686477129893,moderada,consumo_fuera_patron
2025-01-24 19:00:00,Chiquinquirá,oficinas,19,4,0.9412,0.690139,0.2510610000000001,36.378323786947284,1.3637832378694728,critica,consumo_fuera_patron
2025-01-24 19:00:00,Sogamoso,oficinas,19,4,1.9424,1.4451436,0.49725639999999993,34.408788164719404,1.344087881647194,critica,consumo_fuera_patron
2025-01-24 19:00:00,Tunja,salones,19,4,1.0929,0.86993766,0.22296234000000004,25.629691672389498,1.2562969167238949,moderada,consumo_fuera_patron
2025-01-24 20:00:00,Duitama,salones,20,4,2.2519,1.7606208,0.4912791999999999,27.90374849598505,1.2790374849598505,moderada,consumo_fuera_patron
2025-01-24 20:00:00,Tunja,salones,20,4,1.0473,0.6355583,0.4117416999999999,64.78425346659778,1.6478425346659777,critica,consumo_fuera_patron
2025-01-24 20:00:00,Tunja,laboratorios,20,4,2.1141,1.6870382,0.42706180000000016,25.314293416711024,1.2531429341671103,moderada,consumo_fuera_patron
2025-01-25 01:00:00,Chiquinquirá,laboratorios,1,5,1.9521076198505265,0.8418138,1.1102938198505266,131.89304093738147,2.318930409373815,critica,consumo_nocturno_alto
2025-01-25 07:00:00,Duitama,salones,7,5,4.4717,3.870691,0.6010090000000003,15.527175897016848,1.1552717589701684,moderada,consumo_fin_semana_alto
2025-01-25 07:00:00,Sogamoso,laboratorios,7,5,6.7685,5.811482,0.9570180000000006,16.46770995763216,1.1646770995763216,moderada,consumo_fin_semana_alto
2025-01-25 08:00:00,Tunja,salones,8,5,1.8378,1.4992553,0.33854470000000014,22.580857309625664,1.2258085730962567,moderada,consumo_fin_semana_alto
2025-01-25 09:00:00,Tunja,salones,9,5,1.4029,1.1014758,0.30142420000000003,27.365485469585444,1.2736548546958544,moderada,consumo_fin_semana_alto
2025-01-25 10:00:00,Duitama,oficinas,10,5,2.2674,1.7547323,0.5126677,29.216291282721585,1.2921629128272158,moderada,consumo_fin_semana_alto
2025-01-25 10:00:00,Sogamoso,oficinas,10,5,2.3308,1.7638781,0.5669219000000001,32.140650762657586,1.3214065076265757,critica,consumo_fin_semana_alto
2025-01-25 13:00:00,Duitama,comedor,13,5,1.4122,0.860296,0.551904,64.15280322121689,1.6415280322121688,critica,consumo_fin_semana_alto
2025-01-25 13:00:00,Tunja,comedor,13,5,0.6801,0.5050767,0.1750233,34.65281609704031,1.346528160970403,critica,consumo_fin_semana_alto
2025-01-25 14:00:00,Sogamoso,oficinas,14,5,0.7174,0.6077673,0.10963270000000003,18.038597996305498,1.180385979963055,moderada,consumo_fin_semana_alto
2025-01-26 07:00:00,Duitama,oficinas,7,6,0.7395,0.6270893,0.11241070000000009,17.925788241004923,1.1792578824100493,moderada,consumo_fin_semana_alto
2025-01-27 08:00:00,Chiquinquirá,oficinas,8,0,2.6277,2.1852539,0.44244609999999973,20.246896710720875,1.2024689671072089,moderada,consumo_pico_excesivo
2025-01-27 10:00:00,Duitama,comedor,10,0,0.8041,0.6971491,0.10695090000000007,15.34118024393922,1.1534118024393922,moderada,consumo_pico_excesivo
2025-01-27 10:00:00,Tunja,salones,10,0,2.4561,2.1208029,0.3352971,15.80991331160477,1.1580991331160477,moderada,consumo_pico_excesivo
2025-01-27 10:00:00,Tunja,salones,10,0,2.4561,2.1208029,0.3352971,15.80991331160477,1.1580991331160477,moderada,consumo_pico_excesivo
2025-01-27 14:00:00,Duitama,oficinas,14,0,5.4076,4.602897,0.8047030000000008,17.482533282843413,1.1748253328284342,moderada,consumo_pico_excesivo
2025-01-27 16:00:00,Duitama,salones,16,0,6.8525,5.8213186,1.0311814000000004,17.713880150796083,1.177138801507961,moderada,consumo_pico_excesivo
2025-01-27 17:00:00,Sogamoso,comedor,17,0,1.0707,0.8887358,0.18196420000000002,20.474498720542147,1.2047449872054214,moderada,consumo_pico_excesivo
2025-01-27 18:00:00,Sogamoso,oficinas,18,0,2.0357,1.531206,0.5044939999999998,32.947493674920274,1.3294749367492027,critica,consumo_fuera_patron
2025-01-27 18:00:00,Tunja,salones,18,0,1.101,0.9412454,0.15975459999999997,16.972683213113175,1.1697268321311318,moderada,consumo_fuera_patron
2025-01-27 18:00:00,Tunja,oficinas,18,0,0.826,0.713465,0.11253499999999994,15.773023203661,1.15773023203661,moderada,consumo_fuera_patron
2025-01-27 20:00:00,Chiquinquirá,laboratorios,20,0,1.125,0.93346,0.19154000000000004,20.519358087116753,1.2051935808711676,moderada,consumo_fuera_patron
2025-01-27 20:00:00,Tunja,salones,20,0,1.0937,0.8911717,0.20252829999999988,22.726069510510698,1.227260695105107,moderada,consumo_fuera_patron
2025-01-28 07:00:00,Duitama,comedor,7,1,0.7076,0.59719497,0.11040503000000002,18.487267232006328,1.1848726723200633,moderada,consumo_pico_excesivo
2025-01-28 08:00:00,Duitama,oficinas,8,1,6.0614,5.1348214,0.9265786,18.04500152624588,1.1804500152624589,moderada,consumo_pico_excesivo
2025-01-28 09:00:00,Duitama,comedor,9,1,0.878,0.7474414,0.13055859999999997,17.467402795724183,1.1746740279572419,moderada,consumo_pico_excesivo
2025-01-28 11:00:00,Sogamoso,laboratorios,11,1,8.9822,7.4313393,1.5508607000000003,20.86919513956253,1.2086919513956254,moderada,consumo_pico_excesivo
2025-01-28 13:00:00,Chiquinquirá,comedor,13,1,0.7057,0.5003932,0.2053068,41.029094719912266,1.4102909471991227,critica,consumo_fuera_patron
2025-01-28 14:00:00,Duitama,salones,14,1,6.8262,5.807149,1.0190510000000002,17.548215139649425,1.1754821513964941,moderada,consumo_pico_excesivo
2025-01-28 14:00:00,Tunja,salones,14,1,2.4541,1.9961907,0.45790929999999985,22.93915606359652,1.229391560635965,moderada,consumo_pico_excesivo
2025-01-28 16:00:00,Chiquinquirá,laboratorios,16,1,1.6334,1.3932532,0.2401468,17.236407567554842,1.1723640756755485,moderada,consumo_pico_excesivo
2025-01-28 17:00:00,Sogamoso,comedor,17,1,1.0139,0.8740272,0.13987280000000002,16.003254818614344,1.1600325481861433,moderada,consumo_pico_excesivo
2025-01-28 17:00:00,Tunja,comedor,17,1,0.5886,0.45870993,0.12989007000000002,28.316385040977863,1.2831638504097787,moderada,consumo_pico_excesivo
2025-01-28 19:00:00,Duitama,laboratorios,19,1,5.4296,4.6490693,0.7805306999999999,16.78896677233871,1.1678896677233872,moderada,consumo_fuera_patron
2025-01-28 20:00:00,Tunja,salones,20,1,0.8355,0.6970604,0.1384396,19.86048841678569,1.198604884167857,moderada,consumo_fuera_patron
2025-01-29 10:00:00,Duitama,comedor,10,2,0.8503,0.68535817,0.16494182999999996,24.066515468838716,1.2406651546883871,moderada,consumo_pico_excesivo
2025-01-29 10:00:00,Duitama,laboratorios,10,2,8.316,7.1751685,1.1408315000000009,15.89971719827905,1.1589971719827905,moderada,consumo_pico_excesivo
2025-01-29 12:00:00,Chiquinquirá,salones,12,2,0.7045,0.5315307,0.1729693,32.54173277291415,1.3254173277291414,critica,consumo_fuera_patron
2025-01-29 12:00:00,Chiquinquirá,laboratorios,12,2,0.8543,0.7282924,0.1260076,17.301787029495298,1.173017870294953,moderada,consumo_fuera_patron
2025-01-29 12:00:00,Tunja,comedor,12,2,1.2737,1.0338537,0.23984629999999996,23.19924956500131,1.231992495650013,moderada,consumo_fuera_patron
2025-01-29 13:00:00,Chiquinquirá,oficinas,13,2,1.5897,1.3623114,0.22738859999999983,16.691382014420476,1.1669138201442049,moderada,consumo_fuera_patron
2025-01-29 16:00:00,Chiquinquirá,laboratorios,16,2,1.7753,1.3912541,0.38404590000000005,27.604296008903052,1.2760429600890304,moderada,consumo_pico_excesivo
2025-01-29 16:00:00,Tunja,salones,16,2,2.5932,2.2021363,0.3910637000000001,17.758378534516694,1.177583785345167,moderada,consumo_pico_excesivo
2025-01-29 18:00:00,Sogamoso,salones,18,2,2.6461,2.2098541,0.4362459000000003,19.740936743289993,1.1974093674328998,moderada,consumo_fuera_patron
2025-01-29 18:00:00,Sogamoso,oficinas,18,2,1.9137,1.6358829,0.27781710000000004,16.982700901146412,1.1698270090114642,moderada,consumo_fuera_patron
2025-01-29 18:00:00,Tunja,salones,18,2,1.1425,0.9410787,0.20142130000000003,21.40323651996374,1.2140323651996374,moderada,consumo_fuera_patron
2025-01-30 09:00:00,Sogamoso,oficinas,9,3,5.5828,4.572708,1.0100919999999993,22.089580178747457,1.2208958017874745,moderada,consumo_pico_excesivo
2025-01-30 11:00:00,Duitama,salones,11,3,7.0011,5.790799,1.2103010000000003,20.900414605998247,1.2090041460599825,moderada,consumo_pico_excesivo
2025-01-30 12:00:00,Chiquinquirá,laboratorios,12,3,0.9737,0.72722423,0.24647576999999998,33.892678465897646,1.3389267846589765,critica,consumo_fuera_patron
2025-01-30 13:00:00,Chiquinquirá,oficinas,13,3,1.543,1.237012,0.3059879999999999,24.736057532182382,1.2473605753218238,moderada,consumo_fuera_patron
2025-01-30 13:00:00,Duitama,salones,13,3,1.3934,1.1865534,0.2068466,17.43255718621682,1.1743255718621681,moderada,consumo_fuera_patron
2025-01-30 13:00:00,Sogamoso,oficinas,13,3,3.3152,2.563606,0.7515939999999999,29.317843693609696,1.293178436936097,moderada,consumo_fuera_patron
2025-01-30 13:00:00,Tunja,oficinas,13,3,1.2702,1.0441085,0.2260914999999999,21.654023504262234,1.2165402350426224,moderada,consumo_fuera_patron
2025-01-30 14:00:00,Tunja,oficinas,14,3,2.697,2.212272,0.48472800000000005,21.910868103018075,1.2191086810301808,moderada,consumo_pico_excesivo
2025-01-30 15:00:00,Duitama,laboratorios,15,3,7.8081,6.5992565,1.2088434999999995,18.317874142337086,1.183178741423371,moderada,consumo_pico_excesivo
2025-01-30 16:00:00,Tunja,comedor,16,3,0.6053,0.52585685,0.0794431499999999,15.107371901687674,1.1510737190168767,moderada,consumo_pico_excesivo
2025-01-30 17:00:00,Tunja,comedor,17,3,0.6539,0.48642924,0.16747076000000005,34.428596438816065,1.3442859643881606,critica,consumo_pico_excesivo
2025-01-30 18:00:00,Sogamoso,oficinas,18,3,2.058,1.6432542,0.4147457999999997,25.239296512980143,1.2523929651298014,moderada,consumo_fuera_patron
2025-01-30 19:00:00,Sogamoso,oficinas,19,3,1.8956,1.3858347,0.5097653,36.78399018295616,1.3678399018295617,critica,consumo_fuera_patron
2025-01-30 19:00:00,Tunja,salones,19,3,1.1433,0.93319035,0.21010965000000004,22.515197462125496,1.225151974621255,moderada,consumo_fuera_patron
2025-01-30 19:00:00,Tunja,oficinas,19,3,0.9497,0.8076904,0.14200959999999996,17.58218247982147,1.1758218247982146,moderada,consumo_fuera_patron
2025-01-31 07:00:00,Sogamoso,salones,7,4,6.2635,5.169831,1.0936689999999993,21.15483078653827,1.2115483078653826,moderada,consumo_pico_excesivo
2025-01-31 09:00:00,Duitama,comedor,9,4,0.9063,0.7773069,0.12899309999999997,16.594873916595873,1.1659487391659586,moderada,consumo_pico_excesivo
2025-01-31 10:00:00,Duitama,comedor,10,4,0.8353,0.72376055,0.1115394500000001,15.41109832526795,1.1541109832526795,moderada,consumo_pico_excesivo
2025-01-31 12:00:00,Duitama,salones,12,4,1.3465,1.1034424,0.24305759999999998,22.027212294905468,1.2202721229490547,moderada,consumo_fuera_patron
2025-01-31 13:00:00,Duitama,salones,13,4,1.4987,1.2683455,0.23035450000000002,18.161810011546542,1.1816181001154653,moderada,consumo_fuera_patron
2025-01-31 14:00:00,Chiquinquirá,salones,14,4,1.2096,1.0283648,0.18123519999999993,17.623629280193168,1.1762362928019316,moderada,consumo_pico_excesivo
2025-01-31 14:00:00,Sogamoso,salones,14,4,3.3889,2.310326,1.0785740000000001,46.68492671596996,1.4668492671596995,critica,consumo_pico_excesivo
2025-01-31 16:00:00,Chiquinquirá,laboratorios,16,4,1.8245,1.5720774,0.25242260000000005,16.05662672842953,1.1605662672842953,moderada,consumo_pico_excesivo
2025-01-31 16:00:00,Duitama,laboratorios,16,4,8.3918,7.2806544,1.1111455999999995,15.26161714254696,1.1526161714254697,moderada,consumo_pico_excesivo
2025-01-31 16:00:00,Sogamoso,salones,16,4,3.1406,2.4643934,0.6762066,27.439068778548098,1.274390687785481,moderada,consumo_pico_excesivo
2025-01-31 17:00:00,Duitama,comedor,17,4,1.1283,0.96073025,0.16756975000000007,17.441914626920518,1.1744191462692053,moderada,consumo_pico_excesivo
2025-01-31 18:00:00,Tunja,laboratorios,18,4,2.2352,1.8678565,0.3673434999999998,19.666580382379472,1.1966658038237947,moderada,consumo_fuera_patron
2025-01-31 19:00:00,Chiquinquirá,salones,19,4,1.4009,1.1678716,0.23302840000000002,19.953255135239186,1.1995325513523918,moderada,consumo_fuera_patron
2025-01-31 19:00:00,Duitama,oficinas,19,4,1.7774,1.5323011,0.24509890000000012,15.99547895645315,1.1599547895645315,moderada,consumo_fuera_patron
2025-01-31 19:00:00,Sogamoso,oficinas,19,4,1.267,1.05615,0.21084999999999998,19.96402026227335,1.1996402026227335,moderada,consumo_fuera_patron
2025-01-31 19:00:00,Tunja,salones,19,4,1.1278,0.94187176,0.18592823999999997,19.740292457648373,1.1974029245764837,moderada,consumo_fuera_patron
2025-01-31 19:00:00,Tunja,oficinas,19,4,0.9279,0.78649765,0.1414023499999999,17.97873776228065,1.1797873776228065,moderada,consumo_fuera_patron
2025-01-31 20:00:00,Chiquinquirá,salones,20,4,1.2835,1.0921345,0.19136550000000008,17.52215500929602,1.1752215500929601,moderada,consumo_fuera_patron
2025-01-31 20:00:00,Sogamoso,oficinas,20,4,0.6771,0.56617117,0.11092883000000009,19.592807948875265,1.1959280794887526,moderada,consumo_fuera_patron
2025-01-31 20:00:00,Tunja,salones,20,4,1.0581,0.834637,0.22346300000000008,26.773675262419484,1.2677367526241947,moderada,consumo_fuera_patron
2025-02-01 07:00:00,Duitama,salones,7,5,4.7975,3.845005,0.9524950000000003,24.772269476892756,1.2477226947689275,moderada,consumo_fin_semana_alto
2025-02-01 07:00:00,Sogamoso,oficinas,7,5,0.6613,0.5580026,0.10329739999999998,18.511992596450263,1.1851199259645027,moderada,consumo_fin_semana_alto
2025-02-01 09:00:00,Chiquinquirá,laboratorios,9,5,1.3203,1.1300783,0.19022169999999994,16.832612395088013,1.1683261239508802,moderada,consumo_fin_semana_alto
2025-02-01 09:00:00,Duitama,oficinas,9,5,2.4521,1.9430923,0.5090077000000002,26.19575508584951,1.261957550858495,moderada,consumo_fin_semana_alto
2025-02-01 09:00:00,Tunja,salones,9,5,2.0503,1.7763156,0.2739844,15.424308608222548,1.1542430860822255,moderada,consumo_fin_semana_alto
2025-02-01 10:00:00,Tunja,oficinas,10,5,0.9652,0.82968575,0.13551424999999995,16.333202058731267,1.1633320205873126,moderada,consumo_fin_semana_alto
2025-02-01 11:00:00,Duitama,oficinas,11,5,2.4505,1.863334,0.5871659999999999,31.511580854532777,1.3151158085453278,critica,consumo_fin_semana_alto
2025-02-01 12:00:00,Duitama,oficinas,12,5,2.2435,1.8924397,0.3510603000000001,18.55067297520762,1.1855067297520763,moderada,consumo_fin_semana_alto
2025-02-01 12:00:00,Tunja,oficinas,12,5,1.0525,0.8279744,0.2245256,27.11745677161033,1.2711745677161033,moderada,consumo_fin_semana_alto
2025-02-01 13:00:00,Chiquinquirá,laboratorios,13,5,0.5414,0.44985902,0.09154098,20.34881505765962,1.2034881505765962,moderada,consumo_fin_semana_alto
2025-02-01 14:00:00,Chiquinquirá,laboratorios,14,5,0.5373,0.46082348,0.07647651999999999,16.595621386306096,1.165956213863061,moderada,consumo_fin_semana_alto
2025-02-01 14:00:00,Duitama,oficinas,14,5,0.772,0.6659878,0.1060122,15.918039339459373,1.1591803933945937,moderada,consumo_fin_semana_alto
2025-02-02 17:00:00,Sogamoso,oficinas,17,6,0.7344,0.62177664,0.11262336000000006,18.11315394544254,1.1811315394544255,moderada,consumo_fin_semana_alto
2025-02-03 07:00:00,Sogamoso,comedor,7,0,0.6832,0.5685809,0.11461910000000008,20.158802379749318,1.2015880237974932,moderada,consumo_pico_excesivo
2025-02-03 11:00:00,Chiquinquirá,oficinas,11,0,2.6943,2.3041067,0.39019329999999997,16.93468883190175,1.1693468883190175,moderada,consumo_pico_excesivo
2025-02-03 12:00:00,Chiquinquirá,comedor,12,0,0.6737,0.51576555,0.15793444999999995,30.621364687889667,1.3062136468788967,critica,consumo_fuera_patron
2025-02-03 12:00:00,Chiquinquirá,laboratorios,12,0,0.8531,0.6756588,0.17744119999999997,26.261953518551074,1.2626195351855107,moderada,consumo_fuera_patron
2025-02-03 12:00:00,Sogamoso,comedor,12,0,2.2791,1.6804216,0.5986784,35.62667844783714,1.3562667844783713,critica,consumo_fuera_patron
2025-02-03 12:00:00,Tunja,comedor,12,0,1.277,0.9969463,0.28005369999999996,28.091151950711886,1.2809115195071188,moderada,consumo_fuera_patron
2025-02-03 12:00:00,Tunja,salones,12,0,0.5815,0.4599065,0.12159350000000002,26.43874352721695,1.2643874352721696,moderada,consumo_fuera_patron
2025-02-03 14:00:00,Sogamoso,salones,14,0,5.97,5.1789145,0.7910854999999994,15.27512184261778,1.152751218426178,moderada,consumo_pico_excesivo
2025-02-03 16:00:00,Duitama,comedor,16,0,1.2234,0.91955906,0.30384094000000006,33.0420255986603,1.330420255986603,critica,consumo_pico_excesivo
2025-02-03 16:00:00,Duitama,laboratorios,16,0,8.2697,7.143434,1.1262660000000002,15.766450701441354,1.1576645070144136,moderada,consumo_pico_excesivo
2025-02-03 17:00:00,Sogamoso,comedor,17,0,1.0499,0.835688,0.21421200000000007,25.633011363092457,1.2563301136309246,moderada,consumo_pico_excesivo
2025-02-03 19:00:00,Sogamoso,oficinas,19,0,1.8686,1.5994385,0.26916150000000005,16.828499501543824,1.1682849950154384,moderada,consumo_fuera_patron
2025-02-03 23:00:00,Chiquinquirá,laboratorios,23,0,0.5231,0.45161545,0.07148455000000004,15.82863252353303,1.1582863252353304,moderada,consumo_fuera_patron
2025-02-04 10:00:00,Sogamoso,comedor,10,1,0.7636,0.6322873,0.13131269999999995,20.767885105394328,1.2076788510539433,moderada,consumo_pico_excesivo
2025-02-04 12:00:00,Duitama,oficinas,12,1,3.496,2.969544,0.526456,17.728513199332962,1.1772851319933297,moderada,consumo_fuera_patron
2025-02-04 15:00:00,Chiquinquirá,oficinas,15,1,1.9432,1.6690184,0.27418160000000014,16.427715835846996,1.16427715835847,moderada,consumo_pico_excesivo
2025-02-04 15:00:00,Sogamoso,salones,15,1,5.6576,4.910315,0.7472850000000006,15.218677416825615,1.152186774168256,moderada,consumo_pico_excesivo
2025-02-04 16:00:00,Sogamoso,comedor,16,1,1.0938,0.88520044,0.20859956000000013,23.565234558627214,1.235652345586272,moderada,consumo_pico_excesivo
2025-02-04 18:00:00,Sogamoso,salones,18,1,1.7214,1.4873222,0.2340778000000001,15.738203867326133,1.1573820386732614,moderada,consumo_fuera_patron
2025-02-04 18:00:00,Tunja,salones,18,1,0.8905,0.6329553,0.25754469999999996,40.6892398246764,1.406892398246764,critica,consumo_fuera_patron
2025-02-04 18:00:00,Tunja,oficinas,18,1,0.7816,0.6270097,0.15459029999999996,24.65516881158297,1.2465516881158296,moderada,consumo_fuera_patron
2025-02-04 19:00:00,Duitama,oficinas,19,1,1.8817,1.5663444,0.31535559999999996,20.133222297727112,1.2013322229772712,moderada,consumo_fuera_patron
2025-02-05 07:00:00,Chiquinquirá,salones,7,2,3.3543,2.9089339,0.44536609999999976,15.310286012342864,1.1531028601234286,moderada,consumo_pico_excesivo
2025-02-05 08:00:00,Duitama,oficinas,8,2,5.7785,4.8193626,0.9591374000000004,19.90174800294131,1.199017480029413,moderada,consumo_pico_excesivo
2025-02-05 11:00:00,Chiquinquirá,laboratorios,11,2,1.7522,1.51247,0.23973,15.850231740133689,1.158502317401337,moderada,consumo_pico_excesivo
2025-02-05 12:00:00,Chiquinquirá,salones,12,2,0.6048,0.45659894,0.14820106,32.45760053669857,1.3245760053669857,critica,consumo_fuera_patron
2025-02-05 12:00:00,Chiquinquirá,laboratorios,12,2,0.8005,0.69327134,0.10722865999999998,15.46705507831897,1.1546705507831898,moderada,consumo_fuera_patron
2025-02-05 12:00:00,Chiquinquirá,oficinas,12,2,1.5347,1.2619762,0.27272379999999985,21.610851298146496,1.216108512981465,moderada,consumo_fuera_patron
2025-02-05 12:00:00,Duitama,oficinas,12,2,3.145,2.6959243,0.44907569999999986,16.65757825618471,1.166575782561847,moderada,consumo_fuera_patron
2025-02-05 12:00:00,Tunja,comedor,12,2,1.3232,1.0638307,0.2593692999999999,24.380693281365158,1.2438069328136516,moderada,consumo_fuera_patron
2025-02-05 13:00:00,Duitama,salones,13,2,1.341,1.1105376,0.23046239999999996,20.752327521373427,1.2075232752137344,moderada,consumo_fuera_patron
2025-02-05 13:00:00,Sogamoso,comedor,13,2,2.1753,1.8665005,0.3087995000000001,16.54430309555235,1.1654430309555235,moderada,consumo_fuera_patron
2025-02-05 14:00:00,Duitama,salones,14,2,6.7925,5.630557,1.1619430000000008,20.636377537781804,1.206363775377818,moderada,consumo_pico_excesivo
2025-02-05 15:00:00,Tunja,laboratorios,15,2,3.4143,2.8613079,0.5529921,19.32654993193847,1.1932654993193847,moderada,consumo_pico_excesivo
2025-02-05 17:00:00,Chiquinquirá,oficinas,17,2,2.4753,2.1260347,0.3492652999999999,16.428015027224152,1.1642801502722415,moderada,consumo_pico_excesivo
2025-02-05 19:00:00,Duitama,oficinas,19,2,2.144,1.5360969,0.6079031000000001,39.5745281433743,1.395745281433743,critica,consumo_fuera_patron
2025-02-05 19:00:00,Sogamoso,oficinas,19,2,1.8912,1.4361978,0.4550022,31.681026109356246,1.3168102610935626,critica,consumo_fuera_patron
2025-02-05 19:00:00,Tunja,salones,19,2,1.0721,0.7886122,0.28348780000000007,35.94768125575537,1.3594768125575538,critica,consumo_fuera_patron
2025-02-05 19:00:00,Tunja,oficinas,19,2,0.8791,0.67202336,0.20707664000000003,30.81390504044384,1.3081390504044383,critica,consumo_fuera_patron
2025-02-05 20:00:00,Chiquinquirá,salones,20,2,1.4557,1.1823455,0.27335449999999994,23.11968033032645,1.2311968033032645,moderada,consumo_fuera_patron
2025-02-05 20:00:00,Sogamoso,oficinas,20,2,0.7277,0.5954009,0.1322991,22.22017131650288,1.222201713165029,moderada,consumo_fuera_patron
2025-02-06 09:00:00,Duitama,comedor,9,3,0.8948,0.75189376,0.14290624000000007,19.00617448933212,1.1900617448933213,moderada,consumo_pico_excesivo
2025-02-06 10:00:00,Chiquinquirá,laboratorios,10,3,1.8384,1.5934714,0.24492859999999994,15.37075594830255,1.1537075594830255,moderada,consumo_pico_excesivo
2025-02-06 12:00:00,Duitama,comedor,12,3,2.5965,2.1940572,0.40244279999999977,18.342402376747504,1.1834240237674751,moderada,consumo_fuera_patron
2025-02-06 12:00:00,Sogamoso,salones,12,3,1.2015,0.682609,0.518891,76.01584508847671,1.7601584508847672,critica,consumo_fuera_patron
2025-02-06 12:00:00,Sogamoso,laboratorios,12,3,3.931,3.2984316,0.6325684000000003,19.177854104963107,1.191778541049631,moderada,consumo_fuera_patron
2025-02-06 12:00:00,Sogamoso,oficinas,12,3,2.9511,2.354562,0.5965379999999998,25.335412700960937,1.2533541270096094,moderada,consumo_fuera_patron
2025-02-06 12:00:00,Tunja,salones,12,3,0.5356,0.40644565,0.12915434999999997,31.776536420060093,1.3177653642006009,critica,consumo_fuera_patron
2025-02-06 13:00:00,Chiquinquirá,salones,13,3,0.7214,0.49971098,0.22168902000000001,44.36344784739371,1.443634478473937,critica,consumo_fuera_patron
2025-02-06 13:00:00,Tunja,salones,13,3,0.5401,0.45105574,0.08904426000000004,19.741298492288347,1.1974129849228834,moderada,consumo_fuera_patron
2025-02-06 14:00:00,Chiquinquirá,laboratorios,14,3,1.7376,1.4515172,0.28608279999999997,19.709225629568838,1.1970922562956883,moderada,consumo_pico_excesivo
2025-02-06 16:00:00,Duitama,comedor,16,3,1.0911,0.916134,0.17496599999999995,19.09829784725815,1.1909829784725814,moderada,consumo_pico_excesivo
2025-02-06 16:00:00,Duitama,salones,16,3,6.7893,5.5201936,1.2691064,22.990251646246612,1.2299025164624662,moderada,consumo_pico_excesivo
2025-02-06 16:00:00,Tunja,oficinas,16,3,2.6289,2.22051,0.4083899999999998,18.39172082089249,1.1839172082089249,moderada,consumo_pico_excesivo
2025-02-06 18:00:00,Sogamoso,salones,18,3,2.2372,1.9339019,0.3032981000000001,15.68322053978023,1.1568322053978024,moderada,consumo_fuera_patron
2025-02-06 18:00:00,Tunja,laboratorios,18,3,2.2515,1.9155296,0.3359704000000001,17.539295660061853,1.1753929566006185,moderada,consumo_fuera_patron
2025-02-07 01:00:00,Chiquinquirá,laboratorios,1,4,0.5145,0.44452202,0.06997797999999994,15.742297760637355,1.1574229776063736,moderada,consumo_nocturno_alto
2025-02-07 10:00:00,Sogamoso,comedor,10,4,0.8603,0.7228102,0.1374898,19.021563337097348,1.1902156333709735,moderada,consumo_pico_excesivo
2025-02-07 12:00:00,Chiquinquirá,salones,12,4,0.6948,0.407286,0.287514,70.59265479294649,1.7059265479294647,critica,consumo_fuera_patron
2025-02-07 12:00:00,Chiquinquirá,laboratorios,12,4,0.7796,0.6534557,0.1261443,19.304185425270603,1.193041854252706,moderada,consumo_fuera_patron
2025-02-07 12:00:00,Sogamoso,salones,12,4,1.1214,0.7726016,0.34879839999999995,45.14595879687538,1.4514595879687537,critica,consumo_fuera_patron
2025-02-07 12:00:00,Sogamoso,laboratorios,12,4,4.3316,3.699696,0.631904,17.079889807162534,1.1707988980716253,moderada,consumo_fuera_patron
2025-02-07 12:00:00,Sogamoso,oficinas,12,4,3.2357,2.5025804,0.7331196000000002,29.29454734001754,1.2929454734001753,moderada,consumo_fuera_patron
2025-02-07 12:00:00,Tunja,oficinas,12,4,1.4878,1.083583,0.40421700000000005,37.303741383908765,1.3730374138390875,critica,consumo_fuera_patron
2025-02-07 13:00:00,Chiquinquirá,salones,13,4,0.6764,0.4811741,0.1952259,40.572819692497994,1.40572819692498,critica,consumo_fuera_patron
2025-02-07 13:00:00,Duitama,salones,13,4,1.364,1.1702137,0.1937863000000002,16.55990696400155,1.1655990696400156,moderada,consumo_fuera_patron
2025-02-07 15:00:00,Chiquinquirá,salones,15,4,1.6738,1.0558252,0.6179748,58.53002940259431,1.585300294025943,critica,consumo_pico_excesivo
2025-02-07 15:00:00,Duitama,salones,15,4,2.9952,2.482846,0.5123540000000002,20.63575429164758,1.2063575429164757,moderada,consumo_pico_excesivo
2025-02-07 15:00:00,Sogamoso,oficinas,15,4,3.7151,3.162565,0.5525350000000002,17.47110336072145,1.1747110336072144,moderada,consumo_pico_excesivo
2025-02-07 15:00:00,Tunja,laboratorios,15,4,3.0937,2.6835163,0.41018370000000015,15.28530681926546,1.1528530681926545,moderada,consumo_pico_excesivo
2025-02-07 16:00:00,Chiquinquirá,laboratorios,16,4,1.7655,1.5118742,0.2536258,16.775588868438923,1.1677558886843893,moderada,consumo_pico_excesivo
2025-02-07 17:00:00,Duitama,laboratorios,17,4,7.4513,6.4650464,0.9862535999999995,15.25516661411741,1.152551666141174,moderada,consumo_pico_excesivo
2025-02-07 17:00:00,Sogamoso,comedor,17,4,0.9152,0.7158401,0.19935990000000003,27.84978097762336,1.2784978097762336,moderada,consumo_pico_excesivo
2025-02-07 17:00:00,Tunja,salones,17,4,1.3549,1.0803586,0.27454139999999994,25.412062254144125,1.2541206225414412,moderada,consumo_pico_excesivo
2025-02-07 18:00:00,Chiquinquirá,oficinas,18,4,1.0011,0.7344696,0.26663040000000016,36.30244192543846,1.3630244192543846,critica,consumo_fuera_patron
2025-02-08 07:00:00,Chiquinquirá,salones,7,5,2.5259,2.1023047,0.4235953000000001,20.149091613599122,1.2014909161359912,moderada,consumo_fin_semana_alto
2025-02-08 08:00:00,Duitama,oficinas,8,5,2.0559,1.7363007,0.3195992999999999,18.406909586571032,1.1840690958657103,moderada,consumo_fin_semana_alto
2025-02-08 09:00:00,Sogamoso,oficinas,9,5,2.2688,1.8435674,0.4252326000000002,23.065747419920758,1.2306574741992076,moderada,consumo_fin_semana_alto
2025-02-08 10:00:00,Duitama,oficinas,10,5,2.1916,1.7644125,0.4271875000000003,24.211316798084365,1.2421131679808437,moderada,consumo_fin_semana_alto
2025-02-08 10:00:00,Tunja,oficinas,10,5,1.1165,0.92876273,0.18773727000000007,20.21369548280647,1.2021369548280647,moderada,consumo_fin_semana_alto
2025-02-08 11:00:00,Sogamoso,salones,11,5,4.5763,3.876453,0.6998469999999997,18.053798150009808,1.180537981500098,moderada,consumo_fin_semana_alto
2025-02-08 12:00:00,Chiquinquirá,oficinas,12,5,1.0071,0.8202531,0.18684690000000015,22.779176329842603,1.227791763298426,moderada,consumo_fin_semana_alto
2025-02-08 12:00:00,Duitama,oficinas,12,5,2.3031,1.9817606,0.32133940000000005,16.214844517546673,1.1621484451754667,moderada,consumo_fin_semana_alto
2025-02-08 12:00:00,Sogamoso,salones,12,5,4.3581,2.134598,2.2235020000000003,104.16490599166683,2.041649059916668,critica,consumo_fin_semana_alto
2025-02-08 12:00:00,Tunja,salones,12,5,1.4169,1.1900921,0.22680790000000006,19.05801240088898,1.1905801240088898,moderada,consumo_fin_semana_alto
2025-02-08 13:00:00,Duitama,comedor,13,5,1.2011,0.860296,0.3408040000000001,39.61473725322448,1.3961473725322449,critica,consumo_fin_semana_alto
2025-02-08 13:00:00,Sogamoso,comedor,13,5,1.2413,1.0342778,0.20702220000000016,20.016111725495815,1.2001611172549582,moderada,consumo_fin_semana_alto
2025-02-08 15:00:00,Chiquinquirá,laboratorios,15,5,0.5373,0.46407554,0.07322445999999999,15.77856484312877,1.1577856484312876,moderada,consumo_fin_semana_alto
2025-02-08 20:00:00,Sogamoso,oficinas,20,5,0.7185,0.60431343,0.11418656999999999,18.89525605942598,1.18895256059426,moderada,consumo_fin_semana_alto
2025-02-09 09:00:00,Duitama,oficinas,9,6,0.7698,0.65656763,0.11323237000000008,17.246109132733224,1.1724610913273323,moderada,consumo_fin_semana_alto
2025-02-10 08:00:00,Chiquinquirá,salones,8,0,3.2052,2.78291,0.42228999999999983,15.1744037715916,1.151744037715916,moderada,consumo_pico_excesivo
2025-02-10 08:00:00,Sogamoso,comedor,8,0,0.7166,0.6153125,0.10128749999999997,16.461147790756726,1.1646114779075671,moderada,consumo_pico_excesivo
2025-02-10 09:00:00,Sogamoso,salones,9,0,6.2386,5.1631827,1.0754172999999998,20.828573430105422,1.2082857343010542,moderada,consumo_pico_excesivo
2025-02-10 10:00:00,Duitama,comedor,10,0,0.9059,0.7133975,0.19250250000000002,26.983904485227384,1.2698390448522738,moderada,consumo_pico_excesivo
2025-02-10 10:00:00,Sogamoso,comedor,10,0,0.8204,0.69706523,0.12333477000000004,17.69343308086103,1.1769343308086104,moderada,consumo_pico_excesivo
2025-02-10 12:00:00,Duitama,comedor,12,0,2.6509,2.2977757,0.35312430000000017,15.368092716795648,1.1536809271679564,moderada,consumo_fuera_patron
2025-02-10 14:00:00,Sogamoso,laboratorios,14,0,8.5043,7.344308,1.1599920000000008,15.794435636413953,1.1579443563641396,moderada,consumo_pico_excesivo
2025-02-10 15:00:00,Chiquinquirá,salones,15,0,3.204,2.7524152,0.4515848,16.406856058635338,1.1640685605863534,moderada,consumo_pico_excesivo
2025-02-10 15:00:00,Tunja,oficinas,15,0,2.6194,2.255459,0.36394100000000007,16.136006019173927,1.1613600601917393,moderada,consumo_pico_excesivo
2025-02-10 18:00:00,Chiquinquirá,salones,18,0,1.3507,1.1173836,0.2333164000000001,20.880600001646712,1.208806000016467,moderada,consumo_fuera_patron
2025-02-10 18:00:00,Duitama,salones,18,0,2.9741,2.3871977,0.5869022999999998,24.585408238287084,1.2458540823828708,moderada,consumo_fuera_patron
2025-02-10 18:00:00,Tunja,oficinas,18,0,0.8853,0.7464697,0.13883029999999996,18.598249868681872,1.1859824986868188,moderada,consumo_fuera_patron
2025-02-10 19:00:00,Duitama,oficinas,19,0,2.1728,1.817845,0.35495500000000013,19.526142217845862,1.1952614221784585,moderada,consumo_fuera_patron
2025-02-11 07:00:00,Sogamoso,laboratorios,7,1,8.7289,7.392653,1.3362469999999993,18.075337771162793,1.180753377711628,moderada,consumo_pico_excesivo
2025-02-11 09:00:00,Sogamoso,comedor,9,1,0.8625,0.71884954,0.14365046000000004,19.983383449059456,1.1998338344905946,moderada,consumo_pico_excesivo
2025-02-11 11:00:00,Tunja,salones,11,1,2.8709,2.4042506,0.46664939999999966,19.409349424723015,1.19409349424723,moderada,consumo_pico_excesivo
2025-02-11 12:00:00,Chiquinquirá,comedor,12,1,0.7565,0.4817123,0.27478769999999997,57.04394510997539,1.570439451099754,critica,consumo_fuera_patron
2025-02-11 12:00:00,Chiquinquirá,laboratorios,12,1,0.8869,0.7450754,0.14182459999999997,19.03493257192493,1.1903493257192492,moderada,consumo_fuera_patron
2025-02-11 14:00:00,Chiquinquirá,laboratorios,14,1,1.8037,1.4797351,0.3239649,21.893438899976083,1.2189343889997608,moderada,consumo_pico_excesivo
2025-02-11 14:00:00,Duitama,laboratorios,14,1,8.36,7.226855,1.1331449999999998,15.679642112647892,1.156796421126479,moderada,consumo_pico_excesivo
2025-02-11 20:00:00,Chiquinquirá,salones,20,1,1.4651,1.1929333,0.2721667000000001,22.814913457441428,1.2281491345744142,moderada,consumo_fuera_patron
2025-02-12 07:00:00,Chiquinquirá,salones,7,2,3.5288,3.0476573,0.4811426999999999,15.787296688508906,1.1578729668850891,moderada,consumo_pico_excesivo
2025-02-12 07:00:00,Duitama,comedor,7,2,0.6985,0.60554844,0.09295156000000004,15.349979268380256,1.1534997926838026,moderada,consumo_pico_excesivo
2025-02-12 07:00:00,Tunja,laboratorios,7,2,3.4537,2.8981242,0.5555758000000002,19.170186012041864,1.1917018601204186,moderada,consumo_pico_excesivo
2025-02-12 08:00:00,Duitama,comedor,8,2,0.7783,0.63938016,0.13891984000000002,21.72726785892137,1.2172726785892136,moderada,consumo_pico_excesivo
2025-02-12 08:00:00,Tunja,laboratorios,8,2,3.3472,2.8919542,0.45524580000000014,15.741805316280603,1.157418053162806,moderada,consumo_pico_excesivo
2025-02-12 09:00:00,Duitama,comedor,9,2,0.9479,0.75640064,0.19149936,25.317186405342017,1.2531718640534202,moderada,consumo_pico_excesivo
2025-02-12 12:00:00,Chiquinquirá,comedor,12,2,0.6279,0.4817123,0.14618770000000003,30.347512405226112,1.303475124052261,critica,consumo_fuera_patron
2025-02-12 12:00:00,Chiquinquirá,salones,12,2,0.6871,0.5407445,0.14635550000000008,27.06555498946362,1.2706555498946361,moderada,consumo_fuera_patron
2025-02-12 12:00:00,Sogamoso,salones,12,2,1.2011,0.90058964,0.3005103600000001,33.36817865237713,1.3336817865237713,critica,consumo_fuera_patron
2025-02-12 13:00:00,Chiquinquirá,salones,13,2,0.6044,0.42389202,0.18050798000000007,42.58348151965684,1.4258348151965683,critica,consumo_fuera_patron
2025-02-12 13:00:00,Chiquinquirá,laboratorios,13,2,0.8805,0.6743842,0.20611579999999996,30.563557094012577,1.3056355709401257,critica,consumo_fuera_patron
2025-02-12 13:00:00,Duitama,salones,13,2,1.3006,1.0686514,0.23194859999999995,21.704795408493354,1.2170479540849335,moderada,consumo_fuera_patron
2025-02-12 13:00:00,Sogamoso,oficinas,13,2,3.5142,2.9541917,0.5600083000000002,18.956396770053896,1.189563967700539,moderada,consumo_fuera_patron
2025-02-12 13:00:00,Tunja,salones,13,2,0.5544,0.44801506,0.10638493999999998,23.74584015099849,1.237458401509985,moderada,consumo_fuera_patron
2025-02-12 16:00:00,Duitama,comedor,16,2,1.1613,0.92834854,0.23295146,25.09310350183779,1.250931035018378,moderada,consumo_pico_excesivo
2025-02-12 16:00:00,Sogamoso,oficinas,16,2,5.1907,4.470501,0.720199,16.110028831220486,1.1611002883122048,moderada,consumo_pico_excesivo
2025-02-12 16:00:00,Tunja,oficinas,16,2,2.7105,2.1150794,0.5954206000000002,28.15121739637766,1.2815121739637765,moderada,consumo_pico_excesivo
2025-02-12 18:00:00,Chiquinquirá,salones,18,2,1.222,1.0592786,0.1627213999999999,15.361530007308739,1.1536153000730873,moderada,consumo_fuera_patron
2025-02-12 19:00:00,Tunja,oficinas,19,2,0.779,0.6755799,0.10342010000000001,15.308344727248398,1.153083447272484,moderada,consumo_fuera_patron
2025-02-12 20:00:00,Sogamoso,oficinas,20,2,0.6461,0.544224,0.10187599999999997,18.719497853824887,1.187194978538249,moderada,consumo_fuera_patron
2025-02-12 20:00:00,Tunja,salones,20,2,0.9589,0.6721373,0.2867626999999999,42.66430385577469,1.4266430385577469,critica,consumo_fuera_patron
2025-02-12 20:00:00,Tunja,laboratorios,20,2,2.2729,1.7069118,0.5659881999999998,33.15860842956266,1.3315860842956266,critica,consumo_fuera_patron
2025-02-13 12:00:00,Chiquinquirá,salones,12,3,0.6978,0.5507445,0.1470555,26.701219894161447,1.2670121989416145,moderada,consumo_fuera_patron
2025-02-13 12:00:00,Duitama,salones,12,3,1.4849,1.1609577,0.3239423000000001,27.90302351239844,1.2790302351239844,moderada,consumo_fuera_patron
2025-02-13 18:00:00,Sogamoso,salones,18,3,2.5969,2.2230303,0.3738697000000002,16.818020878977684,1.1681802087897768,moderada,consumo_fuera_patron
2025-02-13 19:00:00,Tunja,salones,19,3,1.0551,0.9130352,0.14206479999999988,15.55961916911855,1.1555961916911854,moderada,consumo_fuera_patron
2025-02-13 19:00:00,Tunja,oficinas,19,3,0.8882,0.7416385,0.1465615,19.76185162987089,1.197618516298709,moderada,consumo_fuera_patron
2025-02-14 10:00:00,Duitama,comedor,10,4,0.8951,0.7634106,0.13168939999999996,17.25014035697172,1.1725014035697172,moderada,consumo_pico_excesivo
2025-02-14 10:00:00,Tunja,oficinas,10,4,2.6202,2.252161,0.368039,16.341593696010186,1.1634159369601018,moderada,consumo_pico_excesivo
2025-02-14 11:00:00,Chiquinquirá,oficinas,11,4,2.7722,2.1971693,0.5750307000000001,26.171433398418596,1.2617143339841859,moderada,consumo_pico_excesivo
2025-02-14 11:00:00,Tunja,oficinas,11,4,2.6919,2.2721527,0.41974730000000005,18.473551535510797,1.184735515355108,moderada,consumo_pico_excesivo
2025-02-14 12:00:00,Chiquinquirá,comedor,12,4,0.8179,0.6921838,0.12571619999999994,18.16225690344096,1.1816225690344095,moderada,consumo_fuera_patron
2025-02-14 13:00:00,Duitama,salones,13,4,1.3215,1.1429908,0.17850919999999992,15.61772850665114,1.1561772850665115,moderada,consumo_fuera_patron
2025-02-14 13:00:00,Sogamoso,laboratorios,13,4,16.860355413435386,10.183924,6.676431413435386,65.55853532916572,1.6555853532916571,critica,consumo_fuera_patron
2025-02-14 14:00:00,Sogamoso,laboratorios,14,4,8.5613,7.3512716,1.2100283999999997,16.460123715195067,1.1646012371519507,moderada,consumo_pico_excesivo
2025-02-14 16:00:00,Chiquinquirá,oficinas,16,4,1.7452,1.3885686,0.35663140000000015,25.683383593723796,1.256833835937238,moderada,consumo_pico_excesivo
2025-02-14 16:00:00,Tunja,salones,16,4,1.39,1.0977077,0.29229229999999995,26.627516596631324,1.2662751659663132,moderada,consumo_pico_excesivo
2025-02-14 17:00:00,Chiquinquirá,laboratorios,17,4,1.6165,1.3837821,0.23271790000000014,16.817524955699323,1.1681752495569933,moderada,consumo_pico_excesivo
2025-02-14 17:00:00,Sogamoso,comedor,17,4,1.0593,0.78239983,0.2769001699999999,35.39113371228619,1.353911337122862,critica,consumo_pico_excesivo
2025-02-14 17:00:00,Sogamoso,salones,17,4,3.1311,2.5817752,0.5493248,21.277019006147395,1.212770190061474,moderada,consumo_pico_excesivo
2025-02-14 17:00:00,Tunja,salones,17,4,1.2227,0.53208876,0.6906112399999998,129.7924880051967,2.297924880051967,critica,consumo_pico_excesivo
2025-02-14 18:00:00,Chiquinquirá,oficinas,18,4,0.7723,0.66967326,0.10262673999999994,15.324897398471595,1.153248973984716,moderada,consumo_fuera_patron
2025-02-14 18:00:00,Duitama,oficinas,18,4,1.9654,1.5315725,0.43382750000000003,28.32562611303089,1.2832562611303089,moderada,consumo_fuera_patron
2025-02-14 18:00:00,Sogamoso,oficinas,18,4,1.8094,1.4414816,0.3679184,25.523627911726383,1.2552362791172638,moderada,consumo_fuera_patron
2025-02-14 18:00:00,Tunja,oficinas,18,4,0.847,0.7170754,0.12992459999999995,18.11868040655138,1.1811868040655138,moderada,consumo_fuera_patron
2025-02-14 19:00:00,Tunja,oficinas,19,4,0.9081,0.7209182,0.18718180000000006,25.964360450325717,1.2596436045032573,moderada,consumo_fuera_patron
2025-02-14 20:00:00,Chiquinquirá,laboratorios,20,4,1.09,0.8875414,0.20245860000000004,22.81117252671256,1.2281117252671256,moderada,consumo_fuera_patron
2025-02-15 09:00:00,Chiquinquirá,oficinas,9,5,1.1023,0.90448713,0.19781287000000003,21.870169672839904,1.218701696728399,moderada,consumo_fin_semana_alto
2025-02-15 10:00:00,Duitama,laboratorios,10,5,6.4195,5.517933,0.901567,16.338853697571174,1.1633885369757118,moderada,consumo_fin_semana_alto
2025-02-15 10:00:00,Sogamoso,oficinas,10,5,2.1366,1.7203265,0.41627349999999996,24.197354397551855,1.2419735439755186,moderada,consumo_fin_semana_alto
2025-02-15 12:00:00,Tunja,salones,12,5,1.8624,1.5708698,0.29153019999999996,18.558520890782926,1.1855852089078291,moderada,consumo_fin_semana_alto
2025-02-15 18:00:00,Sogamoso,oficinas,18,5,0.7221,0.62504673,0.09705326999999997,15.527362250179275,1.1552736225017928,moderada,consumo_fin_semana_alto
2025-02-17 07:00:00,Chiquinquirá,laboratorios,7,0,1.8029,1.5405917,0.26230829999999994,17.02646457202125,1.1702646457202126,moderada,consumo_pico_excesivo
2025-02-17 07:00:00,Sogamoso,laboratorios,7,0,9.1867,7.5904784,1.5962215999999998,21.029262134518422,1.2102926213451841,moderada,consumo_pico_excesivo
2025-02-17 12:00:00,Duitama,salones,12,0,1.3417,1.1663731,0.17532689999999995,15.0318024309717,1.150318024309717,moderada,consumo_fuera_patron
2025-02-17 13:00:00,Tunja,oficinas,13,0,1.7912,1.4752938,0.3159061999999999,21.413104291497728,1.2141310429149772,moderada,consumo_fuera_patron
2025-02-17 14:00:00,Duitama,laboratorios,14,0,8.2063,7.115714,1.090586000000001,15.326445104454747,1.1532644510445476,moderada,consumo_pico_excesivo
2025-02-17 14:00:00,Tunja,laboratorios,14,0,3.3186,2.806243,0.5123570000000002,18.25775601043816,1.1825775601043815,moderada,consumo_pico_excesivo
2025-02-17 15:00:00,Sogamoso,salones,15,0,6.1284,5.230477,0.8979230000000005,17.167134087388217,1.1716713408738821,moderada,consumo_pico_excesivo
2025-02-17 15:00:00,Tunja,laboratorios,15,0,3.2166,2.7054374,0.5111626,18.89389863539256,1.1889389863539257,moderada,consumo_pico_excesivo
2025-02-17 16:00:00,Chiquinquirá,laboratorios,16,0,1.6919,1.4173948,0.2745051999999999,19.36688352461854,1.1936688352461853,moderada,consumo_pico_excesivo
2025-02-17 16:00:00,Duitama,comedor,16,0,1.2107,0.93834376,0.27235624000000014,29.0252092687226,1.290252092687226,moderada,consumo_pico_excesivo
2025-02-17 16:00:00,Tunja,comedor,16,0,0.5779,0.48893213,0.08896786999999995,18.19636398205206,1.1819636398205207,moderada,consumo_pico_excesivo
2025-02-17 17:00:00,Duitama,comedor,17,0,1.1208,0.96395993,0.15684007,16.270393106485244,1.1627039310648524,moderada,consumo_pico_excesivo
2025-02-17 17:00:00,Tunja,salones,17,0,2.6985,2.1637926,0.5347074000000003,24.711582801420075,1.2471158280142007,moderada,consumo_pico_excesivo
2025-02-17 19:00:00,Tunja,salones,19,0,1.0862,0.62632513,0.45987487000000005,73.42430440241158,1.7342430440241159,critica,consumo_fuera_patron
2025-02-17 20:00:00,Sogamoso,oficinas,20,0,0.6277,0.53414613,0.09355387000000004,17.514658395072534,1.1751465839507254,moderada,consumo_fuera_patron
2025-02-18 07:00:00,Chiquinquirá,salones,7,1,3.4916,2.9308898,0.5607101999999999,19.131057059873076,1.1913105705987308,moderada,consumo_pico_excesivo
2025-02-18 09:00:00,Sogamoso,comedor,9,1,0.8968,0.7250263,0.17177370000000003,23.69206468786029,1.236920646878603,moderada,consumo_pico_excesivo
2025-02-18 10:00:00,Duitama,comedor,10,1,0.8409,0.7078255,0.13307449999999998,18.80046706426937,1.1880046706426937,moderada,consumo_pico_excesivo
2025-02-18 10:00:00,Sogamoso,comedor,10,1,0.7863,0.6762076,0.11009239999999998,16.28085812700123,1.1628085812700124,moderada,consumo_pico_excesivo
2025-02-18 10:00:00,Sogamoso,oficinas,10,1,5.5039,4.6071057,0.8967942999999998,19.46545962685423,1.1946545962685422,moderada,consumo_pico_excesivo
2025-02-18 12:00:00,Chiquinquirá,comedor,12,1,0.8422,0.72798234,0.11421766,15.689619613574694,1.156896196135747,moderada,consumo_fuera_patron
2025-02-18 12:00:00,Sogamoso,oficinas,12,1,3.4976,2.9320812,0.5655188,19.287283039773932,1.1928728303977394,moderada,consumo_fuera_patron
2025-02-18 13:00:00,Chiquinquirá,comedor,13,1,0.7329,0.49495378,0.23794621999999999,48.07443232376162,1.4807443232376163,critica,consumo_fuera_patron
2025-02-18 13:00:00,Duitama,salones,13,1,1.312,1.0666205,0.24537950000000008,23.00532382417177,1.2300532382417178,moderada,consumo_fuera_patron
2025-02-18 13:00:00,Tunja,comedor,13,1,1.2943,1.030399,0.26390099999999994,25.611534949082827,1.2561153494908281,moderada,consumo_fuera_patron
2025-02-18 14:00:00,Duitama,salones,14,1,6.2608,5.4365845,0.8242154999999993,15.160538753697276,1.1516053875369727,moderada,consumo_pico_excesivo
2025-02-18 15:00:00,Sogamoso,salones,15,1,5.7236,4.921403,0.8021970000000005,16.300168874607515,1.1630016887460752,moderada,consumo_pico_excesivo
2025-02-18 16:00:00,Sogamoso,comedor,16,1,0.9626,0.82148343,0.14111657,17.178261282762573,1.1717826128276256,moderada,consumo_pico_excesivo
2025-02-18 16:00:00,Tunja,comedor,16,1,0.5838,0.46275133,0.12104866999999997,26.15847046836148,1.2615847046836148,moderada,consumo_pico_excesivo
2025-02-18 17:00:00,Duitama,comedor,17,1,1.0561,0.8822503,0.1738497,19.705258247007677,1.1970525824700768,moderada,consumo_pico_excesivo
2025-02-18 17:00:00,Sogamoso,comedor,17,1,0.9966,0.84129167,0.15530833,18.460699842659796,1.184606998426598,moderada,consumo_pico_excesivo
2025-02-18 17:00:00,Tunja,oficinas,17,1,2.4693,2.030698,0.43860199999999994,21.598583344249118,1.2159858334424911,moderada,consumo_pico_excesivo
2025-02-18 18:00:00,Tunja,oficinas,18,1,0.9798,0.79770136,0.18209863999999998,22.82792146675041,1.2282792146675041,moderada,consumo_fuera_patron
2025-02-18 19:00:00,Duitama,oficinas,19,1,2.0771,1.7533535,0.32374650000000016,18.464416901668727,1.1846441690166873,moderada,consumo_fuera_patron
2025-02-18 19:00:00,Tunja,salones,19,1,1.0202,0.8816006,0.13859940000000004,15.721336850269843,1.1572133685026984,moderada,consumo_fuera_patron
2025-02-18 20:00:00,Duitama,salones,20,1,2.1053,1.7561175,0.3491825000000002,19.88377770849617,1.1988377770849616,moderada,consumo_fuera_patron
2025-02-19 08:00:00,Chiquinquirá,laboratorios,8,2,1.7512,1.437419,0.3137810000000001,21.82947352163844,1.2182947352163844,moderada,consumo_pico_excesivo
2025-02-19 08:00:00,Duitama,comedor,8,2,0.7505,0.6510063,0.09949369999999991,15.28306254486322,1.1528306254486322,moderada,consumo_pico_excesivo
2025-02-19 12:00:00,Chiquinquirá,salones,12,2,0.6458,0.5218672,0.12393280000000007,23.74795733473958,1.2374795733473958,moderada,consumo_fuera_patron
2025-02-19 12:00:00,Sogamoso,salones,12,2,1.1561,0.9297052,0.2263947999999999,24.351245964849923,1.2435124596484992,moderada,consumo_fuera_patron
2025-02-19 12:00:00,Tunja,comedor,12,2,1.0863,0.8870534,0.19924660000000005,22.46162406908085,1.2246162406908085,moderada,consumo_fuera_patron
2025-02-19 12:00:00,Tunja,oficinas,12,2,1.4505,1.2125245,0.2379754999999999,19.62644878515856,1.1962644878515856,moderada,consumo_fuera_patron
2025-02-19 13:00:00,Tunja,salones,13,2,0.5178,0.38344154,0.13435846,35.04014197314146,1.3504014197314147,critica,consumo_fuera_patron
2025-02-19 14:00:00,Sogamoso,laboratorios,14,2,8.0397,6.988247,1.0514529999999995,15.046019409445593,1.1504601940944559,moderada,consumo_pico_excesivo
2025-02-19 16:00:00,Duitama,comedor,16,2,1.1047,0.91717005,0.18752995000000006,20.446584578290587,1.2044658457829058,moderada,consumo_pico_excesivo
2025-02-19 16:00:00,Tunja,salones,16,2,2.6747,2.2912228,0.3834772000000002,16.736792249099487,1.1673679224909947,moderada,consumo_pico_excesivo
2025-02-19 17:00:00,Chiquinquirá,laboratorios,17,2,1.7194,1.4419059,0.27749409999999997,19.24495211511375,1.1924495211511374,moderada,consumo_pico_excesivo
2025-02-19 17:00:00,Tunja,comedor,17,2,0.5837,0.50385666,0.07984334000000004,15.84643934249079,1.158464393424908,moderada,consumo_pico_excesivo
2025-02-19 18:00:00,Duitama,oficinas,18,2,1.8952,1.6288949,0.2663051000000001,16.34882029528118,1.1634882029528117,moderada,consumo_fuera_patron
2025-02-19 18:00:00,Tunja,salones,18,2,0.9606,0.6323854,0.3282146,51.9010400935885,1.5190104009358851,critica,consumo_fuera_patron
2025-02-19 19:00:00,Chiquinquirá,salones,19,2,1.3854,1.1412615,0.24413850000000004,21.391985973416265,1.2139198597341627,moderada,consumo_fuera_patron
2025-02-19 19:00:00,Duitama,salones,19,2,3.0139,2.459094,0.5548060000000001,22.561398628925943,1.2256139862892594,moderada,consumo_fuera_patron
2025-02-19 19:00:00,Sogamoso,salones,19,2,2.5124,2.1426609,0.3697390999999999,17.25607164437452,1.1725607164437453,moderada,consumo_fuera_patron
2025-02-19 19:00:00,Tunja,laboratorios,19,2,2.241,1.7864065,0.4545935000000001,25.44737158088039,1.254473715808804,moderada,consumo_fuera_patron
2025-02-20 07:00:00,Chiquinquirá,laboratorios,7,3,1.8357,1.5572431,0.2784569000000001,17.88140207524439,1.178814020752444,moderada,consumo_pico_excesivo
2025-02-20 07:00:00,Tunja,oficinas,7,3,2.7776,2.3377311,0.4398689,18.816060581133563,1.1881606058113356,moderada,consumo_pico_excesivo
2025-02-20 08:00:00,Duitama,salones,8,3,6.9269,5.847924,1.078976,18.450581779106567,1.1845058177910657,moderada,consumo_pico_excesivo
2025-02-20 08:00:00,Tunja,salones,8,3,2.6715,2.2297888,0.44171119999999986,19.809553263519838,1.1980955326351983,moderada,consumo_pico_excesivo
2025-02-20 11:00:00,Chiquinquirá,oficinas,11,3,2.4889,2.0998085,0.38909150000000015,18.529856413096727,1.1852985641309672,moderada,consumo_pico_excesivo
2025-02-20 11:00:00,Sogamoso,laboratorios,11,3,8.9084,7.37382,1.53458,20.811194197851318,1.2081119419785131,moderada,consumo_pico_excesivo
2025-02-20 12:00:00,Chiquinquirá,comedor,12,3,0.6957,0.51450247,0.18119752999999994,35.21800974055575,1.3521800974055576,critica,consumo_fuera_patron
2025-02-20 13:00:00,Chiquinquirá,comedor,13,3,0.8184,0.6808883,0.13751170000000001,20.195926409662203,1.2019592640966221,moderada,consumo_fuera_patron
2025-02-20 13:00:00,Sogamoso,salones,13,3,1.1634,0.90079045,0.26260954999999997,29.1532342510958,1.291532342510958,moderada,consumo_fuera_patron
2025-02-20 14:00:00,Duitama,salones,14,3,6.5954,5.3564553,1.2389446999999993,23.129936321880614,1.231299363218806,moderada,consumo_pico_excesivo
2025-02-20 14:00:00,Sogamoso,laboratorios,14,3,8.6561,7.416635,1.239465,16.7119589948811,1.167119589948811,moderada,consumo_pico_excesivo
2025-02-20 15:00:00,Chiquinquirá,laboratorios,15,3,1.7724,1.5373625,0.2350375,15.288359121547456,1.1528835912154745,moderada,consumo_pico_excesivo
2025-02-20 16:00:00,Sogamoso,laboratorios,16,3,8.2989,7.1549973,1.1439027,15.987465152502573,1.1598746515250258,moderada,consumo_pico_excesivo
2025-02-20 16:00:00,Tunja,comedor,16,3,0.5686,0.4618539,0.10674610000000001,23.112525411174403,1.2311252541117441,moderada,consumo_pico_excesivo
2025-02-20 18:00:00,Duitama,salones,18,3,2.9575,2.5079472,0.4495528000000002,17.925130162229898,1.179251301622299,moderada,consumo_fuera_patron
2025-02-20 20:00:00,Duitama,salones,20,3,1.7693,1.517323,0.2519770000000001,16.606681636012908,1.166066816360129,moderada,consumo_fuera_patron
2025-02-20 20:00:00,Sogamoso,salones,20,3,2.1633,1.8017193,0.3615807,20.068647763278108,1.200686477632781,moderada,consumo_fuera_patron
2025-02-20 21:00:00,Tunja,laboratorios,21,3,4.437195742725481,2.2826858,2.1545099427254812,94.38486640279102,1.9438486640279102,critica,consumo_fuera_patron
2025-02-21 09:00:00,Chiquinquirá,laboratorios,9,4,1.8142,1.5617412,0.2524588000000001,16.165213544984283,1.1616521354498428,moderada,consumo_pico_excesivo
2025-02-21 11:00:00,Tunja,salones,11,4,2.6841,2.276891,0.40720899999999993,17.884431007017902,1.178844310070179,moderada,consumo_pico_excesivo
2025-02-21 12:00:00,Chiquinquirá,comedor,12,4,0.8101,0.6950922,0.1150078,16.545689909914106,1.165456899099141,moderada,consumo_fuera_patron
2025-02-21 13:00:00,Duitama,comedor,13,4,2.5744,2.1933172,0.3810827999999997,17.37472354659872,1.1737472354659872,moderada,consumo_fuera_patron
2025-02-21 13:00:00,Tunja,comedor,13,4,1.3849,1.1247276,0.2601724000000001,23.13203659268254,1.2313203659268255,moderada,consumo_fuera_patron
2025-02-21 14:00:00,Duitama,salones,14,4,3.3944,2.7720945,0.6223055,22.448928057827754,1.2244892805782774,moderada,consumo_pico_excesivo
2025-02-21 14:00:00,Tunja,salones,14,4,1.2972,1.1196423,0.17755769999999993,15.85843085778377,1.1585843085778378,moderada,consumo_pico_excesivo
2025-02-21 15:00:00,Duitama,salones,15,4,3.4425,2.7928534,0.6496466000000001,23.261034753918704,1.232610347539187,moderada,consumo_pico_excesivo
2025-02-21 16:00:00,Sogamoso,salones,16,4,2.7318,2.3499367,0.3818632999999996,16.249939838805,1.16249939838805,moderada,consumo_pico_excesivo
2025-02-21 16:00:00,Tunja,comedor,16,4,0.6278,0.47730842,0.15049158,31.52921123830164,1.3152921123830164,critica,consumo_pico_excesivo
2025-02-21 19:00:00,Duitama,laboratorios,19,4,5.5817,4.7243056,0.8573943999999996,18.14858039666188,1.1814858039666187,moderada,consumo_fuera_patron
2025-02-21 19:00:00,Sogamoso,oficinas,19,4,1.8493,1.4563701,0.39292989999999994,26.980085625212986,1.26980085625213,moderada,consumo_fuera_patron
2025-02-21 20:00:00,Chiquinquirá,salones,20,4,1.2602,1.0627545,0.19744549999999994,18.57865574787027,1.1857865574787028,moderada,consumo_fuera_patron
2025-02-21 20:00:00,Duitama,laboratorios,20,4,5.3342,4.549933,0.7842669999999998,17.2368911805954,1.172368911805954,moderada,consumo_fuera_patron
2025-02-22 07:00:00,Chiquinquirá,laboratorios,7,5,1.3329,1.1455954,0.18730460000000004,16.349978360597472,1.1634997836059746,moderada,consumo_fin_semana_alto
2025-02-22 07:00:00,Duitama,laboratorios,7,5,6.645,5.7249804,0.9200195999999998,16.070266371566962,1.1607026637156697,moderada,consumo_fin_semana_alto
2025-02-22 07:00:00,Sogamoso,laboratorios,7,5,6.3379,5.4354086,0.9024914000000006,16.60392927957616,1.1660392927957617,moderada,consumo_fin_semana_alto
2025-02-22 08:00:00,Sogamoso,laboratorios,8,5,6.3766,5.3784494,0.9981505999999998,18.55833393170901,1.18558333931709,moderada,consumo_fin_semana_alto
2025-02-22 10:00:00,Chiquinquirá,laboratorios,10,5,1.2068,0.9996642,0.2071358000000001,20.720537956645853,1.2072053795664586,moderada,consumo_fin_semana_alto
2025-02-22 11:00:00,Tunja,oficinas,11,5,1.1615,0.85785013,0.30364987,35.39661059444031,1.353966105944403,critica,consumo_fin_semana_alto
2025-02-22 12:00:00,Chiquinquirá,laboratorios,12,5,1.2776,1.0443554,0.23324460000000014,22.33383386536807,1.2233383386536807,moderada,consumo_fin_semana_alto
2025-02-22 12:00:00,Duitama,salones,12,5,5.1681,4.405019,0.7630809999999997,17.322989980292924,1.1732298998029294,moderada,consumo_fin_semana_alto
2025-02-22 13:00:00,Duitama,comedor,13,5,1.3128,1.0197417,0.2930583,28.738483480669665,1.2873848348066967,moderada,consumo_fin_semana_alto
2025-02-22 13:00:00,Tunja,comedor,13,5,0.7207,0.4822417,0.2384583,49.44788059597501,1.49447880595975,critica,consumo_fin_semana_alto
2025-02-23 02:00:00,Duitama,oficinas,2,6,0.7707,0.6652416,0.10545840000000006,15.852646617409382,1.158526466174094,moderada,consumo_nocturno_alto
2025-02-23 02:00:00,Duitama,oficinas,2,6,0.7707,0.6652416,0.10545840000000006,15.852646617409382,1.158526466174094,moderada,consumo_nocturno_alto
2025-02-24 05:00:00,Sogamoso,oficinas,5,0,0.7311,0.62364084,0.10745916,17.23093696044666,1.1723093696044666,moderada,consumo_nocturno_alto
2025-02-24 07:00:00,Duitama,comedor,7,0,0.7241,0.6262974,0.09780259999999996,15.615999683217582,1.1561599968321759,moderada,consumo_pico_excesivo
2025-02-24 08:00:00,Tunja,salones,8,0,2.6028,2.1228416,0.4799583999999997,22.609242253402215,1.2260924225340222,moderada,consumo_pico_excesivo
2025-02-24 12:00:00,Duitama,oficinas,12,0,3.4798,2.4582891,1.0215109,41.553733448193704,1.415537334481937,critica,consumo_fuera_patron
2025-02-24 12:00:00,Tunja,salones,12,0,0.5162,0.44071174,0.07548825999999997,17.128715472839453,1.1712871547283945,moderada,consumo_fuera_patron
2025-02-24 13:00:00,Tunja,salones,13,0,0.5027,0.37334117,0.12935883000000004,34.64895928836352,1.3464895928836351,critica,consumo_fuera_patron
2025-02-24 14:00:00,Tunja,oficinas,14,0,2.6061,2.1853454,0.4207546,19.253459887851136,1.1925345988785114,moderada,consumo_pico_excesivo
2025-02-24 16:00:00,Tunja,comedor,16,0,0.61,0.45909736,0.15090263999999998,32.86942011602941,1.3286942011602942,critica,consumo_pico_excesivo
2025-02-24 17:00:00,Chiquinquirá,laboratorios,17,0,1.6465,1.3966393,0.24986070000000016,17.890138133732894,1.178901381337329,moderada,consumo_pico_excesivo
2025-02-24 18:00:00,Duitama,salones,18,0,2.6619,2.2909024,0.37099760000000037,16.194386980431833,1.1619438698043183,moderada,consumo_fuera_patron
2025-02-24 18:00:00,Tunja,salones,18,0,0.76,0.6327076,0.12729239999999997,20.118677253126084,1.2011867725312608,moderada,consumo_fuera_patron
2025-02-24 18:00:00,Tunja,laboratorios,18,0,1.8749,1.5950388,0.27986120000000003,17.545729922055816,1.175457299220558,moderada,consumo_fuera_patron
2025-02-24 18:00:00,Tunja,oficinas,18,0,0.7914,0.6270097,0.1643903,26.218143036702617,1.2621814303670262,moderada,consumo_fuera_patron
2025-02-24 19:00:00,Chiquinquirá,salones,19,0,1.3595,1.1704395,0.18906049999999985,16.15294938354352,1.1615294938354352,moderada,consumo_fuera_patron
2025-02-25 01:00:00,Chiquinquirá,laboratorios,1,1,0.5412,0.46774378,0.07345622000000002,15.70437131200334,1.1570437131200333,moderada,consumo_nocturno_alto
2025-02-25 10:00:00,Tunja,salones,10,1,2.6282,2.2274938,0.4007062000000001,17.989105065073588,1.1798910506507359,moderada,consumo_pico_excesivo
2025-02-25 12:00:00,Chiquinquirá,comedor,12,1,0.6287,0.41427281,0.21442719000000005,51.7598994730067,1.517598994730067,critica,consumo_fuera_patron
2025-02-25 12:00:00,Tunja,salones,12,1,0.6031,0.47189698,0.13120301999999995,27.803318427678843,1.2780331842767885,moderada,consumo_fuera_patron
2025-02-25 13:00:00,Chiquinquirá,salones,13,1,0.6662,0.5089808,0.1572192,30.88902371169993,1.3088902371169993,critica,consumo_fuera_patron
2025-02-25 14:00:00,Duitama,salones,14,1,6.6554,5.7516723,0.9037277000000001,15.71243375600519,1.157124337560052,moderada,consumo_pico_excesivo
2025-02-25 16:00:00,Tunja,comedor,16,1,0.5785,0.47917435,0.09932564999999999,20.728498927373717,1.2072849892737372,moderada,consumo_pico_excesivo
2025-02-25 17:00:00,Duitama,comedor,17,1,0.9661,0.7781398,0.1879601999999999,24.15506827950452,1.241550682795045,moderada,consumo_pico_excesivo
2025-02-25 18:00:00,Duitama,oficinas,18,1,2.2016,1.5600984,0.6415016,41.119303756737395,1.411193037567374,critica,consumo_fuera_patron
2025-02-25 19:00:00,Chiquinquirá,oficinas,19,1,0.8654,0.58949715,0.2759028499999999,46.80308462899268,1.4680308462899267,critica,consumo_fuera_patron
2025-02-25 19:00:00,Duitama,salones,19,1,2.9158,2.3687186,0.5470814000000002,23.09609085688778,1.2309609085688777,moderada,consumo_fuera_patron
2025-02-25 20:00:00,Duitama,oficinas,20,1,0.6672,0.57365644,0.09354355999999997,16.30654752171874,1.1630654752171874,moderada,consumo_fuera_patron
2025-02-26 07:00:00,Sogamoso,comedor,7,2,0.7232,0.60066277,0.12253722999999994,20.4003371142846,1.204003371142846,moderada,consumo_pico_excesivo
2025-02-26 08:00:00,Sogamoso,comedor,8,2,0.7425,0.6227182,0.11978180000000005,19.2353138225284,1.192353138225284,moderada,consumo_pico_excesivo
2025-02-26 09:00:00,Duitama,comedor,9,2,0.9085,0.71544427,0.19305572999999998,26.98403468938258,1.2698403468938257,moderada,consumo_pico_excesivo
2025-02-26 10:00:00,Sogamoso,oficinas,10,2,5.2186,4.4994774,0.7191226000000004,15.982358306766923,1.1598235830676693,moderada,consumo_pico_excesivo
2025-02-26 11:00:00,Chiquinquirá,laboratorios,11,2,1.8262,1.5467241,0.2794759,18.068891536635395,1.180688915366354,moderada,consumo_pico_excesivo
2025-02-26 11:00:00,Tunja,oficinas,11,2,2.6154,2.2712402,0.34415980000000035,15.152945954373315,1.151529459543733,moderada,consumo_pico_excesivo
2025-02-26 12:00:00,Duitama,comedor,12,2,2.4427,2.100886,0.34181399999999984,16.26999275543746,1.1626999275543746,moderada,consumo_fuera_patron
2025-02-26 12:00:00,Tunja,oficinas,12,2,1.7587,1.4911585,0.2675414999999999,17.941855275612877,1.1794185527561287,moderada,consumo_fuera_patron
2025-02-26 13:00:00,Duitama,oficinas,13,2,3.4336,2.9167707,0.5168293000000004,17.719229694675704,1.177192296946757,moderada,consumo_fuera_patron
2025-02-26 13:00:00,Tunja,salones,13,2,0.5144,0.33878073,0.17561927,51.83862435150901,1.51838624351509,critica,consumo_fuera_patron
2025-02-26 16:00:00,Chiquinquirá,laboratorios,16,2,1.7432,1.4179146,0.32528540000000006,22.94111366086505,1.2294111366086504,moderada,consumo_pico_excesivo
2025-02-26 16:00:00,Duitama,comedor,16,2,1.1631,0.9413617,0.22173830000000005,23.555058592249935,1.2355505859224993,moderada,consumo_pico_excesivo
2025-02-26 16:00:00,Sogamoso,comedor,16,2,1.1545,0.83927476,0.3152252400000001,37.559242220032935,1.3755924222003293,critica,consumo_pico_excesivo
2025-02-26 16:00:00,Tunja,comedor,16,2,0.631,0.45542032,0.17557968000000002,38.55332585950491,1.385533258595049,critica,consumo_pico_excesivo
2025-02-26 18:00:00,Chiquinquirá,salones,18,2,1.4387,1.2135339,0.22516610000000004,18.55457849179162,1.1855457849179163,moderada,consumo_fuera_patron
2025-02-26 18:00:00,Chiquinquirá,salones,18,2,1.4387,1.2135339,0.22516610000000004,18.55457849179162,1.1855457849179163,moderada,consumo_fuera_patron
2025-02-26 19:00:00,Chiquinquirá,oficinas,19,2,0.8926,0.69815165,0.19444834999999994,27.851878599728288,1.2785187859972829,moderada,consumo_fuera_patron
2025-02-26 19:00:00,Tunja,salones,19,2,1.0381,0.8959371,0.14216289999999998,15.867509002585113,1.1586750900258511,moderada,consumo_fuera_patron
2025-02-26 19:00:00,Tunja,oficinas,19,2,0.9702,0.79644173,0.17375827,21.816821426471463,1.2181682142647146,moderada,consumo_fuera_patron
2025-02-26 20:00:00,Chiquinquirá,salones,20,2,1.3765,1.1366549,0.23984510000000014,21.100960370645495,1.2110096037064548,moderada,consumo_fuera_patron
2025-02-26 20:00:00,Duitama,salones,20,2,2.9667,2.4501228,0.5165772,21.08372690544327,1.2108372690544327,moderada,consumo_fuera_patron
2025-02-26 20:00:00,Duitama,oficinas,20,2,0.7719,0.6625344,0.10936560000000006,16.507157967948544,1.1650715796794855,moderada,consumo_fuera_patron
2025-02-26 23:00:00,Sogamoso,oficinas,23,2,0.7296,0.6265847,0.10301530000000003,16.440762118832463,1.1644076211883245,moderada,consumo_fuera_patron
2025-02-27 07:00:00,Tunja,laboratorios,7,3,3.1864,2.7482142,0.43818579999999985,15.94438308338556,1.1594438308338557,moderada,consumo_pico_excesivo
2025-02-27 08:00:00,Duitama,oficinas,8,3,5.6476,4.720939,0.9266609999999993,19.628743349575142,1.1962874334957514,moderada,consumo_pico_excesivo
2025-02-27 09:00:00,Chiquinquirá,oficinas,9,3,2.5192,2.1651125,0.3540874999999999,16.35423101570934,1.1635423101570934,moderada,consumo_pico_excesivo
2025-02-27 11:00:00,Chiquinquirá,laboratorios,11,3,1.9165,1.5706061,0.3458939000000001,22.022956615283746,1.2202295661528375,moderada,consumo_pico_excesivo
2025-02-27 14:00:00,Sogamoso,oficinas,14,3,5.1575,4.2650824,0.8924175999999999,20.923806771001658,1.2092380677100165,moderada,consumo_pico_excesivo
2025-02-27 15:00:00,Chiquinquirá,salones,15,3,2.7506,2.3861308,0.3644691999999998,15.274485371883209,1.152744853718832,moderada,consumo_pico_excesivo
2025-02-27 15:00:00,Chiquinquirá,salones,15,3,2.7506,2.3861308,0.3644691999999998,15.274485371883209,1.152744853718832,moderada,consumo_pico_excesivo
2025-02-27 15:00:00,Duitama,salones,15,3,6.3255,5.444105,0.8813949999999995,16.18989714562815,1.1618989714562815,moderada,consumo_pico_excesivo
2025-02-27 16:00:00,Duitama,comedor,16,3,1.1509,0.94593185,0.20496815000000002,21.66838446131188,1.2166838446131187,moderada,consumo_pico_excesivo
2025-02-27 16:00:00,Sogamoso,comedor,16,3,1.0773,0.87969023,0.1976097699999999,22.46356311130111,1.224635631113011,moderada,consumo_pico_excesivo
2025-02-27 16:00:00,Tunja,comedor,16,3,0.5873,0.5000291,0.08727090000000004,17.453164225842063,1.1745316422584207,moderada,consumo_pico_excesivo
2025-02-27 17:00:00,Duitama,comedor,17,3,1.2038,0.88971823,0.3140817699999999,35.30126273797941,1.353012627379794,critica,consumo_pico_excesivo
2025-02-27 18:00:00,Sogamoso,salones,18,3,2.3736,2.0518906,0.32170940000000003,15.678681894639023,1.1567868189463901,moderada,consumo_fuera_patron
2025-02-27 18:00:00,Sogamoso,oficinas,18,3,1.7671,1.4207939,0.34630609999999984,24.374126324725903,1.243741263247259,moderada,consumo_fuera_patron
2025-02-27 19:00:00,Chiquinquirá,oficinas,19,3,0.9573,0.76723295,0.19006705000000002,24.773056214543445,1.2477305621454344,moderada,consumo_fuera_patron
2025-02-27 20:00:00,Duitama,oficinas,20,3,0.7787,0.57365644,0.2050435599999999,35.74326821816903,1.3574326821816902,critica,consumo_fuera_patron
2025-02-27 20:00:00,Tunja,salones,20,3,1.0343,0.8980052,0.13629480000000005,15.177506767221399,1.151775067672214,moderada,consumo_fuera_patron
2025-02-28 08:00:00,Sogamoso,oficinas,8,4,5.2643,4.512633,0.7516670000000003,16.65694950154378,1.166569495015438,moderada,consumo_pico_excesivo
2025-02-28 09:00:00,Chiquinquirá,laboratorios,9,4,1.7745,1.4841322,0.29036780000000006,19.56482043850272,1.1956482043850272,moderada,consumo_pico_excesivo
2025-02-28 09:00:00,Duitama,comedor,9,4,0.9038,0.7309014,0.1728986,23.655530007193857,1.2365553000719385,moderada,consumo_pico_excesivo
2025-02-28 09:00:00,Tunja,oficinas,9,4,2.8281,2.362656,0.4654440000000002,19.7000325057901,1.197000325057901,moderada,consumo_pico_excesivo
2025-02-28 12:00:00,Chiquinquirá,salones,12,4,0.6489,0.4993673,0.14953270000000002,29.944431683852752,1.2994443168385275,moderada,consumo_fuera_patron
2025-02-28 12:00:00,Sogamoso,salones,12,4,1.2283,0.96299535,0.2653046499999999,27.549940921313887,1.2754994092131389,moderada,consumo_fuera_patron
2025-02-28 13:00:00,Duitama,comedor,13,4,2.5533,2.213107,0.3401930000000002,15.371737561717541,1.1537173756171755,moderada,consumo_fuera_patron
2025-02-28 14:00:00,Chiquinquirá,salones,14,4,1.6151,0.89427346,0.72082654,80.6047112255797,1.806047112255797,critica,consumo_pico_excesivo
2025-02-28 14:00:00,Chiquinquirá,oficinas,14,4,1.7016,1.3833412,0.31825879999999995,23.00652940865203,1.2300652940865204,moderada,consumo_pico_excesivo
2025-02-28 14:00:00,Sogamoso,salones,14,4,2.6377,2.0964043,0.5412957,25.820196037567754,1.2582019603756776,moderada,consumo_pico_excesivo
2025-02-28 14:00:00,Tunja,laboratorios,14,4,2.9932,2.544139,0.44906099999999993,17.650804456831956,1.1765080445683196,moderada,consumo_pico_excesivo
2025-02-28 16:00:00,Chiquinquirá,oficinas,16,4,1.7816,1.3629959,0.41860410000000003,30.712058634952612,1.307120586349526,critica,consumo_pico_excesivo
2025-02-28 16:00:00,Duitama,oficinas,16,4,3.5621,3.081876,0.4802240000000002,15.582197336946724,1.1558219733694672,moderada,consumo_pico_excesivo
2025-02-28 16:00:00,Tunja,comedor,16,4,0.5955,0.49100542,0.10449458,21.281756930503946,1.2128175693050394,moderada,consumo_pico_excesivo
2025-02-28 16:00:00,Tunja,oficinas,16,4,1.8433,1.4485719,0.3947281,27.249465490805118,1.2724946549080511,moderada,consumo_pico_excesivo
2025-02-28 19:00:00,Sogamoso,salones,19,4,2.4179,2.0751572,0.3427427999999999,16.516474029051867,1.1651647402905188,moderada,consumo_fuera_patron
2025-02-28 19:00:00,Sogamoso,oficinas,19,4,1.6547,1.3796663,0.27503370000000005,19.934798726329696,1.199347987263297,moderada,consumo_fuera_patron
2025-02-28 19:00:00,Tunja,oficinas,19,4,1.0583,0.69926786,0.35903214000000006,51.34400714484434,1.5134400714484433,critica,consumo_fuera_patron
2025-03-01 03:00:00,Tunja,laboratorios,3,5,4.479773357803039,2.1378539,2.3419194578030393,109.54534628409543,2.0954534628409545,critica,consumo_nocturno_alto
2025-03-01 07:00:00,Duitama,oficinas,7,5,0.7321,0.5924956,0.13960439999999996,23.562099026558165,1.2356209902655817,moderada,consumo_fin_semana_alto
2025-03-01 08:00:00,Chiquinquirá,laboratorios,8,5,1.2884,1.0387515,0.24964849999999994,24.033515234394358,1.2403351523439436,moderada,consumo_fin_semana_alto
2025-03-01 08:00:00,Tunja,salones,8,5,1.9448,1.4489841,0.4958159,34.218173960639035,1.3421817396063904,critica,consumo_fin_semana_alto
2025-03-01 09:00:00,Sogamoso,salones,9,5,4.2938,3.4559414,0.8378586000000001,24.244004831794893,1.242440048317949,moderada,consumo_fin_semana_alto
2025-03-01 11:00:00,Sogamoso,laboratorios,11,5,6.8422,5.933401,0.9087990000000001,15.316662399861396,1.153166623998614,moderada,consumo_fin_semana_alto
2025-03-01 11:00:00,Sogamoso,oficinas,11,5,2.2965,1.883491,0.41300899999999996,21.927845686546945,1.2192784568654695,moderada,consumo_fin_semana_alto
2025-03-01 12:00:00,Duitama,comedor,12,5,1.3853,1.1935221,0.19177789999999995,16.06823200006099,1.16068232000061,moderada,consumo_fin_semana_alto
2025-03-01 12:00:00,Sogamoso,comedor,12,5,1.308,1.1111065,0.19689350000000005,17.720488540027446,1.1772048854002746,moderada,consumo_fin_semana_alto
2025-03-01 12:00:00,Tunja,salones,12,5,1.8023,0.6101183,1.1921817,195.4017278288489,2.9540172782884895,critica,consumo_fin_semana_alto
2025-03-01 13:00:00,Sogamoso,comedor,13,5,1.1041,0.866459,0.2376410000000001,27.426687240827334,1.2742668724082733,moderada,consumo_fin_semana_alto
2025-03-01 13:00:00,Tunja,comedor,13,5,0.6248,0.48076415,0.14403585000000002,29.959773414885454,1.2995977341488545,moderada,consumo_fin_semana_alto
2025-03-01 14:00:00,Sogamoso,oficinas,14,5,0.7187,0.6135562,0.10514380000000001,17.13678388385612,1.171367838838561,moderada,consumo_fin_semana_alto
2025-03-02 06:00:00,Tunja,laboratorios,6,6,4.284372517179247,2.4018734,1.8824991171792473,78.37628399478704,1.7837628399478704,critica,consumo_nocturno_alto
2025-03-02 16:00:00,Duitama,oficinas,16,6,0.7731,0.66817063,0.10492937000000002,15.703978188924589,1.157039781889246,moderada,consumo_fin_semana_alto
2025-03-03 07:00:00,Sogamoso,comedor,7,0,0.6623,0.5647455,0.09755449999999999,17.274064158103073,1.1727406415810306,moderada,consumo_pico_excesivo
2025-03-03 09:00:00,Sogamoso,comedor,9,0,0.8599,0.6788146,0.18108539999999995,26.676709664170446,1.2667670966417044,moderada,consumo_pico_excesivo
2025-03-03 09:00:00,Sogamoso,oficinas,9,0,5.5833,4.850678,0.7326220000000001,15.10349687198367,1.1510349687198367,moderada,consumo_pico_excesivo
2025-03-03 09:00:00,Tunja,salones,9,0,2.6462,2.2735357,0.37266429999999984,16.391398648369577,1.1639139864836958,moderada,consumo_pico_excesivo
2025-03-03 12:00:00,Duitama,oficinas,12,0,3.6403,3.0341685,0.6061315,19.976856921426748,1.1997685692142674,moderada,consumo_fuera_patron
2025-03-03 12:00:00,Sogamoso,salones,12,0,1.2172,1.0223167,0.1948833000000001,19.062908783550156,1.1906290878355015,moderada,consumo_fuera_patron
2025-03-03 13:00:00,Duitama,salones,13,0,1.2676,1.0732076,0.19439240000000013,18.11321500145919,1.181132150014592,moderada,consumo_fuera_patron
2025-03-03 13:00:00,Sogamoso,salones,13,0,1.1814,0.96596396,0.21543604000000005,22.302699574837145,1.2230269957483715,moderada,consumo_fuera_patron
2025-03-03 16:00:00,Duitama,comedor,16,0,1.1229,0.91172445,0.21117555,23.162212003857086,1.2316221200385709,moderada,consumo_pico_excesivo
2025-03-03 16:00:00,Sogamoso,comedor,16,0,1.1428,0.9864128,0.15638720000000006,15.854133279697919,1.1585413327969791,moderada,consumo_pico_excesivo
2025-03-03 16:00:00,Tunja,laboratorios,16,0,3.2486,2.7869885,0.46161150000000006,16.563093102106453,1.1656309310210644,moderada,consumo_pico_excesivo
2025-03-03 18:00:00,Tunja,oficinas,18,0,0.9823,0.84248465,0.13981535,16.595596133413235,1.1659559613341324,moderada,consumo_fuera_patron
2025-03-03 19:00:00,Duitama,oficinas,19,0,1.9658,1.5581009,0.4076991000000001,26.166411944181544,1.2616641194418154,moderada,consumo_fuera_patron
2025-03-03 19:00:00,Sogamoso,salones,19,0,2.5252,2.1932058,0.3319942,15.137393855150302,1.151373938551503,moderada,consumo_fuera_patron
2025-03-04 12:00:00,Chiquinquirá,comedor,12,1,0.8557,0.6994924,0.1562076,22.331565003422483,1.2233156500342248,moderada,consumo_fuera_patron
2025-03-04 12:00:00,Chiquinquirá,salones,12,1,0.6381,0.5236852,0.11441480000000004,21.84801098064258,1.2184801098064257,moderada,consumo_fuera_patron
2025-03-04 12:00:00,Duitama,salones,12,1,1.4651,1.0499277,0.41517230000000005,39.54294186161581,1.395429418616158,critica,consumo_fuera_patron
2025-03-04 12:00:00,Sogamoso,comedor,12,1,1.9952,1.2471948,0.7480052000000001,59.975009517358494,1.5997500951735848,critica,consumo_fuera_patron
2025-03-04 12:00:00,Sogamoso,oficinas,12,1,3.0244,2.4370756,0.5873244,24.09955604167552,1.2409955604167553,moderada,consumo_fuera_patron
2025-03-04 12:00:00,Tunja,salones,12,1,0.5855,0.40979436,0.17570564,42.876539345246236,1.4287653934524622,critica,consumo_fuera_patron
2025-03-04 13:00:00,Duitama,salones,13,1,1.4277,1.1640745,0.26362550000000007,22.646789359272116,1.2264678935927211,moderada,consumo_fuera_patron
2025-03-04 13:00:00,Tunja,salones,13,1,0.5908,0.42138907,0.16941093000000002,40.20297204196588,1.4020297204196588,critica,consumo_fuera_patron
2025-03-04 15:00:00,Duitama,oficinas,15,1,5.3713,4.5331106,0.8381894000000001,18.49038053472598,1.1849038053472598,moderada,consumo_pico_excesivo
2025-03-04 17:00:00,Sogamoso,comedor,17,1,1.131,0.8891584,0.2418416,27.19893328342846,1.2719893328342846,moderada,consumo_pico_excesivo
2025-03-04 18:00:00,Chiquinquirá,oficinas,18,1,0.9604,0.7946344,0.16576560000000007,20.86061212552591,1.208606121255259,moderada,consumo_fuera_patron
2025-03-04 19:00:00,Chiquinquirá,salones,19,1,1.3549,1.1089102,0.24598980000000004,22.183022574776572,1.2218302257477658,moderada,consumo_fuera_patron
2025-03-04 19:00:00,Chiquinquirá,oficinas,19,1,0.8795,0.6466957,0.23280429999999996,35.999048702504126,1.3599904870250412,critica,consumo_fuera_patron
2025-03-04 19:00:00,Sogamoso,salones,19,1,1.6333,1.32359,0.30970999999999993,23.399239945904693,1.233992399459047,moderada,consumo_fuera_patron
2025-03-04 20:00:00,Duitama,salones,20,1,2.2596,1.852739,0.4068609999999999,21.959973854925057,1.2195997385492505,moderada,consumo_fuera_patron
2025-03-05 07:00:00,Duitama,comedor,7,2,0.7788,0.6065668,0.1722332000000001,28.39476212677649,1.283947621267765,moderada,consumo_pico_excesivo
2025-03-05 07:00:00,Sogamoso,comedor,7,2,0.6782,0.58250403,0.09569597000000007,16.428379044862588,1.1642837904486258,moderada,consumo_pico_excesivo
2025-03-05 08:00:00,Sogamoso,salones,8,2,6.3212,5.431764,0.8894359999999999,16.374717310987734,1.1637471731098774,moderada,consumo_pico_excesivo
2025-03-05 12:00:00,Chiquinquirá,salones,12,2,0.6421,0.53765225,0.10444774999999995,19.426636827056885,1.1942663682705688,moderada,consumo_fuera_patron
2025-03-05 12:00:00,Chiquinquirá,laboratorios,12,2,0.908,0.76724386,0.14075614000000003,18.345684773547752,1.1834568477354774,moderada,consumo_fuera_patron
2025-03-05 12:00:00,Duitama,comedor,12,2,2.7592,2.3057475,0.45345250000000004,19.666182008220765,1.1966618200822077,moderada,consumo_fuera_patron
2025-03-05 13:00:00,Chiquinquirá,comedor,13,2,0.8297,0.71993434,0.10976565999999999,15.246620962683902,1.152466209626839,moderada,consumo_fuera_patron
2025-03-05 13:00:00,Chiquinquirá,oficinas,13,2,1.6163,1.3588243,0.2574757000000001,18.948417392888846,1.1894841739288884,moderada,consumo_fuera_patron
2025-03-05 13:00:00,Tunja,comedor,13,2,1.3459,1.1160065,0.2298935000000002,20.5996560055878,1.205996560055878,moderada,consumo_fuera_patron
2025-03-05 14:00:00,Chiquinquirá,laboratorios,14,2,1.7339,1.4877739,0.2461260999999999,16.54324625536178,1.1654324625536179,moderada,consumo_pico_excesivo
2025-03-05 16:00:00,Chiquinquirá,salones,16,2,3.1359,2.7148707,0.42102929999999983,15.508263432214278,1.1550826343221428,moderada,consumo_pico_excesivo
2025-03-05 16:00:00,Duitama,comedor,16,2,1.1759,0.916395,0.259505,28.318028797625477,1.2831802879762548,moderada,consumo_pico_excesivo
2025-03-05 16:00:00,Sogamoso,comedor,16,2,1.1464,0.8591163,0.28728370000000003,33.43944236653408,1.334394423665341,critica,consumo_pico_excesivo
2025-03-05 16:00:00,Tunja,laboratorios,16,2,3.249,2.766818,0.4821819999999999,17.42731180728186,1.1742731180728185,moderada,consumo_pico_excesivo
2025-03-05 18:00:00,Sogamoso,salones,18,2,2.7249,2.3182092,0.4066907999999998,17.54331748834401,1.1754331748834401,moderada,consumo_fuera_patron
2025-03-05 18:00:00,Tunja,oficinas,18,2,0.7989,0.6676154,0.13128460000000008,19.66470515808954,1.1966470515808953,moderada,consumo_fuera_patron
2025-03-05 19:00:00,Sogamoso,oficinas,19,2,1.7621,1.4415994,0.3205005999999999,22.232292826980917,1.2223229282698092,moderada,consumo_fuera_patron
2025-03-05 19:00:00,Tunja,salones,19,2,1.0879,0.890541,0.19735900000000006,22.161697215512824,1.2216169721551282,moderada,consumo_fuera_patron
2025-03-06 07:00:00,Sogamoso,comedor,7,3,0.6977,0.59669673,0.10100326999999998,16.927069467935578,1.1692706946793558,moderada,consumo_pico_excesivo
2025-03-06 12:00:00,Chiquinquirá,comedor,12,3,0.7649,0.6497304,0.11516959999999998,17.72575209656189,1.1772575209656189,moderada,consumo_fuera_patron
2025-03-06 12:00:00,Chiquinquirá,salones,12,3,0.5476,0.4530827,0.09451729999999997,20.860937749333612,1.2086093774933362,moderada,consumo_fuera_patron
2025-03-06 12:00:00,Duitama,oficinas,12,3,3.728,3.1059754,0.6220246,20.026707230198927,1.2002670723019893,moderada,consumo_fuera_patron
2025-03-06 12:00:00,Sogamoso,salones,12,3,1.2093,1.0367029,0.17259709999999995,16.648656042150545,1.1664865604215056,moderada,consumo_fuera_patron
2025-03-06 13:00:00,Chiquinquirá,laboratorios,13,3,0.9146,0.777767,0.13683299999999998,17.593058075233326,1.1759305807523333,moderada,consumo_fuera_patron
2025-03-06 13:00:00,Duitama,salones,13,3,1.3895,1.0775523,0.31194769999999994,28.949657478342345,1.2894965747834235,moderada,consumo_fuera_patron
2025-03-06 16:00:00,Tunja,comedor,16,3,0.5543,0.4567415,0.09755849999999999,21.359675002162053,1.2135967500216205,moderada,consumo_pico_excesivo
2025-03-06 17:00:00,Chiquinquirá,laboratorios,17,3,1.5959,1.3639228,0.2319772,17.00808872760247,1.1700808872760247,moderada,consumo_pico_excesivo
2025-03-06 17:00:00,Duitama,comedor,17,3,1.1261,0.9526372,0.17346280000000014,18.20869476858558,1.1820869476858558,moderada,consumo_pico_excesivo
2025-03-06 17:00:00,Duitama,salones,17,3,6.3859,5.5327663,0.8531337000000008,15.41965905915818,1.1541965905915819,moderada,consumo_pico_excesivo
2025-03-06 18:00:00,Chiquinquirá,oficinas,18,3,0.822,0.7057211,0.11627889999999996,16.476608110484435,1.1647660811048444,moderada,consumo_fuera_patron
2025-03-06 18:00:00,Tunja,oficinas,18,3,0.9284,0.7821045,0.14629550000000002,18.70536482017429,1.1870536482017429,moderada,consumo_fuera_patron
2025-03-06 19:00:00,Chiquinquirá,salones,19,3,1.4243,1.1658158,0.25848419999999983,22.171958897794987,1.22171958897795,moderada,consumo_fuera_patron
2025-03-06 19:00:00,Tunja,oficinas,19,3,0.8463,0.72497004,0.12132996000000007,16.735858491476428,1.1673585849147643,moderada,consumo_fuera_patron
2025-03-07 07:00:00,Chiquinquirá,laboratorios,7,4,1.7739,1.540037,0.23386299999999993,15.185544243417523,1.1518554424341751,moderada,consumo_pico_excesivo
2025-03-07 09:00:00,Sogamoso,oficinas,9,4,5.5415,4.7676344,0.7738655999999997,16.23164729241822,1.1623164729241822,moderada,consumo_pico_excesivo
2025-03-07 11:00:00,Chiquinquirá,laboratorios,11,4,1.7543,1.5018806,0.25241939999999996,16.806888643478047,1.1680688864347806,moderada,consumo_pico_excesivo
2025-03-07 11:00:00,Duitama,salones,11,4,6.7525,5.6428866,1.1096134000000006,19.66393228600413,1.1966393228600414,moderada,consumo_pico_excesivo
2025-03-07 12:00:00,Chiquinquirá,laboratorios,12,4,0.9213,0.7858985,0.13540149999999995,17.228878792872102,1.172288787928721,moderada,consumo_fuera_patron
2025-03-07 12:00:00,Sogamoso,oficinas,12,4,3.6397,3.1550078,0.4846922,15.362630799201193,1.153626307992012,moderada,consumo_fuera_patron
2025-03-07 13:00:00,Chiquinquirá,comedor,13,4,0.6983,0.60012203,0.09817797000000006,16.359667716247657,1.1635966771624766,moderada,consumo_fuera_patron
2025-03-07 13:00:00,Sogamoso,comedor,13,4,2.1432,1.2989128,0.8442872000000001,64.99952883673177,1.6499952883673177,critica,consumo_fuera_patron
2025-03-07 13:00:00,Sogamoso,oficinas,13,4,2.8847,2.4370756,0.44762440000000003,18.367275926934727,1.1836727592693472,moderada,consumo_fuera_patron
2025-03-07 14:00:00,Duitama,oficinas,14,4,4.0527,3.3397267,0.7129732999999998,21.348252837574996,1.21348252837575,moderada,consumo_pico_excesivo
2025-03-07 16:00:00,Sogamoso,salones,16,4,2.7358,2.128209,0.6075909999999998,28.549404687227607,1.285494046872276,moderada,consumo_pico_excesivo
2025-03-07 16:00:00,Tunja,salones,16,4,1.1034,0.8955501,0.20784989999999992,23.209187291699248,1.2320918729169925,moderada,consumo_pico_excesivo
2025-03-07 17:00:00,Chiquinquirá,salones,17,4,1.3582,1.1407607,0.2174393000000001,19.06090383373131,1.1906090383373131,moderada,consumo_pico_excesivo
2025-03-07 17:00:00,Sogamoso,salones,17,4,3.1722,2.4842415,0.6879585000000001,27.692899422218016,1.2769289942221802,moderada,consumo_pico_excesivo
2025-03-07 17:00:00,Sogamoso,oficinas,17,4,3.5532,2.961505,0.5916950000000001,19.979537431137214,1.199795374311372,moderada,consumo_pico_excesivo
2025-03-07 18:00:00,Chiquinquirá,laboratorios,18,4,1.0401,0.8938636,0.14623640000000004,16.360035244750996,1.16360035244751,moderada,consumo_fuera_patron
2025-03-07 18:00:00,Duitama,oficinas,18,4,2.0719,1.6650677,0.4068322999999998,24.433378895044317,1.244333788950443,moderada,consumo_fuera_patron
2025-03-07 18:00:00,Sogamoso,oficinas,18,4,1.8068,1.5607324,0.24606759999999994,15.766162091592378,1.1576616209159238,moderada,consumo_fuera_patron
2025-03-07 18:00:00,Tunja,oficinas,18,4,0.847,0.69048643,0.15651357,22.667146405759198,1.226671464057592,moderada,consumo_fuera_patron
2025-03-07 19:00:00,Sogamoso,oficinas,19,4,1.7393,1.3481389,0.39116110000000015,29.01489601702022,1.290148960170202,moderada,consumo_fuera_patron
2025-03-07 19:00:00,Tunja,salones,19,4,0.8668,0.62395,0.24285,38.9213879317253,1.389213879317253,critica,consumo_fuera_patron
2025-03-07 19:00:00,Tunja,oficinas,19,4,0.9355,0.63272613,0.30277387,47.85227852056624,1.4785227852056624,critica,consumo_fuera_patron
2025-03-07 20:00:00,Duitama,laboratorios,20,4,5.5707,4.726005,0.8446950000000006,17.87334122583452,1.1787334122583453,moderada,consumo_fuera_patron
2025-03-08 07:00:00,Chiquinquirá,salones,7,5,2.1963,1.8927796,0.3035204,16.035696918965105,1.1603569691896511,moderada,consumo_fin_semana_alto
2025-03-08 07:00:00,Sogamoso,laboratorios,7,5,6.1859,5.3023195,0.8835804999999999,16.664037314235777,1.1666403731423578,moderada,consumo_fin_semana_alto
2025-03-08 07:00:00,Sogamoso,oficinas,7,5,0.6959,0.5150288,0.1808712,35.118657442069264,1.3511865744206926,critica,consumo_fin_semana_alto
2025-03-08 10:00:00,Sogamoso,oficinas,10,5,2.1568,1.6447976,0.5120024000000001,31.128596004760713,1.3112859600476072,critica,consumo_fin_semana_alto
2025-03-08 10:00:00,Tunja,oficinas,10,5,1.0138,0.85785013,0.15594987000000005,18.179150943300556,1.1817915094330056,moderada,consumo_fin_semana_alto
2025-03-08 11:00:00,Sogamoso,laboratorios,11,5,6.3959,5.271051,1.1248490000000002,21.340127424303052,1.2134012742430305,moderada,consumo_fin_semana_alto
2025-03-08 13:00:00,Sogamoso,oficinas,13,5,0.7126,0.48271453,0.22988547000000004,47.62348255810739,1.4762348255810738,critica,consumo_fin_semana_alto
2025-03-08 13:00:00,Tunja,comedor,13,5,0.687,0.5731467,0.11385330000000005,19.864600110233567,1.1986460011023357,moderada,consumo_fin_semana_alto
2025-03-08 16:00:00,Chiquinquirá,laboratorios,16,5,0.5227,0.44141573,0.08128427000000005,18.414447985349334,1.1841444798534932,moderada,consumo_fin_semana_alto
2025-03-08 18:00:00,Duitama,oficinas,18,5,0.7716,0.6509307,0.12066929999999998,18.537964179596997,1.1853796417959699,moderada,consumo_fin_semana_alto
2025-03-09 13:00:00,Duitama,oficinas,13,6,0.7735,0.67153823,0.10196176999999995,15.18331577339982,1.1518331577339982,moderada,consumo_fin_semana_alto
2025-03-10 07:00:00,Duitama,comedor,7,0,0.7963,0.64486396,0.15143604,23.48340881075134,1.2348340881075135,moderada,consumo_pico_excesivo
2025-03-10 07:00:00,Tunja,laboratorios,7,0,3.3711,2.8899858,0.4811142000000004,16.647631971063678,1.1664763197106367,moderada,consumo_pico_excesivo
2025-03-10 08:00:00,Sogamoso,comedor,8,0,0.728,0.58221334,0.14578665999999996,25.040075515961203,1.2504007551596121,moderada,consumo_pico_excesivo
2025-03-10 09:00:00,Duitama,comedor,9,0,0.8481,0.7324988,0.11560119999999996,15.781759642473128,1.1578175964247313,moderada,consumo_pico_excesivo
2025-03-10 09:00:00,Sogamoso,comedor,9,0,0.8493,0.6890336,0.16026640000000003,23.259591404541087,1.2325959140454108,moderada,consumo_pico_excesivo
2025-03-10 10:00:00,Duitama,oficinas,10,0,5.9695,4.8841157,1.0853843000000003,22.222739317989546,1.2222273931798955,moderada,consumo_pico_excesivo
2025-03-10 10:00:00,Sogamoso,comedor,10,0,0.8452,0.7092347,0.13596529999999996,19.17070611463313,1.1917070611463314,moderada,consumo_pico_excesivo
2025-03-10 11:00:00,Duitama,oficinas,11,0,5.7093,4.9398627,0.7694372999999999,15.576086760468058,1.1557608676046807,moderada,consumo_pico_excesivo
2025-03-10 12:00:00,Chiquinquirá,laboratorios,12,0,0.8911,0.7623754,0.12872459999999997,16.884673875888435,1.1688467387588843,moderada,consumo_fuera_patron
2025-03-10 12:00:00,Sogamoso,oficinas,12,0,3.0957,2.3894944,0.7062056000000001,29.55460368519801,1.2955460368519802,moderada,consumo_fuera_patron
2025-03-10 12:00:00,Tunja,salones,12,0,0.5257,0.39331093,0.13238906999999994,33.66015533816971,1.336601553381697,critica,consumo_fuera_patron
2025-03-10 13:00:00,Chiquinquirá,laboratorios,13,0,0.8861,0.7021497,0.1839503,26.198159737161465,1.2619815973716146,moderada,consumo_fuera_patron
2025-03-10 13:00:00,Sogamoso,salones,13,0,1.1014,0.91452146,0.18687853999999993,20.434571322142613,1.2043457132214261,moderada,consumo_fuera_patron
2025-03-10 14:00:00,Tunja,laboratorios,14,0,3.3727,2.758298,0.6144020000000001,22.27467808046847,1.2227467808046846,moderada,consumo_pico_excesivo
2025-03-10 15:00:00,Duitama,salones,15,0,6.9053,5.862299,1.0430010000000003,17.791671833865866,1.1779167183386587,moderada,consumo_pico_excesivo
2025-03-10 15:00:00,Sogamoso,salones,15,0,5.4063,4.4376435,0.9686564999999998,21.8281729931663,1.218281729931663,moderada,consumo_pico_excesivo
2025-03-10 17:00:00,Chiquinquirá,salones,17,0,3.1918,2.6587365,0.5330635000000004,20.049504717748466,1.2004950471774847,moderada,consumo_pico_excesivo
2025-03-10 18:00:00,Duitama,oficinas,18,0,2.0318,1.6932781,0.33852190000000015,19.99210289201757,1.1999210289201756,moderada,consumo_fuera_patron
2025-03-10 18:00:00,Tunja,salones,18,0,0.9534,0.7921164,0.16128359999999997,20.361098444622527,1.2036109844462253,moderada,consumo_fuera_patron
2025-03-10 19:00:00,Duitama,oficinas,19,0,2.2457,1.8605106,0.3851893999999998,20.703424103039232,1.2070342410303923,moderada,consumo_fuera_patron
2025-03-10 19:00:00,Tunja,salones,19,0,1.0953,0.7832594,0.3120405999999999,39.83873031080123,1.3983873031080123,critica,consumo_fuera_patron
2025-03-10 20:00:00,Sogamoso,salones,20,0,2.3039,1.9978971,0.30600289999999997,15.316249270295248,1.1531624927029525,moderada,consumo_fuera_patron
2025-03-10 20:00:00,Tunja,salones,20,0,0.8141,0.6577278,0.15637220000000007,23.774607063894834,1.2377460706389483,moderada,consumo_fuera_patron
2025-03-10 20:00:00,Tunja,laboratorios,20,0,2.0142,1.5826648,0.4315352000000001,27.26636745822616,1.2726636745822615,moderada,consumo_fuera_patron
2025-03-11 07:00:00,Chiquinquirá,oficinas,7,1,2.7554,2.3598604,0.39553959999999977,16.761144006653943,1.1676114400665394,moderada,consumo_pico_excesivo
2025-03-11 07:00:00,Duitama,comedor,7,1,0.7561,0.62951815,0.12658185,20.107736369475607,1.201077363694756,moderada,consumo_pico_excesivo
2025-03-11 07:00:00,Sogamoso,laboratorios,7,1,8.9028,7.618097,1.2847029999999995,16.86383095410835,1.1686383095410835,moderada,consumo_pico_excesivo
2025-03-11 09:00:00,Duitama,salones,9,1,7.0278,6.0614552,0.9663447999999999,15.942455534439977,1.1594245553443998,moderada,consumo_pico_excesivo
2025-03-11 10:00:00,Chiquinquirá,oficinas,10,1,2.5597,2.1801026,0.37959739999999975,17.41190529289767,1.1741190529289767,moderada,consumo_pico_excesivo
2025-03-11 10:00:00,Duitama,comedor,10,1,0.8685,0.69917166,0.16932834000000008,24.21842155329924,1.2421842155329923,moderada,consumo_pico_excesivo
2025-03-11 10:00:00,Sogamoso,comedor,10,1,0.8668,0.70927536,0.15752464,22.20923619847727,1.2220923619847728,moderada,consumo_pico_excesivo
2025-03-11 12:00:00,Chiquinquirá,salones,12,1,0.6298,0.48850748,0.14129252000000003,28.923307376992476,1.2892330737699247,moderada,consumo_fuera_patron
2025-03-11 12:00:00,Duitama,salones,12,1,1.454,1.1888474,0.26515259999999996,22.303333463992097,1.223033334639921,moderada,consumo_fuera_patron
2025-03-11 12:00:00,Sogamoso,salones,12,1,1.2411,1.0449672,0.1961328,18.76927811705477,1.1876927811705478,moderada,consumo_fuera_patron
2025-03-11 12:00:00,Tunja,salones,12,1,0.524,0.44340667,0.08059333000000002,18.175939933425003,1.1817593993342501,moderada,consumo_fuera_patron
2025-03-11 13:00:00,Chiquinquirá,salones,13,1,0.5511,0.35858798,0.19251202000000006,53.686133037699726,1.5368613303769971,critica,consumo_fuera_patron
2025-03-11 13:00:00,Chiquinquirá,laboratorios,13,1,0.7372,0.59355074,0.14364926,24.20168156137755,1.2420168156137754,moderada,consumo_fuera_patron
2025-03-11 13:00:00,Chiquinquirá,oficinas,13,1,1.3105,1.0472806,0.2632194000000001,25.133607936593126,1.2513360793659314,moderada,consumo_fuera_patron
2025-03-11 13:00:00,Duitama,oficinas,13,1,3.7962,3.1878564,0.6083436,19.083155690450802,1.190831556904508,moderada,consumo_fuera_patron
2025-03-11 14:00:00,Tunja,salones,14,1,2.5573,2.0131943,0.5441057000000002,27.026983932946774,1.2702698393294678,moderada,consumo_pico_excesivo
2025-03-11 15:00:00,Sogamoso,laboratorios,15,1,8.6808,7.2471204,1.4336795999999996,19.782748469309265,1.1978274846930927,moderada,consumo_pico_excesivo
2025-03-11 17:00:00,Chiquinquirá,laboratorios,17,1,1.6402,1.3926977,0.24750230000000006,17.77143022495119,1.177714302249512,moderada,consumo_pico_excesivo
2025-03-11 17:00:00,Duitama,salones,17,1,6.2127,5.3570447,0.8556552999999996,15.972524925916701,1.159725249259167,moderada,consumo_pico_excesivo
2025-03-11 20:00:00,Duitama,oficinas,20,1,0.7283,0.60268486,0.12561513999999996,20.84259093550151,1.2084259093550151,moderada,consumo_fuera_patron
2025-03-12 07:00:00,Duitama,oficinas,7,2,5.5033,4.775797,0.7275030000000005,15.233122345861863,1.1523312234586187,moderada,consumo_pico_excesivo
2025-03-12 07:00:00,Sogamoso,comedor,7,2,0.6904,0.5819431,0.10845689999999997,18.63702825929201,1.18637028259292,moderada,consumo_pico_excesivo
2025-03-12 08:00:00,Duitama,comedor,8,2,0.7987,0.63665366,0.16204633999999996,25.452824695926502,1.2545282469592651,moderada,consumo_pico_excesivo
2025-03-12 09:00:00,Chiquinquirá,laboratorios,9,2,1.791,1.5487317,0.24226829999999988,15.643012924704768,1.1564301292470476,moderada,consumo_pico_excesivo
2025-03-12 09:00:00,Duitama,comedor,9,2,0.8576,0.7276754,0.12992460000000006,17.854746773080425,1.1785474677308043,moderada,consumo_pico_excesivo
2025-03-12 10:00:00,Duitama,comedor,10,2,0.8765,0.72990644,0.1465935599999999,20.083883627605736,1.2008388362760574,moderada,consumo_pico_excesivo
2025-03-12 11:00:00,Sogamoso,salones,11,2,6.3093,5.306083,1.0032170000000002,18.906922488773738,1.1890692248877375,moderada,consumo_pico_excesivo
2025-03-12 11:00:00,Tunja,salones,11,2,2.6294,2.2414136,0.38798639999999995,17.309897646735077,1.1730989764673507,moderada,consumo_pico_excesivo
2025-03-12 12:00:00,Chiquinquirá,comedor,12,2,0.6897,0.56049913,0.12920087000000002,23.051038455670756,1.2305103845567076,moderada,consumo_fuera_patron
2025-03-12 13:00:00,Chiquinquirá,comedor,13,2,0.7278,0.45065984,0.27714016,61.496529178193484,1.6149652917819348,critica,consumo_fuera_patron
2025-03-12 13:00:00,Duitama,salones,13,2,1.3234,1.0227305,0.3006694999999999,29.398702786315646,1.2939870278631564,moderada,consumo_fuera_patron
2025-03-12 16:00:00,Tunja,comedor,16,2,0.5657,0.4877555,0.07794449999999997,15.980240099804096,1.159802400998041,moderada,consumo_pico_excesivo
2025-03-12 17:00:00,Duitama,comedor,17,2,1.2305,0.97537243,0.25512756999999997,26.15693884232508,1.2615693884232508,moderada,consumo_pico_excesivo
2025-03-12 18:00:00,Sogamoso,salones,18,2,2.4136,1.9193823,0.4942177000000001,25.74878907656906,1.2574878907656906,moderada,consumo_fuera_patron
2025-03-12 19:00:00,Duitama,oficinas,19,2,2.0425,1.7669069,0.27559310000000004,15.597488469822608,1.155974884698226,moderada,consumo_fuera_patron
2025-03-12 19:00:00,Tunja,salones,19,2,1.0903,0.82863766,0.26166234,31.57741346199495,1.3157741346199496,critica,consumo_fuera_patron
2025-03-12 20:00:00,Tunja,salones,20,2,1.0707,0.91554457,0.15515542999999998,16.946791569087672,1.1694679156908767,moderada,consumo_fuera_patron
2025-03-13 04:00:00,Sogamoso,oficinas,4,3,0.7201,0.62364084,0.09645915999999999,15.467101224480423,1.1546710122448043,moderada,consumo_nocturno_alto
2025-03-13 09:00:00,Duitama,comedor,9,3,0.9242,0.7499749,0.17422510000000002,23.230790790465125,1.2323079079046513,moderada,consumo_pico_excesivo
2025-03-13 10:00:00,Duitama,comedor,10,3,0.824,0.7162684,0.10773159999999993,15.040674696803592,1.150406746968036,moderada,consumo_pico_excesivo
2025-03-13 12:00:00,Duitama,salones,12,3,1.3539,1.015661,0.3382390000000002,33.302351867404596,1.333023518674046,critica,consumo_fuera_patron
2025-03-13 13:00:00,Duitama,salones,13,3,1.3314,1.1194502,0.21194979999999997,18.933383548459766,1.1893338354845977,moderada,consumo_fuera_patron
2025-03-13 13:00:00,Sogamoso,comedor,13,3,2.3868,1.9997145,0.38708549999999997,19.357038217205506,1.1935703821720551,moderada,consumo_fuera_patron
2025-03-13 13:00:00,Tunja,oficinas,13,3,1.6972,1.4571955,0.24000449999999995,16.470302028794347,1.1647030202879434,moderada,consumo_fuera_patron
2025-03-13 15:00:00,Chiquinquirá,oficinas,15,3,2.4403,2.117787,0.32251300000000027,15.228774187394686,1.1522877418739468,moderada,consumo_pico_excesivo
2025-03-13 17:00:00,Sogamoso,oficinas,17,3,5.2314,4.435731,0.7956690000000002,17.937719848205408,1.179377198482054,moderada,consumo_pico_excesivo
2025-03-13 18:00:00,Sogamoso,laboratorios,18,3,5.8644,5.032709,0.8316910000000002,16.525712096606423,1.1652571209660643,moderada,consumo_fuera_patron
2025-03-13 19:00:00,Chiquinquirá,salones,19,3,1.4235,1.1759105,0.2475894999999999,21.05513132164394,1.2105513132164394,moderada,consumo_fuera_patron
2025-03-13 19:00:00,Tunja,oficinas,19,3,0.9521,0.7848342,0.1672657999999999,21.312246586603884,1.213122465866039,moderada,consumo_fuera_patron
2025-03-13 20:00:00,Chiquinquirá,laboratorios,20,3,1.0392,0.89470136,0.1444986399999999,16.150488471371037,1.1615048847137104,moderada,consumo_fuera_patron
2025-03-13 20:00:00,Tunja,salones,20,3,1.003,0.86565536,0.1373446399999999,15.865972342619111,1.158659723426191,moderada,consumo_fuera_patron
2025-03-14 07:00:00,Chiquinquirá,oficinas,7,4,2.6735,2.3051245,0.3683755000000004,15.980720347209033,1.1598072034720903,moderada,consumo_pico_excesivo
2025-03-14 10:00:00,Chiquinquirá,laboratorios,10,4,1.9143,1.6105144,0.3037855999999999,18.86264413407293,1.1886264413407293,moderada,consumo_pico_excesivo
2025-03-14 10:00:00,Tunja,oficinas,10,4,2.8624,2.4834223,0.3789777000000001,15.260300271927175,1.1526030027192717,moderada,consumo_pico_excesivo
2025-03-14 12:00:00,Chiquinquirá,oficinas,12,4,1.433,1.2180566,0.21494340000000012,17.6464213567744,1.176464213567744,moderada,consumo_fuera_patron
2025-03-14 12:00:00,Tunja,laboratorios,12,4,6.044120554625808,2.55184,3.492280554625808,136.85342947151108,2.368534294715111,critica,consumo_fuera_patron
2025-03-14 13:00:00,Chiquinquirá,laboratorios,13,4,0.9596,0.7584372,0.20116279999999997,26.523329815573387,1.265233298155734,moderada,consumo_fuera_patron
2025-03-14 13:00:00,Tunja,salones,13,4,0.5408,0.31252,0.22827999999999993,73.04492512479199,1.73044925124792,critica,consumo_fuera_patron
2025-03-14 14:00:00,Chiquinquirá,salones,14,4,1.2413,0.85154164,0.3897583600000001,45.770910275156965,1.4577091027515696,critica,consumo_pico_excesivo
2025-03-14 14:00:00,Chiquinquirá,laboratorios,14,4,1.7433,1.4660587,0.2772413,18.910654805295316,1.1891065480529532,moderada,consumo_pico_excesivo
2025-03-14 14:00:00,Chiquinquirá,oficinas,14,4,1.6402,1.3709401,0.2692599,19.640529881648362,1.1964052988164837,moderada,consumo_pico_excesivo
2025-03-14 14:00:00,Sogamoso,laboratorios,14,4,8.546,7.169327,1.3766729999999994,19.202262639157055,1.1920226263915705,moderada,consumo_pico_excesivo
2025-03-14 15:00:00,Chiquinquirá,salones,15,4,1.075,0.83113366,0.24386633999999996,29.34141062220966,1.2934141062220967,moderada,consumo_pico_excesivo
2025-03-14 15:00:00,Sogamoso,laboratorios,15,4,8.6153,7.367652,1.2476479999999999,16.934133153954612,1.169341331539546,moderada,consumo_pico_excesivo
2025-03-14 16:00:00,Duitama,salones,16,4,3.4707,2.787968,0.6827320000000001,24.488516367476247,1.2448851636747624,moderada,consumo_pico_excesivo
2025-03-14 16:00:00,Sogamoso,laboratorios,16,4,8.659,7.4968314,1.162168600000001,15.50213067350029,1.1550213067350028,moderada,consumo_pico_excesivo
2025-03-14 16:00:00,Tunja,salones,16,4,0.9571,0.5671605,0.3899395,68.75293677891885,1.6875293677891885,critica,consumo_pico_excesivo
2025-03-14 16:00:00,Tunja,oficinas,16,4,1.7383,1.4156814,0.3226186,22.788926943590553,1.2278892694359056,moderada,consumo_pico_excesivo
2025-03-14 17:00:00,Chiquinquirá,oficinas,17,4,1.8947,1.3907704,0.5039296,36.233845644112066,1.3623384564411207,critica,consumo_pico_excesivo
2025-03-14 17:00:00,Sogamoso,salones,17,4,3.1894,2.4123507,0.7770492999999998,32.21129083760499,1.32211290837605,critica,consumo_pico_excesivo
2025-03-14 17:00:00,Tunja,comedor,17,4,0.5411,0.46866012,0.07243988000000001,15.456804816249356,1.1545680481624936,moderada,consumo_pico_excesivo
2025-03-14 18:00:00,Tunja,salones,18,4,1.0025,0.8292423,0.17325769999999996,20.893495182288692,1.208934951822887,moderada,consumo_fuera_patron
2025-03-14 19:00:00,Tunja,salones,19,4,1.1458,0.5894239,0.5563760999999999,94.39320326169332,1.9439320326169331,critica,consumo_fuera_patron
2025-03-14 19:00:00,Tunja,oficinas,19,4,0.8443,0.6270466,0.21725340000000004,34.64709002488811,1.346470900248881,critica,consumo_fuera_patron
2025-03-14 20:00:00,Duitama,oficinas,20,4,0.7577,0.59987664,0.15782336000000008,26.309302525932683,1.2630930252593269,moderada,consumo_fuera_patron
2025-03-14 20:00:00,Tunja,salones,20,4,0.9984,0.8259415,0.17245849999999996,20.880231832399748,1.2088023183239975,moderada,consumo_fuera_patron
2025-03-15 07:00:00,Chiquinquirá,laboratorios,7,5,1.2793,0.9917027,0.28759730000000006,29.00035464257585,1.2900035464257584,moderada,consumo_fin_semana_alto
2025-03-15 08:00:00,Duitama,oficinas,8,5,2.0256,1.7583634,0.26723659999999994,15.198030168280344,1.1519803016828034,moderada,consumo_fin_semana_alto
2025-03-15 08:00:00,Sogamoso,oficinas,8,5,2.2031,1.9050944,0.2980056,15.642563434126938,1.1564256343412693,moderada,consumo_fin_semana_alto
2025-03-15 09:00:00,Duitama,salones,9,5,4.4992,3.8034673,0.6957327000000002,18.292064716844028,1.1829206471684404,moderada,consumo_fin_semana_alto
2025-03-15 12:00:00,Chiquinquirá,oficinas,12,5,1.0852,0.93171185,0.15348814999999993,16.473778883460582,1.1647377888346058,moderada,consumo_fin_semana_alto
2025-03-15 12:00:00,Duitama,oficinas,12,5,2.2645,1.8969015,0.36759849999999994,19.37889236736857,1.1937889236736856,moderada,consumo_fin_semana_alto
2025-03-15 12:00:00,Sogamoso,salones,12,5,3.2876,1.930172,1.3574279999999999,70.32678952963776,1.7032678952963776,critica,consumo_fin_semana_alto
2025-03-15 13:00:00,Duitama,comedor,13,5,1.2797,1.1079396,0.17176040000000015,15.502686247517477,1.1550268624751747,moderada,consumo_fin_semana_alto
2025-03-15 13:00:00,Tunja,comedor,13,5,0.6251,0.4614818,0.1636182,35.45496268758595,1.3545496268758594,critica,consumo_fin_semana_alto
2025-03-16 14:00:00,Sogamoso,oficinas,14,6,0.7362,0.6275057,0.10869429999999991,17.32164345280049,1.173216434528005,moderada,consumo_fin_semana_alto
2025-03-16 20:00:00,Duitama,oficinas,20,6,0.769,0.6659568,0.1030432,15.47295560312621,1.154729556031262,moderada,consumo_fin_semana_alto
2025-03-17 07:00:00,Chiquinquirá,laboratorios,7,0,1.7982,1.5351107,0.2630893000000001,17.1381321229798,1.171381321229798,moderada,consumo_pico_excesivo
2025-03-17 07:00:00,Duitama,oficinas,7,0,5.5456,4.6423097,0.9032903000000001,19.45777766614752,1.1945777766614751,moderada,consumo_pico_excesivo
2025-03-17 07:00:00,Sogamoso,comedor,7,0,0.7489,0.6197753,0.12912469999999998,20.834115202719435,1.2083411520271943,moderada,consumo_pico_excesivo
2025-03-17 08:00:00,Duitama,oficinas,8,0,5.6321,4.885207,0.746893,15.288871075473361,1.1528887107547336,moderada,consumo_pico_excesivo
2025-03-17 08:00:00,Sogamoso,comedor,8,0,0.7861,0.67101216,0.11508784000000005,17.151379194081976,1.1715137919408198,moderada,consumo_pico_excesivo
2025-03-17 12:00:00,Chiquinquirá,salones,12,0,0.7359,0.5777212,0.15817879999999995,27.379781112412,1.27379781112412,moderada,consumo_fuera_patron
2025-03-17 12:00:00,Duitama,salones,12,0,1.3047,1.0596417,0.24505829999999995,23.126524748884453,1.2312652474888446,moderada,consumo_fuera_patron
2025-03-17 12:00:00,Tunja,salones,12,0,0.5057,0.4135668,0.09213320000000003,22.277707011297817,1.222777070112978,moderada,consumo_fuera_patron
2025-03-17 13:00:00,Chiquinquirá,salones,13,0,0.6243,0.47898757,0.14531243,30.337411469779894,1.3033741146977988,critica,consumo_fuera_patron
2025-03-17 13:00:00,Chiquinquirá,laboratorios,13,0,0.9099,0.77857256,0.13132744000000007,16.86772007479946,1.1686772007479946,moderada,consumo_fuera_patron
2025-03-17 14:00:00,Sogamoso,oficinas,14,0,5.4308,4.1889,1.2418999999999993,29.64740146577859,1.2964740146577858,moderada,consumo_pico_excesivo
2025-03-17 16:00:00,Tunja,laboratorios,16,0,3.358,2.7137346,0.6442654000000001,23.74091408938811,1.2374091408938812,moderada,consumo_pico_excesivo
2025-03-17 17:00:00,Chiquinquirá,laboratorios,17,0,1.6604,1.4300835,0.23031650000000004,16.105108547857522,1.1610510854785752,moderada,consumo_pico_excesivo
2025-03-17 17:00:00,Sogamoso,oficinas,17,0,4.9385,4.2564025,0.6820975000000002,16.025211431484692,1.160252114314847,moderada,consumo_pico_excesivo
2025-03-17 17:00:00,Tunja,oficinas,17,0,2.619,2.2694743,0.34952570000000005,15.401174624449373,1.1540117462444937,moderada,consumo_pico_excesivo
2025-03-17 18:00:00,Tunja,laboratorios,18,0,2.2866,1.9684753,0.31812470000000004,16.160969863325185,1.1616096986332518,moderada,consumo_fuera_patron
2025-03-17 23:00:00,Sogamoso,laboratorios,23,0,11.76510742339515,8.890103,2.8750044233951506,32.3393826077735,1.3233938260777351,critica,consumo_fuera_patron
2025-03-18 07:00:00,Chiquinquirá,salones,7,1,3.4169,2.932917,0.48398299999999983,16.501762579711592,1.1650176257971159,moderada,consumo_pico_excesivo
2025-03-18 10:00:00,Duitama,comedor,10,1,0.8534,0.7232569,0.13014310000000007,17.99403503789595,1.1799403503789594,moderada,consumo_pico_excesivo
2025-03-18 10:00:00,Duitama,oficinas,10,1,6.0306,5.1431055,0.8874944999999999,17.256004178798197,1.172560041787982,moderada,consumo_pico_excesivo
2025-03-18 10:00:00,Tunja,laboratorios,10,1,3.4498,2.9728417,0.47695830000000017,16.043851241726063,1.1604385124172607,moderada,consumo_pico_excesivo
2025-03-18 11:00:00,Tunja,salones,11,1,2.7924,2.4141018,0.37829820000000014,15.670349941332223,1.1567034994133223,moderada,consumo_pico_excesivo
2025-03-18 12:00:00,Chiquinquirá,salones,12,1,0.6492,0.5281375,0.12106249999999996,22.92253437788454,1.2292253437788454,moderada,consumo_fuera_patron
2025-03-18 12:00:00,Duitama,salones,12,1,1.4547,1.059872,0.3948280000000002,37.25242293409018,1.3725242293409017,critica,consumo_fuera_patron
2025-03-18 13:00:00,Sogamoso,comedor,13,1,2.389,2.0220337,0.36696629999999963,18.148377052271663,1.1814837705227166,moderada,consumo_fuera_patron
2025-03-18 13:00:00,Tunja,comedor,13,1,1.298,1.0516363,0.24636370000000007,23.426701797950496,1.234267017979505,moderada,consumo_fuera_patron
2025-03-18 14:00:00,Tunja,salones,14,1,2.608,2.2571962,0.3508038,15.541573213706455,1.1554157321370646,moderada,consumo_pico_excesivo
2025-03-18 15:00:00,Chiquinquirá,salones,15,1,2.9667,2.5092032,0.4574967999999999,18.232752134223322,1.1823275213422333,moderada,consumo_pico_excesivo
2025-03-18 16:00:00,Tunja,comedor,16,1,0.6614,0.4851547,0.1762453,36.327649716678,1.36327649716678,critica,consumo_pico_excesivo
2025-03-18 19:00:00,Chiquinquirá,salones,19,1,1.2028,1.0259275,0.1768725,17.240253331741275,1.1724025333174128,moderada,consumo_fuera_patron
2025-03-18 19:00:00,Duitama,salones,19,1,2.7697,2.3134153,0.4562846999999999,19.72342363258339,1.197234236325834,moderada,consumo_fuera_patron
2025-03-18 19:00:00,Tunja,salones,19,1,1.0687,0.91237235,0.15632764999999993,17.134194169737818,1.1713419416973783,moderada,consumo_fuera_patron
2025-03-18 20:00:00,Sogamoso,salones,20,1,1.857,1.5146648,0.34233519999999995,22.60138348762049,1.2260138348762049,moderada,consumo_fuera_patron
2025-03-19 07:00:00,Tunja,salones,7,2,2.7527,2.3822775,0.3704225000000001,15.549091153318626,1.1554909115331862,moderada,consumo_pico_excesivo
2025-03-19 08:00:00,Chiquinquirá,laboratorios,8,2,1.7865,1.5273079,0.2591920999999999,16.970520482477696,1.169705204824777,moderada,consumo_pico_excesivo
2025-03-19 08:00:00,Sogamoso,comedor,8,2,0.7031,0.5998711,0.10322889999999996,17.208513629011293,1.172085136290113,moderada,consumo_pico_excesivo
2025-03-19 08:00:00,Sogamoso,oficinas,8,2,5.6978,4.7092094,0.9885906000000002,20.99270845760225,1.2099270845760226,moderada,consumo_pico_excesivo
2025-03-19 09:00:00,Sogamoso,comedor,9,2,0.8552,0.73549145,0.11970854999999991,16.27599477872923,1.1627599477872923,moderada,consumo_pico_excesivo
2025-03-19 09:00:00,Tunja,salones,9,2,2.6133,2.2369924,0.3763076000000001,16.82203301182427,1.1682203301182428,moderada,consumo_pico_excesivo
2025-03-19 12:00:00,Chiquinquirá,laboratorios,12,2,0.905,0.7101968,0.19480320000000007,27.42946743775811,1.2742946743775811,moderada,consumo_fuera_patron
2025-03-19 13:00:00,Chiquinquirá,salones,13,2,0.628,0.5075572,0.12044279999999996,23.729896847094267,1.2372989684709428,moderada,consumo_fuera_patron
2025-03-19 13:00:00,Tunja,salones,13,2,0.5825,0.4379982,0.1445018,32.991414119966706,1.329914141199667,critica,consumo_fuera_patron
2025-03-19 14:00:00,Chiquinquirá,oficinas,14,2,2.2702,1.9170359,0.3531641000000001,18.422404087476927,1.1842240408747693,moderada,consumo_pico_excesivo
2025-03-19 15:00:00,Tunja,oficinas,15,2,2.4158,2.0856605,0.33013950000000003,15.829014357801762,1.1582901435780177,moderada,consumo_pico_excesivo
2025-03-19 17:00:00,Sogamoso,oficinas,17,2,5.2588,4.543993,0.7148069999999995,15.730812085317902,1.157308120853179,moderada,consumo_pico_excesivo
2025-03-19 18:00:00,Duitama,salones,18,2,2.9508,2.4785554,0.47224460000000024,19.0532194680821,1.190532194680821,moderada,consumo_fuera_patron
2025-03-19 18:00:00,Sogamoso,oficinas,18,2,1.7336,1.4671466,0.26645340000000006,18.161334388806143,1.1816133438880614,moderada,consumo_fuera_patron
2025-03-19 19:00:00,Sogamoso,salones,19,2,2.4415,2.115929,0.32557100000000005,15.386669401478029,1.1538666940147804,moderada,consumo_fuera_patron
2025-03-20 06:00:00,Sogamoso,oficinas,6,3,0.7181,0.61371696,0.10438303999999998,17.00833556889156,1.1700833556889156,moderada,consumo_nocturno_alto
2025-03-20 08:00:00,Duitama,oficinas,8,3,0.7655,0.6559352,0.1095647999999999,16.70360120938774,1.1670360120938774,moderada,consumo_pico_excesivo
2025-03-20 10:00:00,Sogamoso,oficinas,10,3,0.7365,0.6197188,0.11678120000000003,18.844224186840876,1.1884422418684089,moderada,consumo_pico_excesivo
2025-03-20 12:00:00,Chiquinquirá,laboratorios,12,3,0.5183,0.4227805,0.09551949999999998,22.593165957275694,1.225931659572757,moderada,consumo_fuera_patron
2025-03-21 00:00:00,Duitama,laboratorios,0,4,10.387417449814174,8.681562,1.705855449814175,19.649176609165206,1.196491766091652,moderada,consumo_nocturno_alto
2025-03-21 07:00:00,Sogamoso,salones,7,4,5.9627,5.019369,0.9433309999999997,18.79381651358965,1.1879381651358965,moderada,consumo_pico_excesivo
2025-03-21 09:00:00,Chiquinquirá,laboratorios,9,4,1.7806,1.5443642,0.2362358,15.296637930353473,1.1529663793035347,moderada,consumo_pico_excesivo
2025-03-21 09:00:00,Duitama,comedor,9,4,0.9329,0.7061702,0.22672979999999998,32.10696231588362,1.3210696231588361,critica,consumo_pico_excesivo
2025-03-21 10:00:00,Chiquinquirá,laboratorios,10,4,1.9374,1.6540881,0.28331189999999995,17.127981272581547,1.1712798127258155,moderada,consumo_pico_excesivo
2025-03-21 10:00:00,Duitama,comedor,10,4,0.9668,0.7797694,0.18703060000000005,23.98537311158915,1.2398537311158915,moderada,consumo_pico_excesivo
2025-03-21 10:00:00,Tunja,salones,10,4,2.843,2.3485112,0.49448880000000006,21.05541587368202,1.2105541587368203,moderada,consumo_pico_excesivo
2025-03-21 12:00:00,Chiquinquirá,oficinas,12,4,1.5723,1.1995625,0.37273749999999994,31.07278695357682,1.3107278695357683,critica,consumo_fuera_patron
2025-03-21 12:00:00,Duitama,salones,12,4,1.266,1.0988351,0.16716489999999995,15.212919572736613,1.152129195727366,moderada,consumo_fuera_patron
2025-03-21 13:00:00,Chiquinquirá,salones,13,4,0.5542,0.46885943,0.08534057,18.201739058548956,1.1820173905854896,moderada,consumo_fuera_patron
2025-03-21 16:00:00,Sogamoso,comedor,16,4,0.8785,0.7520262,0.12647379999999997,16.8177385309182,1.168177385309182,moderada,consumo_pico_excesivo
2025-03-21 17:00:00,Chiquinquirá,laboratorios,17,4,1.7465,1.5158522,0.23064779999999985,15.215718260658912,1.152157182606589,moderada,consumo_pico_excesivo
2025-03-21 17:00:00,Chiquinquirá,laboratorios,17,4,1.7465,1.5158522,0.23064779999999985,15.215718260658912,1.152157182606589,moderada,consumo_pico_excesivo
2025-03-21 17:00:00,Sogamoso,comedor,17,4,0.9368,0.7070167,0.2297832999999999,32.50040628460401,1.3250040628460402,critica,consumo_pico_excesivo
2025-03-21 18:00:00,Duitama,salones,18,4,2.9945,2.4822674,0.5122325999999999,20.635673658688017,1.2063567365868801,moderada,consumo_fuera_patron
2025-03-21 18:00:00,Sogamoso,salones,18,4,1.9445,1.5575676,0.38693239999999984,24.84209353096455,1.2484209353096456,moderada,consumo_fuera_patron
2025-03-21 18:00:00,Sogamoso,oficinas,18,4,1.7131,1.4497507,0.2633493,18.16514384162739,1.181651438416274,moderada,consumo_fuera_patron
2025-03-21 18:00:00,Tunja,laboratorios,18,4,2.1776,1.88096,0.29664,15.770670296019054,1.1577067029601906,moderada,consumo_fuera_patron
2025-03-21 19:00:00,Duitama,oficinas,19,4,1.9243,1.5140461,0.41025389999999984,27.09652632109417,1.2709652632109418,moderada,consumo_fuera_patron
2025-03-21 20:00:00,Duitama,salones,20,4,3.0956,2.589667,0.5059330000000002,19.536604513244374,1.1953660451324437,moderada,consumo_fuera_patron
2025-03-21 20:00:00,Sogamoso,salones,20,4,2.0196,1.6221898,0.39741020000000016,24.498378673075134,1.2449837867307514,moderada,consumo_fuera_patron
2025-03-21 20:00:00,Tunja,salones,20,4,0.9172,0.5949742,0.3222258,54.157944999968066,1.5415794499996807,critica,consumo_fuera_patron
2025-03-21 20:00:00,Tunja,laboratorios,20,4,1.9137,1.580218,0.33348200000000006,21.103543941405558,1.2110354394140557,moderada,consumo_fuera_patron
2025-03-22 07:00:00,Chiquinquirá,salones,7,5,2.5189,2.0869346,0.4319653999999997,20.698559504452113,1.2069855950445212,moderada,consumo_fin_semana_alto
2025-03-22 08:00:00,Sogamoso,salones,8,5,4.8221,4.0719466,0.7501533999999994,18.422476365480808,1.184224763654808,moderada,consumo_fin_semana_alto
2025-03-22 09:00:00,Tunja,oficinas,9,5,1.0394,0.87158847,0.16781153000000015,19.25352798666556,1.1925352798666555,moderada,consumo_fin_semana_alto
2025-03-22 10:00:00,Chiquinquirá,laboratorios,10,5,1.1293,0.92837936,0.20092063999999998,21.64208389984025,1.2164208389984026,moderada,consumo_fin_semana_alto
2025-03-22 11:00:00,Sogamoso,laboratorios,11,5,5.8043,4.905638,0.8986619999999998,18.318962793422585,1.1831896279342258,moderada,consumo_fin_semana_alto
2025-03-22 12:00:00,Duitama,salones,12,5,4.5122,2.6492844,1.8629156,70.31769031667571,1.703176903166757,critica,consumo_fin_semana_alto
2025-03-22 12:00:00,Sogamoso,salones,12,5,3.6604,1.9289858,1.7314142000000001,89.75774730949291,1.897577473094929,critica,consumo_fin_semana_alto
2025-03-22 12:00:00,Tunja,salones,12,5,1.888,1.5466553,0.34134469999999983,22.069862625499027,1.2206986262549901,moderada,consumo_fin_semana_alto
2025-03-22 13:00:00,Chiquinquirá,laboratorios,13,5,0.5284,0.45139986,0.07700014,17.058077953325018,1.1705807795332501,moderada,consumo_fin_semana_alto
2025-03-22 13:00:00,Tunja,comedor,13,5,0.6698,0.5427487,0.12705129999999998,23.40886307051495,1.2340886307051495,moderada,consumo_fin_semana_alto
2025-03-22 14:00:00,Sogamoso,laboratorios,14,5,11.09983218780831,9.365166,1.73466618780831,18.522535402023944,1.1852253540202395,moderada,consumo_fin_semana_alto
2025-03-22 16:00:00,Tunja,laboratorios,16,5,1.264,1.0971417,0.1668582999999999,15.208454842250541,1.1520845484225053,moderada,consumo_fin_semana_alto
2025-03-23 07:00:00,Sogamoso,oficinas,7,6,0.7166,0.61172366,0.10487634000000001,17.14439817482293,1.1714439817482292,moderada,consumo_fin_semana_alto
2025-03-23 14:00:00,Duitama,oficinas,14,6,0.7704,0.64427376,0.12612623999999995,19.576498040211966,1.1957649804021198,moderada,consumo_fin_semana_alto
2025-03-24 07:00:00,Sogamoso,oficinas,7,0,5.3907,4.6593122,0.7313878000000003,15.697334039989858,1.1569733403998985,moderada,consumo_pico_excesivo
2025-03-24 08:00:00,Chiquinquirá,oficinas,8,0,2.436,2.0397983,0.39620169999999977,19.423572418900427,1.1942357241890043,moderada,consumo_pico_excesivo
2025-03-24 09:00:00,Sogamoso,laboratorios,9,0,8.9598,7.627115,1.3326849999999997,17.47298945931718,1.174729894593172,moderada,consumo_pico_excesivo
2025-03-24 10:00:00,Sogamoso,laboratorios,10,0,8.5842,7.395834,1.1883659999999994,16.068045875556418,1.1606804587555641,moderada,consumo_pico_excesivo
2025-03-24 12:00:00,Chiquinquirá,salones,12,0,0.7351,0.5095132,0.22558679999999998,44.27496677220531,1.442749667722053,critica,consumo_fuera_patron
2025-03-24 12:00:00,Sogamoso,comedor,12,0,2.0032,1.6548885,0.3483115000000001,21.04743008365821,1.2104743008365821,moderada,consumo_fuera_patron
2025-03-24 13:00:00,Chiquinquirá,comedor,13,0,0.7375,0.5303333,0.20716670000000004,39.06349082737215,1.3906349082737215,critica,consumo_fuera_patron
2025-03-24 13:00:00,Chiquinquirá,oficinas,13,0,1.3305,1.0990226,0.23147739999999994,21.06211464623202,1.2106211464623202,moderada,consumo_fuera_patron
2025-03-24 13:00:00,Duitama,salones,13,0,1.273,1.1069298,0.16607019999999983,15.002776147141383,1.1500277614714138,moderada,consumo_fuera_patron
2025-03-24 16:00:00,Tunja,oficinas,16,0,2.3303,2.009289,0.32101099999999994,15.976347852399527,1.1597634785239952,moderada,consumo_pico_excesivo
2025-03-24 17:00:00,Sogamoso,comedor,17,0,1.1199,0.8257571,0.2941428999999999,35.62099556879376,1.3562099556879377,critica,consumo_pico_excesivo
2025-03-24 18:00:00,Tunja,oficinas,18,0,0.881,0.70986485,0.17113515,24.108131287244326,1.2410813128724434,moderada,consumo_fuera_patron
2025-03-24 19:00:00,Chiquinquirá,oficinas,19,0,0.7102,0.5863888,0.12381120000000001,21.114182262689873,1.2111418226268988,moderada,consumo_fuera_patron
2025-03-24 19:00:00,Sogamoso,salones,19,0,2.3024,1.741151,0.5612490000000001,32.23436680678471,1.322343668067847,critica,consumo_fuera_patron
2025-03-24 20:00:00,Chiquinquirá,salones,20,0,1.4541,1.2398401,0.21425990000000006,17.281252638949173,1.1728125263894917,moderada,consumo_fuera_patron
2025-03-24 20:00:00,Duitama,salones,20,0,2.7601,2.3047352,0.4553647999999999,19.757792565497322,1.1975779256549732,moderada,consumo_fuera_patron
2025-03-24 20:00:00,Tunja,laboratorios,20,0,7.998128960863724,3.6274006,4.370728360863724,120.4920228789653,2.204920228789653,critica,consumo_fuera_patron
2025-03-24 21:00:00,Sogamoso,oficinas,21,0,0.7344,0.6288438,0.1055562000000001,16.785758243939135,1.1678575824393913,moderada,consumo_fuera_patron
2025-03-25 07:00:00,Sogamoso,oficinas,7,1,5.6642,4.869575,0.7946249999999999,16.318159182269497,1.1631815918226949,moderada,consumo_pico_excesivo
2025-03-25 10:00:00,Duitama,comedor,10,1,0.9047,0.73553056,0.1691694399999999,22.99964803637797,1.2299964803637797,moderada,consumo_pico_excesivo
2025-03-25 11:00:00,Duitama,salones,11,1,6.8577,5.9089303,0.9487697000000006,16.05653903211552,1.1605653903211552,moderada,consumo_pico_excesivo
2025-03-25 12:00:00,Sogamoso,salones,12,1,1.2511,1.0277567,0.22334330000000002,21.73114512413298,1.21731145124133,moderada,consumo_fuera_patron
2025-03-25 12:00:00,Tunja,salones,12,1,0.5214,0.4522994,0.06910059999999996,15.277623627181455,1.1527762362718146,moderada,consumo_fuera_patron
2025-03-25 13:00:00,Chiquinquirá,comedor,13,1,0.7995,0.6821572,0.11734279999999997,17.2017241773597,1.172017241773597,moderada,consumo_fuera_patron
2025-03-25 13:00:00,Duitama,comedor,13,1,2.7591,2.3182788,0.44082120000000025,19.01502097159325,1.1901502097159324,moderada,consumo_fuera_patron
2025-03-25 13:00:00,Sogamoso,salones,13,1,1.18,0.988707,0.19129299999999994,19.347794644925134,1.1934779464492513,moderada,consumo_fuera_patron
2025-03-25 15:00:00,Chiquinquirá,laboratorios,15,1,1.8366,1.4466385,0.38996150000000007,26.95638889743361,1.2695638889743361,moderada,consumo_pico_excesivo
2025-03-25 15:00:00,Duitama,laboratorios,15,1,8.1897,7.0940037,1.0956963000000002,15.445386643934231,1.1544538664393422,moderada,consumo_pico_excesivo
2025-03-25 16:00:00,Sogamoso,comedor,16,1,1.0861,0.88324714,0.20285286000000002,22.966715748437068,1.2296671574843707,moderada,consumo_pico_excesivo
2025-03-25 17:00:00,Duitama,comedor,17,1,1.1072,0.946089,0.161111,17.02915899032755,1.1702915899032755,moderada,consumo_pico_excesivo
2025-03-25 18:00:00,Tunja,salones,18,1,1.0968,0.92034686,0.17645314,19.172460695959785,1.191724606959598,moderada,consumo_fuera_patron
2025-03-25 19:00:00,Sogamoso,salones,19,1,2.4158,2.0753725,0.3404275000000001,16.403199907486492,1.1640319990748649,moderada,consumo_fuera_patron
2025-03-25 19:00:00,Tunja,salones,19,1,1.1414,0.9247601,0.2166399,23.426605451511154,1.2342660545151116,moderada,consumo_fuera_patron
2025-03-25 20:00:00,Chiquinquirá,laboratorios,20,1,1.0927,0.9110993,0.18160070000000006,19.932042533673343,1.1993204253367333,moderada,consumo_fuera_patron
2025-03-26 08:00:00,Duitama,comedor,8,2,0.7817,0.6715385,0.11016149999999991,16.40434613949906,1.1640434613949906,moderada,consumo_pico_excesivo
2025-03-26 09:00:00,Duitama,comedor,9,2,0.9641,0.8113291,0.15277089999999993,18.82970794465525,1.1882970794465524,moderada,consumo_pico_excesivo
2025-03-26 12:00:00,Duitama,comedor,12,2,2.5826,2.2180007,0.3645992999999996,16.438195894167194,1.164381958941672,moderada,consumo_fuera_patron
2025-03-26 12:00:00,Tunja,salones,12,2,0.5266,0.30499843,0.22160156999999997,72.65662646197883,1.7265662646197883,critica,consumo_fuera_patron
2025-03-26 13:00:00,Duitama,salones,13,2,1.3549,1.061961,0.29293900000000006,27.584722979469124,1.2758472297946912,moderada,consumo_fuera_patron
2025-03-26 14:00:00,Tunja,salones,14,2,2.5744,2.2286282,0.34577179999999963,15.515006047217728,1.1551500604721774,moderada,consumo_pico_excesivo
2025-03-26 16:00:00,Chiquinquirá,salones,16,2,3.2671,2.8092523,0.4578477000000003,16.29784907535718,1.1629784907535718,moderada,consumo_pico_excesivo
2025-03-26 16:00:00,Duitama,comedor,16,2,1.1014,0.9512522,0.15014779999999994,15.784226307176997,1.15784226307177,moderada,consumo_pico_excesivo
2025-03-26 16:00:00,Tunja,comedor,16,2,0.5585,0.47308987,0.08541012999999997,18.053679737424936,1.1805367973742493,moderada,consumo_pico_excesivo
2025-03-26 17:00:00,Duitama,comedor,17,2,1.1044,0.8957202,0.20867980000000008,23.2974314970233,1.232974314970233,moderada,consumo_pico_excesivo
2025-03-26 19:00:00,Chiquinquirá,salones,19,2,1.4853,1.176183,0.3091170000000001,26.281369480769584,1.2628136948076958,moderada,consumo_fuera_patron
2025-03-26 19:00:00,Duitama,salones,19,2,2.9072,2.4883204,0.4188795999999999,16.833828955467308,1.168338289554673,moderada,consumo_fuera_patron
2025-03-26 20:00:00,Duitama,salones,20,2,2.8839,2.37805,0.5058500000000001,21.271630117112768,1.2127163011711277,moderada,consumo_fuera_patron
2025-03-26 23:00:00,Chiquinquirá,laboratorios,23,2,0.5422,0.46842864,0.07377136000000001,15.748686929133967,1.1574868692913396,moderada,consumo_fuera_patron
2025-03-27 09:00:00,Sogamoso,laboratorios,9,3,8.885,7.5333366,1.3516633999999996,17.942426732929995,1.1794242673293,moderada,consumo_pico_excesivo
2025-03-27 10:00:00,Sogamoso,comedor,10,3,0.8956,0.7348379,0.1607620999999999,21.877219452072342,1.2187721945207235,moderada,consumo_pico_excesivo
2025-03-27 11:00:00,Sogamoso,oficinas,11,3,5.0185,4.3445554,0.6739446000000004,15.512395123330696,1.155123951233307,moderada,consumo_pico_excesivo
2025-03-27 13:00:00,Chiquinquirá,comedor,13,3,0.6557,0.49763626,0.15806373999999995,31.762906505245407,1.317629065052454,critica,consumo_fuera_patron
2025-03-27 13:00:00,Duitama,salones,13,3,1.2168,1.0519463,0.1648537000000001,15.671303753813298,1.156713037538133,moderada,consumo_fuera_patron
2025-03-27 13:00:00,Tunja,salones,13,3,0.5253,0.43623844,0.08906155999999998,20.415798295996105,1.2041579829599611,moderada,consumo_fuera_patron
2025-03-27 15:00:00,Sogamoso,salones,15,3,5.6336,4.8762856,0.7573144000000003,15.53055875152186,1.1553055875152185,moderada,consumo_pico_excesivo
2025-03-27 15:00:00,Tunja,laboratorios,15,3,3.103,2.6725452,0.43045480000000014,16.106548918237195,1.161065489182372,moderada,consumo_pico_excesivo
2025-03-27 18:00:00,Duitama,salones,18,3,2.8076,2.4019141,0.40568589999999993,16.8901086013026,1.168901086013026,moderada,consumo_fuera_patron
2025-03-27 19:00:00,Chiquinquirá,oficinas,19,3,0.824,0.7019382,0.1220618,17.389251646370006,1.1738925164637002,moderada,consumo_fuera_patron
2025-03-27 20:00:00,Duitama,salones,20,3,1.9428,1.5880582,0.3547418,22.338085594092206,1.223380855940922,moderada,consumo_fuera_patron
2025-03-27 20:00:00,Tunja,salones,20,3,1.1498,0.827979,0.3218209999999999,38.86825632051053,1.3886825632051054,critica,consumo_fuera_patron
2025-03-28 05:00:00,Duitama,laboratorios,5,4,11.315761521415924,8.348168,2.9675935214159246,35.54784141162378,1.3554784141162377,critica,consumo_nocturno_alto
2025-03-28 09:00:00,Duitama,comedor,9,4,0.9419,0.7313687,0.21053129999999998,28.78593245786974,1.2878593245786973,moderada,consumo_pico_excesivo
2025-03-28 09:00:00,Tunja,oficinas,9,4,2.6981,2.1897914,0.5083086000000003,23.212649387517022,1.2321264938751701,moderada,consumo_pico_excesivo
2025-03-28 10:00:00,Sogamoso,comedor,10,4,0.8877,0.72664666,0.16105334000000004,22.163913889042032,1.2216391388904204,moderada,consumo_pico_excesivo
2025-03-28 10:00:00,Tunja,comedor,10,4,0.5095,0.3640642,0.14543579999999995,39.947844363713855,1.3994784436371386,critica,consumo_pico_excesivo
2025-03-28 10:00:00,Tunja,oficinas,10,4,2.6537,2.26809,0.38561000000000023,17.00152992165215,1.1700152992165216,moderada,consumo_pico_excesivo
2025-03-28 12:00:00,Duitama,salones,12,4,1.4708,1.1900626,0.2807374,23.590137191102382,1.235901371911024,moderada,consumo_fuera_patron
2025-03-28 12:00:00,Sogamoso,comedor,12,4,2.5393,2.1279998,0.4113001999999999,19.32801873383634,1.1932801873383634,moderada,consumo_fuera_patron
2025-03-28 12:00:00,Tunja,salones,12,4,0.5447,0.4425053,0.10219469999999997,23.09457084468818,1.2309457084468818,moderada,consumo_fuera_patron
2025-03-28 13:00:00,Sogamoso,salones,13,4,1.275,0.9863234,0.28867659999999995,29.26794599012859,1.2926794599012859,moderada,consumo_fuera_patron
2025-03-28 14:00:00,Tunja,laboratorios,14,4,2.9043,2.4782093,0.42609070000000004,17.19349128421074,1.1719349128421075,moderada,consumo_pico_excesivo
2025-03-28 15:00:00,Duitama,salones,15,4,3.3123,2.6469157,0.6653842999999999,25.13809941132617,1.2513809941132616,moderada,consumo_pico_excesivo
2025-03-28 15:00:00,Tunja,salones,15,4,1.2854,0.6023952,0.6830048000000001,113.38151432813544,2.133815143281354,critica,consumo_pico_excesivo
2025-03-28 16:00:00,Chiquinquirá,laboratorios,16,4,1.6329,1.3551795,0.27772050000000004,20.49326306957861,1.2049326306957862,moderada,consumo_pico_excesivo
2025-03-28 16:00:00,Sogamoso,comedor,16,4,0.9591,0.7520262,0.20707379999999997,27.53545022766494,1.2753545022766495,moderada,consumo_pico_excesivo
2025-03-28 17:00:00,Duitama,comedor,17,4,1.185,0.8915568,0.2934432,32.91357320139333,1.3291357320139334,critica,consumo_pico_excesivo
2025-03-28 17:00:00,Duitama,salones,17,4,3.4367,2.9030962,0.5336038000000003,18.38050699112211,1.183805069911221,moderada,consumo_pico_excesivo
2025-03-28 17:00:00,Tunja,comedor,17,4,0.5929,0.39560458,0.19729542,49.87187458749846,1.4987187458749847,critica,consumo_pico_excesivo
2025-03-28 17:00:00,Tunja,salones,17,4,0.9494,0.53151876,0.41788124000000004,78.62022405380387,1.7862022405380387,critica,consumo_pico_excesivo
2025-03-28 17:00:00,Tunja,laboratorios,17,4,2.6654,2.2619915,0.40340849999999984,17.834218209926952,1.1783421820992694,moderada,consumo_pico_excesivo
2025-03-28 18:00:00,Chiquinquirá,laboratorios,18,4,1.1588,0.92221725,0.23658275000000006,25.653689518386262,1.2565368951838627,moderada,consumo_fuera_patron
2025-03-28 18:00:00,Tunja,salones,18,4,0.952,0.8175736,0.13442639999999995,16.442116037014888,1.1644211603701489,moderada,consumo_fuera_patron
2025-03-28 19:00:00,Chiquinquirá,oficinas,19,4,0.9822,0.75515205,0.22704795,30.06652104036532,1.3006652104036531,critica,consumo_fuera_patron
2025-03-29 07:00:00,Sogamoso,oficinas,7,5,0.7336,0.572818,0.16078199999999998,28.068601196191455,1.2806860119619146,moderada,consumo_fin_semana_alto
2025-03-29 08:00:00,Sogamoso,oficinas,8,5,1.993,1.6212876,0.37171240000000005,22.92698716748343,1.2292698716748343,moderada,consumo_fin_semana_alto
2025-03-29 08:00:00,Tunja,laboratorios,8,5,2.6808,2.2761636,0.40463640000000023,17.77712287464751,1.177771228746475,moderada,consumo_fin_semana_alto
2025-03-29 09:00:00,Tunja,oficinas,9,5,1.1011,0.88393295,0.21716704999999992,24.568271835550412,1.2456827183555041,moderada,consumo_fin_semana_alto
2025-03-29 10:00:00,Duitama,oficinas,10,5,2.2595,1.7488537,0.5106463000000001,29.19891469480838,1.2919891469480838,moderada,consumo_fin_semana_alto
2025-03-29 10:00:00,Tunja,oficinas,10,5,1.0546,0.8947123,0.15988769999999997,17.870291936301754,1.1787029193630176,moderada,consumo_fin_semana_alto
2025-03-29 11:00:00,Duitama,oficinas,11,5,2.2339,1.9088819,0.3250181000000003,17.026621709808257,1.1702662170980827,moderada,consumo_fin_semana_alto
2025-03-29 11:00:00,Tunja,laboratorios,11,5,2.5367,2.173495,0.3632050000000002,16.71064345673674,1.1671064345673674,moderada,consumo_fin_semana_alto
2025-03-29 12:00:00,Chiquinquirá,salones,12,5,1.8975,1.5499701,0.34752990000000006,22.42171639310978,1.224217163931098,moderada,consumo_fin_semana_alto
2025-03-29 12:00:00,Duitama,salones,12,5,3.9368,2.5153537,1.4214463,56.51079210053044,1.5651079210053043,critica,consumo_fin_semana_alto
2025-03-29 12:00:00,Tunja,oficinas,12,5,1.0148,0.8379983,0.17680169999999995,21.098097693038273,1.2109809769303828,moderada,consumo_fin_semana_alto
2025-03-29 13:00:00,Chiquinquirá,laboratorios,13,5,0.5185,0.34043252,0.17806747999999994,52.30624853348321,1.523062485334832,critica,consumo_fin_semana_alto
2025-03-29 13:00:00,Duitama,comedor,13,5,1.37,1.1079396,0.2620604000000002,23.652950034460382,1.2365295003446037,moderada,consumo_fin_semana_alto
2025-03-29 13:00:00,Tunja,comedor,13,5,0.6712,0.48076415,0.19043585000000002,39.611075409844936,1.3961107540984494,critica,consumo_fin_semana_alto
2025-03-29 15:00:00,Chiquinquirá,laboratorios,15,5,0.52,0.44963503,0.07036497000000003,15.649352320258506,1.156493523202585,moderada,consumo_fin_semana_alto
2025-03-31 05:00:00,Chiquinquirá,laboratorios,5,0,0.5228,0.45280233,0.06999767000000007,15.458769834510363,1.1545876983451036,moderada,consumo_nocturno_alto
2025-03-31 07:00:00,Tunja,oficinas,7,0,2.8308,2.2820568,0.5487432000000001,24.04599219440989,1.2404599219440988,moderada,consumo_pico_excesivo
2025-03-31 09:00:00,Duitama,comedor,9,0,0.848,0.7217277,0.1262723,17.495836726233456,1.1749583672623345,moderada,consumo_pico_excesivo
2025-03-31 09:00:00,Tunja,salones,9,0,2.7256,2.2840383,0.44156169999999983,19.3324998096573,1.193324998096573,moderada,consumo_pico_excesivo
2025-03-31 10:00:00,Duitama,comedor,10,0,0.942,0.7080778,0.23392219999999997,33.03622850483379,1.3303622850483379,critica,consumo_pico_excesivo
2025-03-31 11:00:00,Tunja,laboratorios,11,0,3.103,2.6590014,0.4439986,16.69794532639208,1.1669794532639208,moderada,consumo_pico_excesivo
2025-03-31 13:00:00,Chiquinquirá,salones,13,0,0.6508,0.5042838,0.1465162000000001,29.05431425717029,1.2905431425717029,moderada,consumo_fuera_patron
2025-03-31 14:00:00,Chiquinquirá,salones,14,0,2.85,2.4564672,0.3935328,16.02027497049421,1.160202749704942,moderada,consumo_pico_excesivo
2025-03-31 15:00:00,Chiquinquirá,laboratorios,15,0,1.7775,1.5092677,0.2682323,17.77234747685914,1.1777234747685914,moderada,consumo_pico_excesivo
2025-03-31 16:00:00,Duitama,salones,16,0,6.6867,5.490755,1.195945,21.781066538208314,1.2178106653820833,moderada,consumo_pico_excesivo
2025-03-31 17:00:00,Sogamoso,comedor,17,0,0.979,0.83501923,0.14398076999999998,17.242808887167783,1.1724280888716778,moderada,consumo_pico_excesivo
2025-03-31 17:00:00,Tunja,laboratorios,17,0,3.1987,2.6922076,0.5064924,18.813274280928407,1.188132742809284,moderada,consumo_pico_excesivo
2025-03-31 18:00:00,Chiquinquirá,oficinas,18,0,1.0134,0.8762168,0.13718320000000006,15.656307890923804,1.156563078909238,moderada,consumo_fuera_patron
2025-03-31 18:00:00,Sogamoso,oficinas,18,0,2.0999,1.4616473,0.6382526999999998,43.666669790995385,1.4366666979099538,critica,consumo_fuera_patron
2025-03-31 19:00:00,Tunja,oficinas,19,0,0.8947,0.71433014,0.1803698600000001,25.250209937942714,1.2525020993794271,moderada,consumo_fuera_patron
2025-04-01 05:00:00,Sogamoso,comedor,5,1,0.5109,0.42568308,0.08521692000000003,20.018864738528023,1.2001886473852803,moderada,consumo_nocturno_alto
2025-04-01 08:00:00,Tunja,comedor,8,1,0.5572,0.46023223,0.09696777000000001,21.069313203032305,1.2106931320303231,moderada,consumo_pico_excesivo
2025-04-01 09:00:00,Chiquinquirá,salones,9,1,4.6061,3.8742168,0.7318831999999995,18.89112658847588,1.188911265884759,moderada,consumo_pico_excesivo
2025-04-01 09:00:00,Sogamoso,comedor,9,1,0.9742,0.7966375,0.17756249999999996,22.28899593604368,1.2228899593604368,moderada,consumo_pico_excesivo
2025-04-01 09:00:00,Tunja,comedor,9,1,0.5795,0.48022565,0.09927435000000001,20.672438050737192,1.206724380507372,moderada,consumo_pico_excesivo
2025-04-01 10:00:00,Chiquinquirá,salones,10,1,4.4656,3.8686252,0.5969748000000004,15.43118728586063,1.1543118728586064,moderada,consumo_pico_excesivo
2025-04-01 10:00:00,Duitama,comedor,10,1,1.0224,0.8299878,0.19241219999999992,23.1825335263964,1.231825335263964,moderada,consumo_pico_excesivo
2025-04-01 10:00:00,Tunja,comedor,10,1,0.5985,0.4681365,0.13036350000000002,27.847326581029254,1.2784732658102926,moderada,consumo_pico_excesivo
2025-04-01 12:00:00,Chiquinquirá,oficinas,12,1,1.9378,1.6639948,0.27380519999999997,16.45469084398581,1.164546908439858,moderada,consumo_fuera_patron
2025-04-01 13:00:00,Chiquinquirá,salones,13,1,0.9213,0.726627,0.19467299999999998,26.791324847549014,1.2679132484754903,moderada,consumo_fuera_patron
2025-04-01 13:00:00,Tunja,comedor,13,1,1.8196,1.5451597,0.2744403000000002,17.761290305461642,1.1776129030546165,moderada,consumo_fuera_patron
2025-04-01 14:00:00,Sogamoso,comedor,14,1,0.5041,0.43014166,0.07395834000000001,17.193949546760948,1.1719394954676094,moderada,consumo_pico_excesivo
2025-04-01 14:00:00,Tunja,salones,14,1,3.6028,2.918277,0.684523,23.456409381289028,1.2345640938128903,moderada,consumo_pico_excesivo
2025-04-01 15:00:00,Sogamoso,laboratorios,15,1,10.71,9.113891,1.5961090000000002,17.512926147569683,1.1751292614756967,moderada,consumo_pico_excesivo
2025-04-01 16:00:00,Duitama,comedor,16,1,1.3056,1.1111982,0.19440180000000007,17.494790758300372,1.1749479075830036,moderada,consumo_pico_excesivo
2025-04-01 16:00:00,Duitama,salones,16,1,8.3545,7.164808,1.189692,16.6046598876062,1.166046598876062,moderada,consumo_pico_excesivo
2025-04-01 16:00:00,Sogamoso,salones,16,1,7.7013,6.359181,1.3421189999999994,21.105217794555607,1.211052177945556,moderada,consumo_pico_excesivo
2025-04-01 16:00:00,Tunja,comedor,16,1,0.7267,0.6017144,0.12498560000000003,20.77158199969953,1.2077158199969953,moderada,consumo_pico_excesivo
2025-04-01 16:00:00,Tunja,oficinas,16,1,3.5081,2.97973,0.5283700000000002,17.73214351635887,1.1773214351635888,moderada,consumo_pico_excesivo
2025-04-01 17:00:00,Chiquinquirá,laboratorios,17,1,2.2588,1.9232645,0.3355355,17.446144303084676,1.1744614430308469,moderada,consumo_pico_excesivo
2025-04-01 17:00:00,Tunja,comedor,17,1,0.838,0.6075593,0.23044069999999994,37.92892315202811,1.3792892315202812,critica,consumo_pico_excesivo
2025-04-01 18:00:00,Duitama,oficinas,18,1,2.345,1.9890238,0.3559762000000002,17.897030694152587,1.1789703069415258,moderada,consumo_fuera_patron
2025-04-01 18:00:00,Sogamoso,salones,18,1,3.1867,2.637067,0.549633,20.842587617227778,1.2084258761722777,moderada,consumo_fuera_patron
2025-04-01 18:00:00,Sogamoso,laboratorios,18,1,6.9473,5.97213,0.9751700000000003,16.328680052175695,1.163286800521757,moderada,consumo_fuera_patron
2025-04-01 18:00:00,Tunja,salones,18,1,1.3041,1.1186345,0.18546550000000006,16.579633472774177,1.1657963347277418,moderada,consumo_fuera_patron
2025-04-01 19:00:00,Sogamoso,oficinas,19,1,2.4334,1.9852767,0.4481232999999998,22.572334627208377,1.2257233462720838,moderada,consumo_fuera_patron
2025-04-01 19:00:00,Tunja,salones,19,1,1.4468,0.95186925,0.4949307500000001,51.99566537105807,1.5199566537105806,critica,consumo_fuera_patron
2025-04-01 19:00:00,Tunja,oficinas,19,1,1.1105,0.88051945,0.22998055000000006,26.118735934793953,1.2611873593479395,moderada,consumo_fuera_patron
2025-04-01 20:00:00,Duitama,salones,20,1,3.5331,2.8442173,0.6888827000000002,24.220466558585386,1.2422046655858539,moderada,consumo_fuera_patron
2025-04-01 20:00:00,Tunja,salones,20,1,1.452,1.2438794,0.2081206,16.731573816561315,1.1673157381656132,moderada,consumo_fuera_patron
2025-04-01 23:00:00,Duitama,comedor,23,1,0.5089,0.432198,0.07670199999999999,17.74695856991471,1.177469585699147,moderada,consumo_fuera_patron
2025-04-01 23:00:00,Sogamoso,oficinas,23,1,0.9338,0.8014004,0.13239959999999995,16.521029937095108,1.165210299370951,moderada,consumo_fuera_patron
2025-04-02 00:00:00,Sogamoso,comedor,0,2,0.5071,0.4307194,0.07638060000000002,17.73326207270906,1.1773326207270907,moderada,consumo_nocturno_alto
2025-04-02 01:00:00,Duitama,comedor,1,2,0.5235,0.44063985,0.08286014999999997,18.804506673647417,1.1880450667364741,moderada,consumo_nocturno_alto
2025-04-02 05:00:00,Chiquinquirá,laboratorios,5,2,0.7106,0.61697924,0.09362075999999997,15.174053506241144,1.1517405350624115,moderada,consumo_nocturno_alto
2025-04-02 07:00:00,Chiquinquirá,laboratorios,7,2,2.3521,1.9570905,0.3950095,20.183507098930786,1.2018350709893078,moderada,consumo_pico_excesivo
2025-04-02 07:00:00,Sogamoso,comedor,7,2,0.8456,0.6998115,0.1457885,20.83253847643258,1.2083253847643258,moderada,consumo_pico_excesivo
2025-04-02 08:00:00,Duitama,comedor,8,2,0.9203,0.7508618,0.16943819999999998,22.565830356531652,1.2256583035653166,moderada,consumo_pico_excesivo
2025-04-02 09:00:00,Tunja,comedor,9,2,0.673,0.48146966,0.19153034000000002,39.780355007208556,1.3978035500720856,critica,consumo_pico_excesivo
2025-04-02 10:00:00,Chiquinquirá,laboratorios,10,2,2.4977,2.0502877,0.4474122999999999,21.821927722631308,1.2182192772263132,moderada,consumo_pico_excesivo
2025-04-02 10:00:00,Duitama,comedor,10,2,1.032,0.83046633,0.20153367,24.2675305090334,1.242675305090334,moderada,consumo_pico_excesivo
2025-04-02 10:00:00,Tunja,oficinas,10,2,3.7685,3.1700523,0.5984476999999999,18.878164880749758,1.1887816488074976,moderada,consumo_pico_excesivo
2025-04-02 12:00:00,Chiquinquirá,salones,12,2,0.8445,0.7162452,0.1282548,17.906549321377653,1.1790654932137765,moderada,consumo_fuera_patron
2025-04-02 12:00:00,Tunja,oficinas,12,2,2.243,1.764077,0.478923,27.148644872077583,1.2714864487207758,moderada,consumo_fuera_patron
2025-04-02 13:00:00,Tunja,laboratorios,13,2,2.7098,2.2512698,0.4585301999999998,20.36762541744218,1.2036762541744217,moderada,consumo_fuera_patron
2025-04-02 14:00:00,Duitama,laboratorios,14,2,10.304,8.874721,1.429279000000001,16.105058401272572,1.1610505840127257,moderada,consumo_pico_excesivo
2025-04-02 15:00:00,Sogamoso,oficinas,15,2,6.6671,5.4773397,1.1897602999999997,21.721499216124933,1.2172149921612494,moderada,consumo_pico_excesivo
2025-04-02 16:00:00,Duitama,comedor,16,2,1.4383,1.0604335,0.3778664999999999,35.633210380471745,1.3563321038047176,critica,consumo_pico_excesivo
2025-04-02 16:00:00,Sogamoso,salones,16,2,7.6743,6.5679007,1.1063992999999996,16.84555462295585,1.1684555462295585,moderada,consumo_pico_excesivo
2025-04-02 16:00:00,Tunja,comedor,16,2,0.6872,0.58959615,0.09760385000000005,16.554356740626623,1.1655435674062662,moderada,consumo_pico_excesivo
2025-04-02 17:00:00,Chiquinquirá,salones,17,2,4.2215,3.6612992,0.5602007999999996,15.300601491405006,1.15300601491405,moderada,consumo_pico_excesivo
2025-04-02 17:00:00,Sogamoso,comedor,17,2,1.2889,1.0292441,0.25965589999999983,25.227824963971113,1.2522782496397111,moderada,consumo_pico_excesivo
2025-04-02 17:00:00,Tunja,comedor,17,2,0.7971,0.6621282,0.1349718000000001,20.384541845521774,1.2038454184552176,moderada,consumo_pico_excesivo
2025-04-02 17:00:00,Tunja,oficinas,17,2,3.5518,3.0759835,0.4758165000000001,15.46875982917334,1.1546875982917333,moderada,consumo_pico_excesivo
2025-04-02 18:00:00,Duitama,comedor,18,2,0.5188,0.44004813,0.07875187000000006,17.896194673069072,1.1789619467306907,moderada,consumo_fuera_patron
2025-04-02 18:00:00,Duitama,salones,18,2,3.5184,2.8768775,0.6415225000000002,22.299263698228383,1.2229926369822839,moderada,consumo_fuera_patron
2025-04-02 18:00:00,Duitama,oficinas,18,2,2.6673,2.0684195,0.5988804999999999,28.953531911684255,1.2895353191168426,moderada,consumo_fuera_patron
2025-04-02 18:00:00,Sogamoso,oficinas,18,2,2.6557,2.067975,0.5877249999999998,28.42031455892841,1.2842031455892842,moderada,consumo_fuera_patron
2025-04-02 18:00:00,Tunja,laboratorios,18,2,3.0667,2.4952989,0.5714011000000001,22.89910439186264,1.2289910439186265,moderada,consumo_fuera_patron
2025-04-02 19:00:00,Chiquinquirá,salones,19,2,1.7483,1.4634382,0.28486180000000005,19.465242878038858,1.1946524287803886,moderada,consumo_fuera_patron
2025-04-02 19:00:00,Duitama,oficinas,19,2,2.3221,1.9699636,0.3521363999999998,17.87527444669535,1.1787527444669534,moderada,consumo_fuera_patron
2025-04-02 20:00:00,Sogamoso,salones,20,2,3.3689,2.6581528,0.7107472000000001,26.73838765025096,1.2673838765025096,moderada,consumo_fuera_patron
2025-04-02 23:00:00,Sogamoso,comedor,23,2,0.5013,0.4302337,0.07106629999999997,16.51806913312462,1.1651806913312461,moderada,consumo_fuera_patron
2025-04-03 00:00:00,Sogamoso,comedor,0,3,0.5103,0.43220228,0.07809771999999998,18.06971494921313,1.1806971494921312,moderada,consumo_nocturno_alto
2025-04-03 01:00:00,Tunja,oficinas,1,3,0.51,0.43262234,0.07737766000000001,17.88572915582677,1.1788572915582678,moderada,consumo_nocturno_alto
2025-04-03 07:00:00,Chiquinquirá,salones,7,3,4.3049,3.6452403,0.6596596999999997,18.09646678162753,1.1809646678162753,moderada,consumo_pico_excesivo
2025-04-03 07:00:00,Sogamoso,comedor,7,3,0.8113,0.6998115,0.11148849999999999,15.93121862101437,1.1593121862101436,moderada,consumo_pico_excesivo
2025-04-03 08:00:00,Chiquinquirá,laboratorios,8,3,2.4199,2.038499,0.3814010000000003,18.7098938974216,1.187098938974216,moderada,consumo_pico_excesivo
2025-04-03 09:00:00,Sogamoso,comedor,9,3,0.9542,0.790203,0.16399700000000006,20.75378099045436,1.2075378099045435,moderada,consumo_pico_excesivo
2025-04-03 10:00:00,Duitama,comedor,10,3,1.0944,0.8381567,0.25624330000000006,30.572242636728912,1.305722426367289,critica,consumo_pico_excesivo
2025-04-03 10:00:00,Tunja,comedor,10,3,0.5708,0.4660655,0.10473449999999995,22.472055966382396,1.224720559663824,moderada,consumo_pico_excesivo
2025-04-03 10:00:00,Tunja,laboratorios,10,3,4.6938,4.0740647,0.6197353000000003,15.211719637147644,1.1521171963714765,moderada,consumo_pico_excesivo
2025-04-03 11:00:00,Chiquinquirá,oficinas,11,3,3.5398,3.0495281,0.4902719000000002,16.076975975397644,1.1607697597539763,moderada,consumo_pico_excesivo
2025-04-03 11:00:00,Tunja,oficinas,11,3,3.6039,3.0793126,0.5245873999999997,17.035860535887124,1.1703586053588713,moderada,consumo_pico_excesivo
2025-04-03 12:00:00,Chiquinquirá,laboratorios,12,3,1.0895,0.8753757,0.21412429999999993,24.460845783130598,1.244608457831306,moderada,consumo_fuera_patron
2025-04-03 12:00:00,Duitama,laboratorios,12,3,5.4629,4.0466547,1.4162453,34.99792804164882,1.349979280416488,critica,consumo_fuera_patron
2025-04-03 12:00:00,Sogamoso,salones,12,3,1.3802,1.1712912,0.20890880000000012,17.83576961903241,1.1783576961903242,moderada,consumo_fuera_patron
2025-04-03 13:00:00,Chiquinquirá,salones,13,3,0.8494,0.6785815,0.1708185000000001,25.172879013058875,1.2517287901305887,moderada,consumo_fuera_patron
2025-04-03 13:00:00,Chiquinquirá,oficinas,13,3,2.1205,1.770531,0.34996899999999975,19.766329988009232,1.1976632998800922,moderada,consumo_fuera_patron
2025-04-03 13:00:00,Duitama,salones,13,3,1.5089,1.2685704,0.24032959999999992,18.94491626164381,1.189449162616438,moderada,consumo_fuera_patron
2025-04-03 14:00:00,Duitama,comedor,14,3,0.505,0.42919892,0.07580108000000002,17.661060284121877,1.1766106028412187,moderada,consumo_pico_excesivo
2025-04-03 15:00:00,Chiquinquirá,laboratorios,15,3,2.2127,1.8974807,0.31521929999999987,16.612516796613523,1.1661251679661353,moderada,consumo_pico_excesivo
2025-04-03 16:00:00,Duitama,oficinas,16,3,6.343,5.504094,0.8389059999999997,15.241491151858956,1.1524149115185895,moderada,consumo_pico_excesivo
2025-04-03 16:00:00,Tunja,comedor,16,3,0.7059,0.5904389,0.11546109999999998,19.555130937341694,1.195551309373417,moderada,consumo_pico_excesivo
2025-04-03 17:00:00,Chiquinquirá,laboratorios,17,3,2.207,1.8972255,0.30977449999999984,16.32776388468318,1.1632776388468318,moderada,consumo_pico_excesivo
2025-04-03 18:00:00,Chiquinquirá,salones,18,3,1.7498,1.4503105,0.29948949999999996,20.650026321949678,1.2065002632194968,moderada,consumo_fuera_patron
2025-04-03 18:00:00,Sogamoso,salones,18,3,2.7874,2.3446636,0.4427363999999998,18.882725863104618,1.1888272586310462,moderada,consumo_fuera_patron
2025-04-03 18:00:00,Sogamoso,oficinas,18,3,2.3165,1.8771702,0.4393298000000001,23.403834132887905,1.2340383413288791,moderada,consumo_fuera_patron
2025-04-03 18:00:00,Tunja,laboratorios,18,3,3.1985,2.7483962,0.45010379999999994,16.37696195330207,1.1637696195330207,moderada,consumo_fuera_patron
2025-04-03 19:00:00,Chiquinquirá,oficinas,19,3,1.2883,0.929757,0.35854300000000006,38.56308691410767,1.3856308691410768,critica,consumo_fuera_patron
2025-04-03 19:00:00,Sogamoso,salones,19,3,3.2271,2.8059416,0.42115839999999993,15.009521224532966,1.1500952122453296,moderada,consumo_fuera_patron
2025-04-03 20:00:00,Sogamoso,oficinas,20,3,0.9132,0.78191173,0.13128826999999998,16.790676615121246,1.1679067661512124,moderada,consumo_fuera_patron
2025-04-03 21:00:00,Duitama,comedor,21,3,0.5109,0.4339513,0.07694870000000004,17.732104962008417,1.177321049620084,moderada,consumo_fuera_patron
2025-04-03 23:00:00,Duitama,oficinas,23,3,0.9576,0.8197995,0.1378005,16.809049041869383,1.1680904904186937,moderada,consumo_fuera_patron
2025-04-04 01:00:00,Duitama,comedor,1,4,0.5187,0.43871453,0.07998547000000006,18.231780470092946,1.1823178047009295,moderada,consumo_nocturno_alto
2025-04-04 01:00:00,Sogamoso,comedor,1,4,0.501,0.42844674,0.07255326000000001,16.9340207840069,1.169340207840069,moderada,consumo_nocturno_alto
2025-04-04 02:00:00,Chiquinquirá,laboratorios,2,4,0.7144,0.60761815,0.10678185000000007,17.573841400228098,1.175738414002281,moderada,consumo_nocturno_alto
2025-04-04 05:00:00,Tunja,laboratorios,5,4,5.792456436935243,3.2129421,2.5795143369352433,80.28511739863733,1.8028511739863733,critica,consumo_nocturno_alto
2025-04-04 07:00:00,Duitama,comedor,7,4,0.9117,0.7507097,0.16099029999999992,21.44508056842744,1.2144508056842744,moderada,consumo_pico_excesivo
2025-04-04 07:00:00,Sogamoso,comedor,7,4,0.9136,0.7420429,0.17155710000000002,23.11956626766458,1.2311956626766458,moderada,consumo_pico_excesivo
2025-04-04 07:00:00,Tunja,comedor,7,4,0.5382,0.44415966,0.09404034,21.172643188712815,1.2117264318871281,moderada,consumo_pico_excesivo
2025-04-04 08:00:00,Sogamoso,comedor,8,4,0.9064,0.68983847,0.21656153,31.393078150599518,1.313930781505995,critica,consumo_pico_excesivo
2025-04-04 08:00:00,Tunja,oficinas,8,4,3.7088,3.220581,0.48821899999999996,15.159345472136856,1.1515934547213686,moderada,consumo_pico_excesivo
2025-04-04 10:00:00,Duitama,salones,10,4,8.6419,7.386695,1.2552050000000001,16.99278229302821,1.169927822930282,moderada,consumo_pico_excesivo
2025-04-04 10:00:00,Tunja,comedor,10,4,0.629,0.4612868,0.1677132,36.35768463350783,1.3635768463350784,critica,consumo_pico_excesivo
2025-04-04 11:00:00,Duitama,salones,11,4,8.6306,6.597695,2.0329049999999995,30.812351889561423,1.3081235188956142,critica,consumo_pico_excesivo
2025-04-04 12:00:00,Chiquinquirá,salones,12,4,0.661,0.5216997,0.13930030000000004,26.70124211303937,1.2670124211303937,moderada,consumo_fuera_patron
2025-04-04 12:00:00,Chiquinquirá,laboratorios,12,4,1.0954,0.86994135,0.22545864999999998,25.916534488215788,1.2591653448821578,moderada,consumo_fuera_patron
2025-04-04 13:00:00,Sogamoso,salones,13,4,1.6275,1.278018,0.34948199999999985,27.345624240034166,1.2734562424003417,moderada,consumo_fuera_patron
2025-04-04 13:00:00,Tunja,comedor,13,4,1.7834,1.4795989,0.30380110000000005,20.532665981300745,1.2053266598130075,moderada,consumo_fuera_patron
2025-04-04 14:00:00,Duitama,comedor,14,4,0.5121,0.4396676,0.07243240000000001,16.47435471706353,1.1647435471706353,moderada,consumo_pico_excesivo
2025-04-04 15:00:00,Sogamoso,laboratorios,15,4,10.06,8.705071,1.3549290000000003,15.564824227165985,1.1556482422716599,moderada,consumo_pico_excesivo
2025-04-04 16:00:00,Duitama,comedor,16,4,1.3093,1.1116961,0.19760389999999983,17.77499264412278,1.177749926441228,moderada,consumo_pico_excesivo
2025-04-04 17:00:00,Duitama,salones,17,4,3.6961,3.0887206,0.6073794000000001,19.664433228437694,1.196644332284377,moderada,consumo_pico_excesivo
2025-04-04 17:00:00,Tunja,comedor,17,4,0.8056,0.5706835,0.23491649999999997,41.16406028910946,1.4116406028910946,critica,consumo_pico_excesivo
2025-04-04 17:00:00,Tunja,oficinas,17,4,2.4888,2.160522,0.32827800000000007,15.194383579523842,1.1519438357952385,moderada,consumo_pico_excesivo
2025-04-04 18:00:00,Chiquinquirá,salones,18,4,1.6196,1.407061,0.21253900000000003,15.105173123269003,1.15105173123269,moderada,consumo_fuera_patron
2025-04-04 19:00:00,Sogamoso,salones,19,4,2.4333,2.0085576,0.42474239999999996,21.146637766325444,1.2114663776632544,moderada,consumo_fuera_patron
2025-04-04 19:00:00,Tunja,oficinas,19,4,1.3274,1.0188477,0.3085522999999999,30.2844379979461,1.302844379979461,critica,consumo_fuera_patron
2025-04-04 20:00:00,Chiquinquirá,laboratorios,20,4,1.3993,1.1047937,0.2945062999999999,26.657130648011467,1.2665713064801147,moderada,consumo_fuera_patron
2025-04-04 20:00:00,Duitama,comedor,20,4,0.5156,0.429436,0.08616399999999996,20.06445663614601,1.20064456636146,moderada,consumo_fuera_patron
2025-04-04 21:00:00,Duitama,comedor,21,4,0.5105,0.43456224,0.07593775999999997,17.47454173653007,1.1747454173653007,moderada,consumo_fuera_patron
2025-04-04 22:00:00,Sogamoso,oficinas,22,4,0.9391,0.7882919,0.1508081,19.13099703295188,1.1913099703295187,moderada,consumo_fuera_patron
2025-04-05 02:00:00,Duitama,comedor,2,5,0.5051,0.41861555,0.08648444999999999,20.659636270081222,1.2065963627008123,moderada,consumo_nocturno_alto
2025-04-05 02:00:00,Sogamoso,comedor,2,5,0.5106,0.42478678,0.08581322000000008,20.20148084646139,1.2020148084646138,moderada,consumo_nocturno_alto
2025-04-05 04:00:00,Duitama,comedor,4,5,0.5051,0.42772666,0.07737334000000001,18.089435902826356,1.1808943590282635,moderada,consumo_nocturno_alto
2025-04-05 07:00:00,Duitama,comedor,7,5,0.5072,0.41343042,0.09376957999999996,22.680861268021825,1.2268086126802182,moderada,consumo_fin_semana_alto
2025-04-05 07:00:00,Sogamoso,comedor,7,5,0.5051,0.4371326,0.06796740000000001,15.548462869161442,1.1554846286916145,moderada,consumo_fin_semana_alto
2025-04-05 08:00:00,Duitama,salones,8,5,6.4847,5.3734555,1.1112444999999997,20.68025872736826,1.2068025872736825,moderada,consumo_fin_semana_alto
2025-04-05 09:00:00,Sogamoso,salones,9,5,5.7103,4.72921,0.98109,20.7453253291776,1.207453253291776,moderada,consumo_fin_semana_alto
2025-04-05 10:00:00,Chiquinquirá,oficinas,10,5,1.26,1.090256,0.16974400000000012,15.56918742020224,1.1556918742020224,moderada,consumo_fin_semana_alto
2025-04-05 11:00:00,Chiquinquirá,oficinas,11,5,1.3243,1.0765404,0.24775959999999997,23.014426583526262,1.2301442658352626,moderada,consumo_fin_semana_alto
2025-04-05 12:00:00,Chiquinquirá,oficinas,12,5,1.2681,1.0576447,0.2104553,19.898487649018616,1.1989848764901863,moderada,consumo_fin_semana_alto
2025-04-05 12:00:00,Sogamoso,salones,12,5,4.3338,3.734159,0.5996410000000001,16.058261043517433,1.1605826104351744,moderada,consumo_fin_semana_alto
2025-04-05 12:00:00,Tunja,oficinas,12,5,1.6295,1.2567687,0.3727312999999999,29.657907616572555,1.2965790761657254,moderada,consumo_fin_semana_alto
2025-04-05 13:00:00,Chiquinquirá,comedor,13,5,0.5702,0.4210984,0.14910160000000006,35.40778117418638,1.3540778117418637,critica,consumo_fin_semana_alto
2025-04-05 14:00:00,Duitama,oficinas,14,5,0.8549,0.7207585,0.13414150000000002,18.61115755138511,1.1861115755138512,moderada,consumo_fin_semana_alto
2025-04-05 17:00:00,Sogamoso,comedor,17,5,0.5112,0.43239376,0.07880623999999997,18.2255729129856,1.182255729129856,moderada,consumo_fin_semana_alto
2025-04-05 21:00:00,Duitama,laboratorios,21,5,12.579024154475963,10.06934,2.5096841544759627,24.92401840116594,1.2492401840116594,moderada,consumo_fin_semana_alto
2025-04-05 21:00:00,Sogamoso,oficinas,21,5,0.9004,0.7708066,0.12959339999999997,16.812699839363074,1.1681269983936307,moderada,consumo_fin_semana_alto
2025-04-05 22:00:00,Duitama,comedor,22,5,0.5144,0.44039625,0.07400374999999998,16.803901032308968,1.1680390103230898,moderada,consumo_fin_semana_alto
2025-04-05 23:00:00,Duitama,comedor,23,5,0.5172,0.44386062,0.07333938000000001,16.523065281168673,1.1652306528116867,moderada,consumo_fin_semana_alto
2025-04-06 00:00:00,Sogamoso,oficinas,0,6,0.9176,0.78855443,0.12904556999999994,16.364827219346157,1.1636482721934616,moderada,consumo_nocturno_alto
2025-04-06 01:00:00,Duitama,oficinas,1,6,0.9578,0.8165651,0.14123489999999994,17.296220472807363,1.1729622047280737,moderada,consumo_nocturno_alto
2025-04-06 01:00:00,Duitama,oficinas,1,6,0.9578,0.8165651,0.14123489999999994,17.296220472807363,1.1729622047280737,moderada,consumo_nocturno_alto
2025-04-06 05:00:00,Duitama,oficinas,5,6,0.939,0.77489936,0.1641006399999999,21.177026136658558,1.2117702613665855,moderada,consumo_nocturno_alto
2025-04-06 09:00:00,Duitama,oficinas,9,6,0.9561,0.82333225,0.13276774999999996,16.125658869794055,1.1612565886979405,moderada,consumo_fin_semana_alto
2025-04-06 13:00:00,Sogamoso,oficinas,13,6,0.9394,0.7541091,0.18529090000000004,24.570834644483146,1.2457083464448315,moderada,consumo_fin_semana_alto
2025-04-06 14:00:00,Sogamoso,oficinas,14,6,0.9281,0.77474874,0.15335126,19.79367659249113,1.1979367659249114,moderada,consumo_fin_semana_alto
2025-04-06 17:00:00,Duitama,oficinas,17,6,0.9393,0.7929901,0.1463099,18.450406884020364,1.1845040688402038,moderada,consumo_fin_semana_alto
2025-04-06 17:00:00,Tunja,laboratorios,17,6,5.783332662275766,3.5237122,2.2596204622757665,64.1261355645267,1.641261355645267,critica,consumo_fin_semana_alto
2025-04-06 19:00:00,Duitama,oficinas,19,6,0.9434,0.78866464,0.15473536,19.61991854991749,1.196199185499175,moderada,consumo_fin_semana_alto
2025-04-06 20:00:00,Duitama,oficinas,20,6,0.9049,0.7765996,0.1283004000000001,16.520791409112253,1.1652079140911225,moderada,consumo_fin_semana_alto
2025-04-06 21:00:00,Chiquinquirá,laboratorios,21,6,2.4888896956497364,1.2709144,1.2179752956497363,95.83456569928991,1.9583456569928992,critica,consumo_fin_semana_alto
2025-04-07 06:00:00,Chiquinquirá,laboratorios,6,0,0.6804,0.5873162,0.09308380000000005,15.84900944329478,1.1584900944329477,moderada,consumo_nocturno_alto
2025-04-07 06:00:00,Duitama,comedor,6,0,0.5172,0.43476614,0.08243385999999997,18.96050598604573,1.1896050598604573,moderada,consumo_nocturno_alto
2025-04-07 07:00:00,Tunja,comedor,7,0,0.5485,0.4510769,0.09742309999999998,21.59789162335734,1.2159789162335735,moderada,consumo_pico_excesivo
2025-04-07 08:00:00,Duitama,salones,8,0,8.5877,7.2657065,1.3219934999999996,18.194975258083982,1.1819497525808398,moderada,consumo_pico_excesivo
2025-04-07 09:00:00,Chiquinquirá,salones,9,0,4.5808,3.8357148,0.7450852000000001,19.424937432783064,1.1942493743278306,moderada,consumo_pico_excesivo
2025-04-07 09:00:00,Tunja,comedor,9,0,0.5616,0.47503006,0.08656994000000001,18.22409722871012,1.1822409722871012,moderada,consumo_pico_excesivo
2025-04-07 10:00:00,Tunja,comedor,10,0,0.6243,0.4911977,0.13310229999999995,27.09750066012116,1.2709750066012115,moderada,consumo_pico_excesivo
2025-04-07 10:00:00,Tunja,oficinas,10,0,3.7749,3.2402878,0.5346122000000002,16.498910991795242,1.1649891099179523,moderada,consumo_pico_excesivo
2025-04-07 11:00:00,Chiquinquirá,oficinas,11,0,3.4323,2.7773116,0.6549884000000001,23.58354028406464,1.2358354028406464,moderada,consumo_pico_excesivo
2025-04-07 12:00:00,Chiquinquirá,comedor,12,0,0.9648,0.8288292,0.13597079999999995,16.40516526203468,1.1640516526203468,moderada,consumo_fuera_patron
2025-04-07 12:00:00,Chiquinquirá,laboratorios,12,0,1.1083,0.9165987,0.19170130000000007,20.91441980007173,1.2091441980007174,moderada,consumo_fuera_patron
2025-04-07 12:00:00,Sogamoso,salones,12,0,1.5468,1.1666297,0.38017029999999985,32.587058258503085,1.325870582585031,critica,consumo_fuera_patron
2025-04-07 12:00:00,Tunja,laboratorios,12,0,2.6382,2.2307067,0.40749330000000006,18.267453090090243,1.1826745309009024,moderada,consumo_fuera_patron
2025-04-07 13:00:00,Chiquinquirá,comedor,13,0,0.858,0.61477494,0.24322506,39.56326847024702,1.39563268470247,critica,consumo_fuera_patron
2025-04-07 14:00:00,Tunja,laboratorios,14,0,4.5813,3.8101487,0.7711512999999997,20.239401680044654,1.2023940168004466,moderada,consumo_pico_excesivo
2025-04-07 15:00:00,Chiquinquirá,oficinas,15,0,2.9571,2.5631137,0.3939862999999999,15.371393785613174,1.1537139378561316,moderada,consumo_pico_excesivo
2025-04-07 17:00:00,Duitama,comedor,17,0,1.5212,1.0694594,0.45174060000000016,42.24008877756371,1.4224008877756371,critica,consumo_pico_excesivo
2025-04-07 17:00:00,Sogamoso,oficinas,17,0,6.4839,5.5315204,0.9523796000000004,17.217320576093336,1.1721732057609333,moderada,consumo_pico_excesivo
2025-04-07 17:00:00,Tunja,comedor,17,0,0.7554,0.61919534,0.13620465999999998,21.99704216120231,1.219970421612023,moderada,consumo_pico_excesivo
2025-04-07 17:00:00,Tunja,salones,17,0,3.5562,2.9981341,0.5580658999999999,18.613773813519543,1.1861377381351954,moderada,consumo_pico_excesivo
2025-04-07 18:00:00,Chiquinquirá,oficinas,18,0,1.1421,0.9296427,0.21245729999999985,22.85365119308739,1.228536511930874,moderada,consumo_fuera_patron
2025-04-07 18:00:00,Duitama,salones,18,0,3.5741,2.9829106,0.5911894000000002,19.819212818513577,1.1981921281851358,moderada,consumo_fuera_patron
2025-04-07 18:00:00,Duitama,oficinas,18,0,2.6289,2.089215,0.539685,25.831951235272577,1.2583195123527258,moderada,consumo_fuera_patron
2025-04-07 18:00:00,Sogamoso,salones,18,0,3.3421,2.663367,0.6787329999999998,25.484020790225298,1.254840207902253,moderada,consumo_fuera_patron
2025-04-07 19:00:00,Sogamoso,oficinas,19,0,2.2971,1.6949629,0.6021371,35.525090254187866,1.3552509025418786,critica,consumo_fuera_patron
2025-04-07 19:00:00,Tunja,salones,19,0,1.3608,1.1205969,0.2402031,21.435281500421784,1.2143528150042178,moderada,consumo_fuera_patron
2025-04-07 20:00:00,Duitama,laboratorios,20,0,6.2046,5.3951387,0.8094612999999997,15.003530863812633,1.1500353086381263,moderada,consumo_fuera_patron
2025-04-07 20:00:00,Tunja,salones,20,0,1.0481,0.8372763,0.21082370000000006,25.1797047163523,1.2517970471635231,moderada,consumo_fuera_patron
2025-04-07 20:00:00,Tunja,laboratorios,20,0,2.9636,2.210661,0.752939,34.05945099678331,1.3405945099678331,critica,consumo_fuera_patron
2025-04-07 21:00:00,Sogamoso,comedor,21,0,0.5019,0.4263643,0.07553570000000004,17.716234684751996,1.1771623468475199,moderada,consumo_fuera_patron
2025-04-08 00:00:00,Sogamoso,comedor,0,1,0.5011,0.43281966,0.06828034,15.77570205567834,1.1577570205567833,moderada,consumo_nocturno_alto
2025-04-08 01:00:00,Sogamoso,oficinas,1,1,0.9386,0.8141012,0.12449880000000002,15.292791608709091,1.1529279160870909,moderada,consumo_nocturno_alto
2025-04-08 02:00:00,Duitama,comedor,2,1,0.5228,0.45217064,0.07062936000000003,15.620067680643757,1.1562006768064375,moderada,consumo_nocturno_alto
2025-04-08 02:00:00,Sogamoso,comedor,2,1,0.5056,0.4212822,0.08431780000000005,20.01456505876585,1.2001456505876584,moderada,consumo_nocturno_alto
2025-04-08 02:00:00,Sogamoso,oficinas,2,1,0.9317,0.79828346,0.13341654000000003,16.712928011811748,1.1671292801181175,moderada,consumo_nocturno_alto
2025-04-08 03:00:00,Duitama,comedor,3,1,0.5121,0.43866897,0.07343103000000001,16.739508609419083,1.1673950860941908,moderada,consumo_nocturno_alto
2025-04-08 03:00:00,Tunja,oficinas,3,1,0.5041,0.43262234,0.07147766,16.521953073435828,1.1652195307343582,moderada,consumo_nocturno_alto
2025-04-08 04:00:00,Sogamoso,comedor,4,1,0.5088,0.43281966,0.07598034000000004,17.554733997064744,1.1755473399706475,moderada,consumo_nocturno_alto
2025-04-08 05:00:00,Sogamoso,comedor,5,1,0.5082,0.42999905,0.07820094999999999,18.186307620912185,1.1818630762091218,moderada,consumo_nocturno_alto
2025-04-08 06:00:00,Chiquinquirá,laboratorios,6,1,0.7029,0.6090522,0.09384779999999993,15.408827026648932,1.1540882702664894,moderada,consumo_nocturno_alto
2025-04-08 07:00:00,Duitama,comedor,7,1,0.9087,0.7573458,0.1513542,19.984820672406183,1.199848206724062,moderada,consumo_pico_excesivo
2025-04-08 07:00:00,Tunja,comedor,7,1,0.5352,0.45097542,0.08422458,18.6760910383985,1.186760910383985,moderada,consumo_pico_excesivo
2025-04-08 09:00:00,Tunja,comedor,9,1,0.6885,0.49812347,0.19037653,38.21874323649114,1.3821874323649115,critica,consumo_pico_excesivo
2025-04-08 10:00:00,Tunja,comedor,10,1,0.6138,0.47927916,0.13452084000000003,28.06732510547716,1.2806732510547716,moderada,consumo_pico_excesivo
2025-04-08 11:00:00,Sogamoso,salones,11,1,7.8231,6.7892246,1.0338754000000003,15.228180844098166,1.1522818084409816,moderada,consumo_pico_excesivo
2025-04-08 12:00:00,Chiquinquirá,oficinas,12,1,2.1532,1.770531,0.3826689999999999,21.61323354406107,1.2161323354406106,moderada,consumo_fuera_patron
2025-04-08 12:00:00,Duitama,salones,12,1,1.8799,1.4257079,0.4541921,31.857304010169262,1.3185730401016926,critica,consumo_fuera_patron
2025-04-08 12:00:00,Duitama,oficinas,12,1,4.1032,3.553496,0.5497040000000002,15.469385641632922,1.1546938564163292,moderada,consumo_fuera_patron
2025-04-08 12:00:00,Sogamoso,salones,12,1,1.6793,1.1778976,0.5014023999999999,42.56757123879019,1.4256757123879018,critica,consumo_fuera_patron
2025-04-08 12:00:00,Tunja,comedor,12,1,1.7361,1.3665925,0.3695074999999999,27.038601485080584,1.2703860148508057,moderada,consumo_fuera_patron
2025-04-08 14:00:00,Chiquinquirá,oficinas,14,1,3.1573,2.6271353,0.5301647000000003,20.18033483087073,1.2018033483087074,moderada,consumo_pico_excesivo
2025-04-08 16:00:00,Duitama,comedor,16,1,1.5113,1.102873,0.4084270000000001,37.0330038000749,1.370330038000749,critica,consumo_pico_excesivo
2025-04-08 16:00:00,Tunja,comedor,16,1,0.7002,0.57676214,0.12343786000000001,21.401865940784532,1.2140186594078453,moderada,consumo_pico_excesivo
2025-04-08 17:00:00,Duitama,comedor,17,1,1.3088,1.0671668,0.24163319999999988,22.642495999688133,1.2264249599968813,moderada,consumo_pico_excesivo
2025-04-08 17:00:00,Tunja,laboratorios,17,1,4.2802,3.6426795,0.6375204999999999,17.501416196511386,1.1750141619651138,moderada,consumo_pico_excesivo
2025-04-08 18:00:00,Chiquinquirá,oficinas,18,1,1.1392,0.9540676,0.18513239999999997,19.404536953146714,1.1940453695314672,moderada,consumo_fuera_patron
2025-04-08 18:00:00,Tunja,laboratorios,18,1,9.407752145752868,6.6762104,2.7315417457528675,40.914554546586295,1.409145545465863,critica,consumo_fuera_patron
2025-04-08 19:00:00,Duitama,salones,19,1,3.2025,2.6588783,0.5436217000000001,20.44552772498087,1.2044552772498087,moderada,consumo_fuera_patron
2025-04-08 19:00:00,Sogamoso,comedor,19,1,0.5053,0.40236327,0.10293672999999998,25.583033461279896,1.255830334612799,moderada,consumo_fuera_patron
2025-04-08 20:00:00,Duitama,laboratorios,20,1,6.6568,5.5275617,1.1292383,20.429230125101995,1.20429230125102,moderada,consumo_fuera_patron
2025-04-08 20:00:00,Sogamoso,salones,20,1,3.2134,2.598928,0.6144720000000001,23.643286770545398,1.236432867705454,moderada,consumo_fuera_patron
2025-04-08 20:00:00,Tunja,laboratorios,20,1,3.0752,2.3938274,0.6813726,28.463731345041833,1.2846373134504183,moderada,consumo_fuera_patron
2025-04-08 21:00:00,Duitama,comedor,21,1,0.519,0.43948975,0.07951025,18.091491326020687,1.1809149132602068,moderada,consumo_fuera_patron
2025-04-08 22:00:00,Tunja,oficinas,22,1,0.5102,0.43314537,0.07705463000000001,17.789554116669887,1.177895541166699,moderada,consumo_fuera_patron
2025-04-08 23:00:00,Duitama,comedor,23,1,0.5054,0.43880075,0.06659924999999994,15.177560658225845,1.1517756065822584,moderada,consumo_fuera_patron
2025-04-09 04:00:00,Duitama,comedor,4,2,0.5048,0.42769486,0.07710514000000002,18.028072631034195,1.1802807263103419,moderada,consumo_nocturno_alto
2025-04-09 05:00:00,Duitama,comedor,5,2,0.5185,0.4423268,0.07617319999999994,17.221023008327766,1.1722102300832777,moderada,consumo_nocturno_alto
2025-04-09 06:00:00,Tunja,oficinas,6,2,0.5092,0.43712333,0.07207667000000001,16.48886368064592,1.1648886368064593,moderada,consumo_nocturno_alto
2025-04-09 07:00:00,Tunja,comedor,7,2,0.604,0.4307252,0.1732748,40.22861908242193,1.4022861908242192,critica,consumo_pico_excesivo
2025-04-09 09:00:00,Tunja,comedor,9,2,0.5889,0.39902598,0.18987401999999998,47.584375333154995,1.4758437533315498,critica,consumo_pico_excesivo
2025-04-09 10:00:00,Duitama,comedor,10,2,1.0255,0.80754787,0.21795213000000013,26.989375874398647,1.2698937587439865,moderada,consumo_pico_excesivo
2025-04-09 10:00:00,Tunja,comedor,10,2,0.6056,0.48542732,0.12017268000000003,24.756060289313762,1.2475606028931376,moderada,consumo_pico_excesivo
2025-04-09 12:00:00,Chiquinquirá,comedor,12,2,1.1074,0.827324,0.280076,33.853242502332826,1.3385324250233281,critica,consumo_fuera_patron
2025-04-09 12:00:00,Tunja,oficinas,12,2,2.4662,2.0615232,0.4046768000000003,19.62999009664312,1.1962999009664312,moderada,consumo_fuera_patron
2025-04-09 13:00:00,Duitama,comedor,13,2,3.3992,2.8797743,0.5194257000000002,18.037028110154335,1.1803702811015433,moderada,consumo_fuera_patron
2025-04-09 14:00:00,Sogamoso,oficinas,14,2,6.5168,5.389837,1.126963,20.90903676678905,1.2090903676678906,moderada,consumo_pico_excesivo
2025-04-09 14:00:00,Tunja,laboratorios,14,2,4.5999,3.9925532,0.6073467999999997,15.211990162084746,1.1521199016208474,moderada,consumo_pico_excesivo
2025-04-09 14:00:00,Tunja,oficinas,14,2,3.6769,3.079687,0.597213,19.3920031483719,1.193920031483719,moderada,consumo_pico_excesivo
2025-04-09 15:00:00,Duitama,comedor,15,2,0.5163,0.44294688,0.07335312,16.56025210065821,1.1656025210065821,moderada,consumo_pico_excesivo
2025-04-09 16:00:00,Tunja,salones,16,2,3.7504,3.031043,0.719357,23.732985642236024,1.2373298564223603,moderada,consumo_pico_excesivo
2025-04-09 17:00:00,Duitama,oficinas,17,2,6.4826,5.479633,1.002967,18.303543321240674,1.1830354332124067,moderada,consumo_pico_excesivo
2025-04-09 17:00:00,Tunja,laboratorios,17,2,4.6193,3.7845786,0.8347213999999998,22.055861120178605,1.220558611201786,moderada,consumo_pico_excesivo
2025-04-09 18:00:00,Chiquinquirá,salones,18,2,1.5999,1.2344868,0.3654132000000001,29.60041371037747,1.2960041371037747,moderada,consumo_fuera_patron
2025-04-09 18:00:00,Chiquinquirá,oficinas,18,2,1.0818,0.7907279,0.29107210000000006,36.810652564554765,1.3681065256455476,critica,consumo_fuera_patron
2025-04-09 18:00:00,Duitama,laboratorios,18,2,6.2733,5.3264213,0.9468787000000001,17.77701474721874,1.1777701474721873,moderada,consumo_fuera_patron
2025-04-09 18:00:00,Sogamoso,oficinas,18,2,2.2621,1.7527428,0.5093572000000002,29.060578654209856,1.2906057865420986,moderada,consumo_fuera_patron
2025-04-09 19:00:00,Chiquinquirá,oficinas,19,2,1.1032,0.7834282,0.31977179999999994,40.81698871702601,1.4081698871702601,critica,consumo_fuera_patron
2025-04-09 20:00:00,Tunja,salones,20,2,1.6432,1.2952949,0.34790509999999997,26.859142269455393,1.2685914226945538,moderada,consumo_fuera_patron
2025-04-09 21:00:00,Duitama,comedor,21,2,0.5057,0.42544577,0.08025423000000004,18.86356279908484,1.1886356279908483,moderada,consumo_fuera_patron
2025-04-09 22:00:00,Sogamoso,comedor,22,2,0.5026,0.42321107,0.07938893000000002,18.758708272919236,1.1875870827291923,moderada,consumo_fuera_patron
2025-04-09 23:00:00,Duitama,comedor,23,2,0.5078,0.43752745,0.07027255000000004,16.061289411670067,1.1606128941167007,moderada,consumo_fuera_patron
2025-04-09 23:00:00,Duitama,oficinas,23,2,0.956,0.82487476,0.13112523999999992,15.896381651924942,1.1589638165192495,moderada,consumo_fuera_patron
2025-04-09 23:00:00,Sogamoso,comedor,23,2,0.5085,0.41663638,0.09186361999999998,22.048871488370743,1.2204887148837074,moderada,consumo_fuera_patron
2025-04-10 00:00:00,Duitama,comedor,0,3,0.5081,0.43693265,0.07116735000000002,16.28794506430225,1.1628794506430224,moderada,consumo_nocturno_alto
2025-04-10 03:00:00,Duitama,comedor,3,3,0.5138,0.4357009,0.07809910000000003,17.9249342840467,1.1792493428404671,moderada,consumo_nocturno_alto
2025-04-10 05:00:00,Sogamoso,oficinas,5,3,0.9391,0.79257166,0.14652834000000003,18.487708732860828,1.1848770873286083,moderada,consumo_nocturno_alto
2025-04-10 06:00:00,Sogamoso,comedor,6,3,0.51,0.42999905,0.08000095000000002,18.60491319690125,1.1860491319690125,moderada,consumo_nocturno_alto
2025-04-10 06:00:00,Sogamoso,oficinas,6,3,0.9327,0.7962147,0.13648529999999992,17.14177093188557,1.1714177093188558,moderada,consumo_nocturno_alto
2025-04-10 06:00:00,Tunja,laboratorios,6,3,6.688867297228825,3.6381927,3.050674597228825,83.85137481114799,1.83851374811148,critica,consumo_nocturno_alto
2025-04-10 07:00:00,Tunja,comedor,7,3,0.6048,0.41786543,0.18693457000000002,44.73559107294423,1.4473559107294423,critica,consumo_pico_excesivo
2025-04-10 07:00:00,Tunja,oficinas,7,3,3.6605,3.1755614,0.4849386,15.27095649921932,1.1527095649921932,moderada,consumo_pico_excesivo
2025-04-10 09:00:00,Duitama,comedor,9,3,1.1126,0.82810104,0.2844989600000001,34.355585400544854,1.3435558540054486,critica,consumo_pico_excesivo
2025-04-10 09:00:00,Sogamoso,comedor,9,3,1.119,0.8180175,0.30098250000000004,36.79413948968085,1.3679413948968084,critica,consumo_pico_excesivo
2025-04-10 09:00:00,Tunja,comedor,9,3,0.6711,0.48887563,0.18222437000000002,37.27417748354526,1.3727417748354527,critica,consumo_pico_excesivo
2025-04-10 09:00:00,Tunja,laboratorios,9,3,4.7088,4.0581975,0.6506024999999998,16.031809688907444,1.1603180968890745,moderada,consumo_pico_excesivo
2025-04-10 10:00:00,Duitama,comedor,10,3,1.1495,0.8420913,0.3074087,36.5053884299719,1.365053884299719,critica,consumo_pico_excesivo
2025-04-10 10:00:00,Tunja,comedor,10,3,0.5844,0.49951163,0.08488837000000005,16.99427298619655,1.1699427298619656,moderada,consumo_pico_excesivo
2025-04-10 11:00:00,Chiquinquirá,oficinas,11,3,3.4541,2.9023266,0.5517734000000001,19.011416564903485,1.1901141656490348,moderada,consumo_pico_excesivo
2025-04-10 12:00:00,Chiquinquirá,salones,12,3,0.8508,0.71488726,0.13591273999999998,19.01177256956572,1.1901177256956572,moderada,consumo_fuera_patron
2025-04-10 12:00:00,Sogamoso,salones,12,3,1.394,0.99274707,0.40125292999999995,40.418445153406495,1.404184451534065,critica,consumo_fuera_patron
2025-04-10 12:00:00,Sogamoso,laboratorios,12,3,6.0163,4.322834,1.693466,39.174902390422574,1.3917490239042258,critica,consumo_fuera_patron
2025-04-10 13:00:00,Chiquinquirá,oficinas,13,3,2.0009,1.7021455,0.29875450000000003,17.551642911842734,1.1755164291184272,moderada,consumo_fuera_patron
2025-04-10 13:00:00,Duitama,oficinas,13,3,4.0803,3.4460146,0.6342854000000004,18.406346856452682,1.1840634685645268,moderada,consumo_fuera_patron
2025-04-10 13:00:00,Tunja,comedor,13,3,1.8773,1.5548111,0.32248889999999997,20.741355654072702,1.207413556540727,moderada,consumo_fuera_patron
2025-04-10 16:00:00,Duitama,comedor,16,3,1.2531,1.0810958,0.17200420000000016,15.91017188300983,1.1591017188300983,moderada,consumo_pico_excesivo
2025-04-10 17:00:00,Duitama,comedor,17,3,1.3861,1.1554599,0.23064010000000001,19.960891762665238,1.1996089176266524,moderada,consumo_pico_excesivo
2025-04-10 17:00:00,Duitama,oficinas,17,3,6.822,5.5489373,1.2730626999999997,22.942459630963924,1.2294245963096393,moderada,consumo_pico_excesivo
2025-04-10 18:00:00,Chiquinquirá,salones,18,3,1.7433,1.4382366,0.3050634000000001,21.210932888232723,1.2121093288823273,moderada,consumo_fuera_patron
2025-04-10 18:00:00,Sogamoso,oficinas,18,3,2.3883,1.9769202,0.4113798000000002,20.80912522417446,1.2080912522417446,moderada,consumo_fuera_patron
2025-04-10 18:00:00,Tunja,salones,18,3,1.45,1.2526252,0.19737479999999996,15.756892005685335,1.1575689200568533,moderada,consumo_fuera_patron
2025-04-10 19:00:00,Chiquinquirá,laboratorios,19,3,1.404,1.1605277,0.24347229999999986,20.979447539253034,1.2097944753925303,moderada,consumo_fuera_patron
2025-04-10 19:00:00,Sogamoso,comedor,19,3,0.5003,0.4136735,0.08662649999999994,20.94079026091832,1.209407902609183,moderada,consumo_fuera_patron
2025-04-10 19:00:00,Sogamoso,salones,19,3,2.9283,2.5003047,0.4279953000000001,17.11772569159271,1.1711772569159271,moderada,consumo_fuera_patron
2025-04-11 01:00:00,Duitama,comedor,1,4,0.5194,0.43889672,0.08050327999999995,18.342192213238675,1.1834219221323867,moderada,consumo_nocturno_alto
2025-04-11 03:00:00,Duitama,comedor,3,4,0.5097,0.43770963,0.07199037000000003,16.447061034503633,1.1644706103450364,moderada,consumo_nocturno_alto
2025-04-11 04:00:00,Duitama,comedor,4,4,0.5236,0.4334269,0.09017309999999995,20.804684711539583,1.2080468471153958,moderada,consumo_nocturno_alto
2025-04-11 05:00:00,Duitama,comedor,5,4,0.5213,0.4323766,0.08892339999999999,20.566191602413262,1.2056619160241326,moderada,consumo_nocturno_alto
2025-04-11 05:00:00,Sogamoso,comedor,5,4,0.507,0.42904213,0.07795786999999998,18.170213260874863,1.1817021326087487,moderada,consumo_nocturno_alto
2025-04-11 07:00:00,Tunja,comedor,7,4,0.5029,0.4261545,0.07674550000000002,18.008844210257084,1.1800884421025708,moderada,consumo_pico_excesivo
2025-04-11 07:00:00,Tunja,salones,7,4,3.7228,3.051011,0.671789,22.018570237865415,1.2201857023786542,moderada,consumo_pico_excesivo
2025-04-11 08:00:00,Sogamoso,comedor,8,4,0.8637,0.7373558,0.12634420000000002,17.13476723177603,1.1713476723177603,moderada,consumo_pico_excesivo
2025-04-11 09:00:00,Chiquinquirá,salones,9,4,4.477,3.7212245,0.7557755000000004,20.30986036988632,1.2030986036988631,moderada,consumo_pico_excesivo
2025-04-11 09:00:00,Sogamoso,comedor,9,4,0.9505,0.81120414,0.13929586000000005,17.171492739176607,1.1717149273917662,moderada,consumo_pico_excesivo
2025-04-11 09:00:00,Tunja,comedor,9,4,0.5782,0.47867432,0.09952568000000006,20.791940541117825,1.2079194054111781,moderada,consumo_pico_excesivo
2025-04-11 09:00:00,Tunja,salones,9,4,3.5866,3.0201423,0.5664577,18.75599371592524,1.1875599371592525,moderada,consumo_pico_excesivo
2025-04-11 11:00:00,Tunja,salones,11,4,3.64,3.0370183,0.6029817,19.85439797975534,1.1985439797975534,moderada,consumo_pico_excesivo
2025-04-11 12:00:00,Chiquinquirá,oficinas,12,4,2.0295,1.7229575,0.30654250000000016,17.79164605046846,1.1779164605046846,moderada,consumo_fuera_patron
2025-04-11 12:00:00,Duitama,salones,12,4,1.6987,1.3448954,0.35380460000000014,26.307220621023774,1.2630722062102377,moderada,consumo_fuera_patron
2025-04-11 12:00:00,Tunja,comedor,12,4,1.8199,1.5221683,0.29773170000000015,19.559709658912237,1.1955970965891223,moderada,consumo_fuera_patron
2025-04-11 13:00:00,Duitama,salones,13,4,1.3985,1.2111058,0.18739420000000018,15.47298345033111,1.154729834503311,moderada,consumo_fuera_patron
2025-04-11 14:00:00,Chiquinquirá,laboratorios,14,4,2.2369,1.7382329,0.4986670999999998,28.688163709247466,1.2868816370924747,moderada,consumo_pico_excesivo
2025-04-11 14:00:00,Duitama,salones,14,4,4.2824,3.4769642,0.8054358000000001,23.16491495655895,1.2316491495655895,moderada,consumo_pico_excesivo
2025-04-11 14:00:00,Sogamoso,oficinas,14,4,4.463,3.8728864,0.5901136,15.237049039186898,1.152370490391869,moderada,consumo_pico_excesivo
2025-04-11 15:00:00,Chiquinquirá,laboratorios,15,4,2.1431,1.8516077,0.29149230000000004,15.742659743745937,1.1574265974374593,moderada,consumo_pico_excesivo
2025-04-11 15:00:00,Tunja,laboratorios,15,4,4.3504,3.5942686,0.7561313999999997,21.03714229927056,1.2103714229927056,moderada,consumo_pico_excesivo
2025-04-11 16:00:00,Duitama,comedor,16,4,1.3169,1.0510466,0.2658533999999999,25.2941591742935,1.252941591742935,moderada,consumo_pico_excesivo
2025-04-11 16:00:00,Duitama,oficinas,16,4,4.5143,3.8809795,0.6333205000000004,16.318573700273355,1.1631857370027336,moderada,consumo_pico_excesivo
2025-04-11 16:00:00,Tunja,comedor,16,4,0.7434,0.6041453,0.13925469999999995,23.049868963641686,1.230498689636417,moderada,consumo_pico_excesivo
2025-04-11 17:00:00,Sogamoso,comedor,17,4,1.2445,1.0775735,0.16692649999999998,15.490961869422362,1.1549096186942236,moderada,consumo_pico_excesivo
2025-04-11 18:00:00,Chiquinquirá,salones,18,4,1.6297,1.3748399,0.2548600999999999,18.53743843192214,1.1853743843192215,moderada,consumo_fuera_patron
2025-04-11 18:00:00,Duitama,oficinas,18,4,2.3655,1.9054248,0.4600751999999999,24.145544867475216,1.2414554486747522,moderada,consumo_fuera_patron
2025-04-11 18:00:00,Tunja,salones,18,4,1.5366,1.2919046,0.2446953999999999,18.940671006202773,1.1894067100620278,moderada,consumo_fuera_patron
2025-04-11 18:00:00,Tunja,oficinas,18,4,1.4036,1.209307,0.19429300000000005,16.066474435358437,1.1606647443535845,moderada,consumo_fuera_patron
2025-04-11 18:00:00,Tunja,salones,18,4,1.5366,1.2919046,0.2446953999999999,18.940671006202773,1.1894067100620278,moderada,consumo_fuera_patron
2025-04-11 18:00:00,Tunja,oficinas,18,4,1.4036,1.209307,0.19429300000000005,16.066474435358437,1.1606647443535845,moderada,consumo_fuera_patron
2025-04-11 19:00:00,Chiquinquirá,oficinas,19,4,1.1006,0.93919724,0.16140275999999998,17.185182528858363,1.1718518252885837,moderada,consumo_fuera_patron
2025-04-11 19:00:00,Duitama,salones,19,4,3.594,2.879397,0.7146029999999999,24.81780039362408,1.2481780039362407,moderada,consumo_fuera_patron
2025-04-11 19:00:00,Tunja,salones,19,4,1.4613,1.2332488,0.22805120000000012,18.49190528302157,1.1849190528302158,moderada,consumo_fuera_patron
2025-04-11 20:00:00,Duitama,oficinas,20,4,0.9261,0.79138905,0.13471095,17.022089198732278,1.1702208919873227,moderada,consumo_fuera_patron
2025-04-11 20:00:00,Sogamoso,oficinas,20,4,0.9026,0.77801746,0.12458253999999991,16.012820586314337,1.1601282058631432,moderada,consumo_fuera_patron
2025-04-11 23:00:00,Duitama,comedor,23,4,0.5154,0.43839127,0.07700872999999997,17.56620974683186,1.1756620974683185,moderada,consumo_fuera_patron
2025-04-12 00:00:00,Duitama,comedor,0,5,0.5175,0.43088013,0.08661986999999999,20.103008695248953,1.2010300869524895,moderada,consumo_nocturno_alto
2025-04-12 08:00:00,Duitama,oficinas,8,5,2.7498,2.3803487,0.36945130000000015,15.520889859540334,1.1552088985954034,moderada,consumo_fin_semana_alto
2025-04-12 08:00:00,Sogamoso,comedor,8,5,0.5053,0.42183512,0.08346487999999996,19.786138242828137,1.1978613824282813,moderada,consumo_fin_semana_alto
2025-04-12 08:00:00,Sogamoso,oficinas,8,5,2.8364,2.1958337,0.6405662999999997,29.171894939038403,1.291718949390384,moderada,consumo_fin_semana_alto
2025-04-12 09:00:00,Sogamoso,salones,9,5,5.763,4.9600363,0.8029637000000003,16.1886657966596,1.161886657966596,moderada,consumo_fin_semana_alto
2025-04-12 09:00:00,Tunja,oficinas,9,5,1.6753,1.3814936,0.2938064,21.267300840192096,1.212673008401921,moderada,consumo_fin_semana_alto
2025-04-12 11:00:00,Tunja,salones,11,5,2.8147,2.4286165,0.38608350000000025,15.897260847894273,1.1589726084789427,moderada,consumo_fin_semana_alto
2025-04-12 12:00:00,Sogamoso,salones,12,5,5.7339,4.7279696,1.0059304000000004,21.276160489695208,1.212761604896952,moderada,consumo_fin_semana_alto
2025-04-12 12:00:00,Tunja,comedor,12,5,0.9082,0.7751464,0.1330536,17.164963934554812,1.1716496393455482,moderada,consumo_fin_semana_alto
2025-04-12 13:00:00,Chiquinquirá,comedor,13,5,0.5522,0.39163554,0.16056446000000002,40.998439518538085,1.4099843951853808,critica,consumo_fin_semana_alto
2025-04-12 13:00:00,Sogamoso,comedor,13,5,1.6262,1.2988929,0.3273071000000001,25.198929026403956,1.2519892902640395,moderada,consumo_fin_semana_alto
2025-04-12 14:00:00,Sogamoso,comedor,14,5,0.5039,0.43208754,0.07181246000000002,16.61988679423619,1.1661988679423618,moderada,consumo_fin_semana_alto
2025-04-12 14:00:00,Sogamoso,oficinas,14,5,0.9072,0.7854748,0.12172519999999998,15.497021674024422,1.1549702167402442,moderada,consumo_fin_semana_alto
2025-04-12 17:00:00,Duitama,comedor,17,5,0.5177,0.43930274,0.07839726000000002,17.845839067609734,1.1784583906760973,moderada,consumo_fin_semana_alto
2025-04-12 19:00:00,Tunja,laboratorios,19,5,1.7888,1.5462127,0.24258729999999984,15.689128669037567,1.1568912866903758,moderada,consumo_fin_semana_alto
2025-04-12 20:00:00,Chiquinquirá,laboratorios,20,5,0.6357,0.5464079,0.0892921000000001,16.341656114415642,1.1634165611441565,moderada,consumo_fin_semana_alto
2025-04-12 20:00:00,Duitama,comedor,20,5,0.5188,0.4283315,0.09046850000000006,21.121140985428358,1.2112114098542837,moderada,consumo_fin_semana_alto
2025-04-12 23:00:00,Sogamoso,oficinas,23,5,0.9202,0.77267414,0.14752586,19.09289470979319,1.1909289470979318,moderada,consumo_fin_semana_alto
2025-04-13 08:00:00,Duitama,oficinas,8,6,0.9406,0.78888774,0.15171226000000004,19.23115955636477,1.1923115955636476,moderada,consumo_fin_semana_alto
2025-04-13 09:00:00,Duitama,oficinas,9,6,0.9295,0.78888774,0.14061226000000004,17.82411525371152,1.1782411525371153,moderada,consumo_fin_semana_alto
2025-04-13 14:00:00,Tunja,laboratorios,14,6,6.279818066662287,4.8126154,1.4672026666622866,30.486597093594607,1.304865970935946,critica,consumo_fin_semana_alto
2025-04-13 17:00:00,Sogamoso,oficinas,17,6,0.9184,0.7634536,0.15494640000000004,20.295457379466157,1.2029545737946616,moderada,consumo_fin_semana_alto
2025-04-13 19:00:00,Duitama,oficinas,19,6,0.9617,0.7956255,0.1660745,20.873451140014996,1.20873451140015,moderada,consumo_fin_semana_alto
2025-04-14 04:00:00,Duitama,comedor,4,0,0.5122,0.43311992,0.07908008,18.25824127414874,1.1825824127414875,moderada,consumo_nocturno_alto
2025-04-14 05:00:00,Duitama,comedor,5,0,0.5147,0.43957573,0.07512427000000005,17.090176930377854,1.1709017693037787,moderada,consumo_nocturno_alto
2025-04-14 07:00:00,Chiquinquirá,oficinas,7,0,3.2633,2.7580066,0.5052934000000002,18.320964134023473,1.1832096413402347,moderada,consumo_pico_excesivo
2025-04-14 08:00:00,Chiquinquirá,laboratorios,8,0,2.4761,2.112795,0.363305,17.195468561786637,1.1719546856178664,moderada,consumo_pico_excesivo
2025-04-14 08:00:00,Tunja,oficinas,8,0,3.8693,3.150619,0.7186810000000001,22.81078734051944,1.2281078734051945,moderada,consumo_pico_excesivo
2025-04-14 09:00:00,Chiquinquirá,laboratorios,9,0,2.4128,1.9113559,0.5014440999999998,26.234993702638,1.26234993702638,moderada,consumo_pico_excesivo
2025-04-14 09:00:00,Tunja,comedor,9,0,0.6987,0.49925986,0.19944014,39.94716098346059,1.399471609834606,critica,consumo_pico_excesivo
2025-04-14 10:00:00,Chiquinquirá,laboratorios,10,0,2.4607,2.1051738,0.3555261999999999,16.888211320129475,1.1688821132012948,moderada,consumo_pico_excesivo
2025-04-14 10:00:00,Sogamoso,comedor,10,0,0.9576,0.81898296,0.13861703999999997,16.925509658955537,1.1692550965895554,moderada,consumo_pico_excesivo
2025-04-14 10:00:00,Sogamoso,salones,10,0,7.6657,6.6207423,1.0449577000000003,15.783089760192,1.15783089760192,moderada,consumo_pico_excesivo
2025-04-14 10:00:00,Tunja,comedor,10,0,0.5698,0.4026072,0.16719279999999997,41.52752360116758,1.4152752360116758,critica,consumo_pico_excesivo
2025-04-14 10:00:00,Tunja,laboratorios,10,0,4.5138,3.886658,0.6271419999999996,16.13576496825807,1.1613576496825806,moderada,consumo_pico_excesivo
2025-04-14 12:00:00,Chiquinquirá,oficinas,12,0,1.9919,1.6865155,0.30538449999999995,18.107423264120605,1.181074232641206,moderada,consumo_fuera_patron
2025-04-14 12:00:00,Tunja,oficinas,12,0,2.3084,2.0072596,0.3011404,15.00256369430242,1.1500256369430242,moderada,consumo_fuera_patron
2025-04-14 13:00:00,Chiquinquirá,oficinas,13,0,2.1872,1.7519385,0.43526149999999975,24.84456503467443,1.2484456503467443,moderada,consumo_fuera_patron
2025-04-14 13:00:00,Duitama,salones,13,0,1.7125,1.3334961,0.37900389999999984,28.421822905968742,1.2842182290596873,moderada,consumo_fuera_patron
2025-04-14 13:00:00,Sogamoso,salones,13,0,1.5691,1.2043465,0.36475349999999995,30.28642504461963,1.3028642504461962,critica,consumo_fuera_patron
2025-04-14 15:00:00,Tunja,salones,15,0,3.5563,3.0140285,0.5422714999999996,17.991585016531843,1.1799158501653184,moderada,consumo_pico_excesivo
2025-04-14 16:00:00,Tunja,comedor,16,0,0.836,0.640786,0.195214,30.464772950719897,1.304647729507199,critica,consumo_pico_excesivo
2025-04-14 16:00:00,Tunja,salones,16,0,3.3981,2.8725586,0.5255413999999998,18.29523686653424,1.1829523686653425,moderada,consumo_pico_excesivo
2025-04-14 17:00:00,Duitama,comedor,17,0,1.3154,1.1066892,0.20871079999999997,18.85902564152609,1.1885902564152608,moderada,consumo_pico_excesivo
2025-04-14 17:00:00,Tunja,comedor,17,0,0.7696,0.59329486,0.17630513999999997,29.71627632169272,1.2971627632169271,moderada,consumo_pico_excesivo
2025-04-14 18:00:00,Duitama,salones,18,0,3.6149,2.8728185,0.7420814999999998,25.831130647480855,1.2583113064748086,moderada,consumo_fuera_patron
2025-04-14 18:00:00,Sogamoso,salones,18,0,3.3587,2.6499934,0.7087065999999997,26.743711889999418,1.2674371188999942,moderada,consumo_fuera_patron
2025-04-14 18:00:00,Tunja,salones,18,0,1.5803,1.282274,0.2980260000000001,23.241990401427476,1.2324199040142747,moderada,consumo_fuera_patron
2025-04-14 19:00:00,Sogamoso,comedor,19,0,0.5023,0.38995448,0.11234551999999998,28.80990622290068,1.2880990622290067,moderada,consumo_fuera_patron
2025-04-14 20:00:00,Sogamoso,salones,20,0,3.1548,2.687934,0.466866,17.368953255548686,1.1736895325554868,moderada,consumo_fuera_patron
2025-04-14 23:00:00,Duitama,comedor,23,0,0.516,0.43948975,0.07651025,17.4088815495697,1.174088815495697,moderada,consumo_fuera_patron
2025-04-14 23:00:00,Sogamoso,comedor,23,0,0.5039,0.41939571,0.08450429000000004,20.149059226189998,1.2014905922619,moderada,consumo_fuera_patron
2025-04-15 00:00:00,Duitama,comedor,0,1,0.5022,0.4284037,0.07379629999999998,17.225878301237824,1.1722587830123783,moderada,consumo_nocturno_alto
2025-04-15 03:00:00,Sogamoso,oficinas,3,1,0.9367,0.8101428,0.12655719999999993,15.62159165026214,1.1562159165026213,moderada,consumo_nocturno_alto
2025-04-15 04:00:00,Duitama,comedor,4,1,0.5106,0.4408391,0.06976090000000007,15.824571822236292,1.1582457182223629,moderada,consumo_nocturno_alto
2025-04-15 05:00:00,Duitama,comedor,5,1,0.5013,0.43370235,0.06759764999999995,15.58618485696468,1.1558618485696468,moderada,consumo_nocturno_alto
2025-04-15 06:00:00,Duitama,comedor,6,1,0.509,0.4408364,0.06816359999999999,15.462334779977333,1.1546233477997734,moderada,consumo_nocturno_alto
2025-04-15 08:00:00,Sogamoso,salones,8,1,7.7468,6.660479,1.0863210000000008,16.309953082953957,1.1630995308295395,moderada,consumo_pico_excesivo
2025-04-15 09:00:00,Duitama,comedor,9,1,1.0315,0.866,0.1655000000000001,19.110854503464214,1.1911085450346421,moderada,consumo_pico_excesivo
2025-04-15 09:00:00,Tunja,comedor,9,1,0.5606,0.47846216,0.08213783999999996,17.16705036820466,1.1716705036820465,moderada,consumo_pico_excesivo
2025-04-15 10:00:00,Chiquinquirá,oficinas,10,1,3.4178,2.923523,0.4942770000000003,16.906896234440445,1.1690689623444044,moderada,consumo_pico_excesivo
2025-04-15 10:00:00,Duitama,comedor,10,1,1.0117,0.8406054,0.1710946000000001,20.353735533937815,1.2035373553393782,moderada,consumo_pico_excesivo
2025-04-15 10:00:00,Tunja,laboratorios,10,1,17.074764117933086,13.890339,3.1844251179330847,22.925467246933888,1.229254672469339,moderada,consumo_pico_excesivo
2025-04-15 11:00:00,Duitama,comedor,11,1,0.5222,0.4244591,0.09774090000000002,23.02716563268405,1.2302716563268405,moderada,consumo_pico_excesivo
2025-04-15 12:00:00,Chiquinquirá,oficinas,12,1,2.1041,1.8005043,0.3035956999999998,16.861703690460487,1.168617036904605,moderada,consumo_fuera_patron
2025-04-15 12:00:00,Sogamoso,salones,12,1,1.6326,1.3516887,0.2809113000000001,20.782248161133555,1.2078224816113357,moderada,consumo_fuera_patron
2025-04-15 12:00:00,Tunja,salones,12,1,0.7741,0.57763004,0.19646996000000005,34.01311330691875,1.3401311330691874,critica,consumo_fuera_patron
2025-04-15 13:00:00,Chiquinquirá,salones,13,1,0.9223,0.7325333,0.18976669999999995,25.90553903829354,1.2590553903829353,moderada,consumo_fuera_patron
2025-04-15 13:00:00,Sogamoso,salones,13,1,1.3634,1.1404622,0.22293779999999996,19.548021845879678,1.1954802184587967,moderada,consumo_fuera_patron
2025-04-15 13:00:00,Tunja,comedor,13,1,1.9572,1.5708162,0.38638379999999994,24.597645478828134,1.2459764547882815,moderada,consumo_fuera_patron
2025-04-15 14:00:00,Tunja,salones,14,1,3.8095,3.105511,0.703989,22.66902290798519,1.2266902290798518,moderada,consumo_pico_excesivo
2025-04-15 15:00:00,Tunja,laboratorios,15,1,4.2707,3.5572288,0.7134711999999999,20.056938704645592,1.200569387046456,moderada,consumo_pico_excesivo
2025-04-15 16:00:00,Chiquinquirá,salones,16,1,4.3728,3.7351317,0.6376682999999996,17.072177133673748,1.1707217713367375,moderada,consumo_pico_excesivo
2025-04-15 16:00:00,Sogamoso,comedor,16,1,1.4137,1.1570773,0.25662269999999987,22.17852687975124,1.2217852687975124,moderada,consumo_pico_excesivo
2025-04-15 17:00:00,Chiquinquirá,oficinas,17,1,3.3391,2.7933862,0.5457138000000001,19.535923818911975,1.1953592381891198,moderada,consumo_pico_excesivo
2025-04-15 20:00:00,Tunja,salones,20,1,1.3956,0.8615194,0.5340805999999999,61.99286980653017,1.6199286980653016,critica,consumo_fuera_patron
2025-04-15 22:00:00,Duitama,comedor,22,1,0.5209,0.4372997,0.08360030000000002,19.11739248849245,1.1911739248849245,moderada,consumo_fuera_patron
2025-04-16 00:00:00,Duitama,comedor,0,2,0.5145,0.4325226,0.08197739999999998,18.953321745499537,1.1895332174549953,moderada,consumo_nocturno_alto
2025-04-16 00:00:00,Tunja,oficinas,0,2,0.5049,0.43899208,0.06590792000000001,15.013464479814761,1.1501346447981475,moderada,consumo_nocturno_alto
2025-04-16 06:00:00,Chiquinquirá,laboratorios,6,2,0.6356,0.5442746,0.0913254,16.779287514059995,1.1677928751406,moderada,consumo_nocturno_alto
2025-04-16 06:00:00,Sogamoso,comedor,6,2,0.5029,0.4269264,0.07597360000000003,17.795479501853254,1.1779547950185325,moderada,consumo_nocturno_alto
2025-04-16 07:00:00,Sogamoso,comedor,7,2,0.8667,0.7313155,0.13538450000000002,18.51246144789766,1.1851246144789767,moderada,consumo_pico_excesivo
2025-04-16 07:00:00,Tunja,salones,7,2,4.0051,3.1124454,0.8926545999999997,28.6801689758156,1.286801689758156,moderada,consumo_pico_excesivo
2025-04-16 08:00:00,Duitama,comedor,8,2,0.8802,0.7375686,0.14263139999999996,19.338052080850506,1.193380520808505,moderada,consumo_pico_excesivo
2025-04-16 08:00:00,Duitama,salones,8,2,8.6509,7.2428446,1.4080554000000003,19.440640767026814,1.194406407670268,moderada,consumo_pico_excesivo
2025-04-16 08:00:00,Tunja,comedor,8,2,0.5674,0.394454,0.172946,43.844402642640205,1.438444026426402,critica,consumo_pico_excesivo
2025-04-16 09:00:00,Tunja,comedor,9,2,0.5409,0.44872504,0.09217496000000003,20.54152360207044,1.2054152360207044,moderada,consumo_pico_excesivo
2025-04-16 10:00:00,Duitama,comedor,10,2,1.0639,0.85898983,0.2049101700000001,23.854784171309703,1.238547841713097,moderada,consumo_pico_excesivo
2025-04-16 10:00:00,Tunja,comedor,10,2,0.6555,0.48676822,0.16873178,34.663680385708005,1.3466368038570802,critica,consumo_pico_excesivo
2025-04-16 10:00:00,Tunja,salones,10,2,3.8402,3.1653728,0.6748271999999997,21.319043368288238,1.2131904336828825,moderada,consumo_pico_excesivo
2025-04-16 13:00:00,Chiquinquirá,salones,13,2,0.9935,0.77832246,0.21517754,27.646322836424375,1.2764632283642439,moderada,consumo_fuera_patron
2025-04-16 14:00:00,Chiquinquirá,laboratorios,14,2,2.1055,1.8106991,0.29480090000000025,16.281054096729836,1.1628105409672984,moderada,consumo_pico_excesivo
2025-04-16 16:00:00,Sogamoso,comedor,16,2,1.2624,1.0636512,0.19874879999999995,18.68552397628094,1.1868552397628094,moderada,consumo_pico_excesivo
2025-04-16 16:00:00,Tunja,comedor,16,2,0.8885,0.58427703,0.30422297,52.06827487296566,1.5206827487296566,critica,consumo_pico_excesivo
2025-04-16 17:00:00,Tunja,comedor,17,2,0.7738,0.62112874,0.1526712600000001,24.57964833506176,1.2457964833506177,moderada,consumo_pico_excesivo
2025-04-16 18:00:00,Tunja,oficinas,18,2,1.2863,1.1176478,0.16865219999999992,15.0899236772085,1.150899236772085,moderada,consumo_fuera_patron
2025-04-16 19:00:00,Tunja,oficinas,19,2,1.2553,1.0857719,0.16952810000000018,15.613601715056374,1.1561360171505637,moderada,consumo_fuera_patron
2025-04-16 20:00:00,Duitama,comedor,20,2,0.5174,0.4165283,0.10087169999999995,24.217250064401373,1.2421725006440136,moderada,consumo_fuera_patron
2025-04-16 20:00:00,Duitama,salones,20,2,3.0212,2.4165769,0.6046231,25.019816253312694,1.2501981625331269,moderada,consumo_fuera_patron
2025-04-16 22:00:00,Sogamoso,oficinas,22,2,0.9254,0.7918076,0.13359240000000006,16.871825933471726,1.1687182593347172,moderada,consumo_fuera_patron
2025-04-16 22:00:00,Tunja,oficinas,22,2,0.5089,0.4279439,0.08095610000000003,18.917456236670283,1.1891745623667027,moderada,consumo_fuera_patron
2025-04-17 01:00:00,Sogamoso,comedor,1,3,0.5092,0.42693987,0.08226012999999999,19.26738067353606,1.1926738067353606,moderada,consumo_nocturno_alto
2025-04-17 06:00:00,Duitama,comedor,6,3,0.5132,0.44096947,0.07223053000000002,16.37993895586468,1.163799389558647,moderada,consumo_nocturno_alto
2025-04-17 07:00:00,Duitama,comedor,7,3,0.8772,0.73618823,0.14101176999999998,19.154309217902053,1.1915430921790207,moderada,consumo_pico_excesivo
2025-04-17 07:00:00,Duitama,salones,7,3,8.6502,7.3304763,1.3197237,18.00324625563553,1.1800324625563554,moderada,consumo_pico_excesivo
2025-04-17 08:00:00,Tunja,comedor,8,3,0.5578,0.38408035,0.17371964999999995,45.230028039705736,1.4523002803970575,critica,consumo_pico_excesivo
2025-04-17 09:00:00,Duitama,comedor,9,3,1.0169,0.83192074,0.18497925999999987,22.235202358340032,1.2223520235834002,moderada,consumo_pico_excesivo
2025-04-17 09:00:00,Tunja,comedor,9,3,0.5535,0.4747717,0.07872829999999997,16.58234894792591,1.1658234894792592,moderada,consumo_pico_excesivo
2025-04-17 09:00:00,Tunja,salones,9,3,3.6614,3.1450799,0.5163201000000002,16.41675621659088,1.1641675621659089,moderada,consumo_pico_excesivo
2025-04-17 10:00:00,Tunja,comedor,10,3,0.6784,0.47995552,0.19844447999999998,41.34643143597973,1.4134643143597974,critica,consumo_pico_excesivo
2025-04-17 10:00:00,Tunja,salones,10,3,3.6858,3.1270478,0.5587521999999998,17.868361334291077,1.1786836133429108,moderada,consumo_pico_excesivo
2025-04-17 12:00:00,Chiquinquirá,oficinas,12,3,1.8391,1.3526578,0.48644219999999994,35.96195578807884,1.3596195578807884,critica,consumo_fuera_patron
2025-04-17 12:00:00,Duitama,salones,12,3,1.8411,1.4858848,0.35521519999999995,23.9059717146309,1.239059717146309,moderada,consumo_fuera_patron
2025-04-17 12:00:00,Duitama,oficinas,12,3,4.2832,3.6925936,0.5906064,15.994351504048538,1.1599435150404853,moderada,consumo_fuera_patron
2025-04-17 12:00:00,Sogamoso,comedor,12,3,3.1381,2.686009,0.45209100000000024,16.831328562190233,1.1683132856219023,moderada,consumo_fuera_patron
2025-04-17 13:00:00,Chiquinquirá,comedor,13,3,0.9334,0.79703045,0.13636955000000006,17.10970390152598,1.1710970390152597,moderada,consumo_fuera_patron
2025-04-17 13:00:00,Chiquinquirá,oficinas,13,3,1.9263,1.3540059,0.5722940999999999,42.26673606075128,1.4226673606075129,critica,consumo_fuera_patron
2025-04-17 13:00:00,Duitama,salones,13,3,1.4331,1.215536,0.2175640000000001,17.898606047044275,1.1789860604704427,moderada,consumo_fuera_patron
2025-04-17 13:00:00,Tunja,salones,13,3,0.8012,0.6701303,0.13106970000000007,19.558838034931426,1.1955883803493144,moderada,consumo_fuera_patron
2025-04-17 15:00:00,Duitama,oficinas,15,3,6.8723,5.965431,0.9068690000000004,15.202070059983939,1.1520207005998393,moderada,consumo_pico_excesivo
2025-04-17 15:00:00,Sogamoso,oficinas,15,3,6.1121,5.173057,0.9390429999999999,18.15257400024782,1.1815257400024781,moderada,consumo_pico_excesivo
2025-04-17 15:00:00,Tunja,oficinas,15,3,3.7965,3.0557783,0.7407216999999999,24.240034036500617,1.2424003403650061,moderada,consumo_pico_excesivo
2025-04-17 16:00:00,Tunja,comedor,16,3,0.7661,0.62033397,0.14576603,23.49799254101786,1.2349799254101785,moderada,consumo_pico_excesivo
2025-04-17 18:00:00,Sogamoso,salones,18,3,3.1537,2.4676318,0.6860682000000002,27.802697306786218,1.2780269730678622,moderada,consumo_fuera_patron
2025-04-17 19:00:00,Sogamoso,oficinas,19,3,2.2128,1.888202,0.32459800000000016,17.190851402551218,1.171908514025512,moderada,consumo_fuera_patron
2025-04-17 19:00:00,Tunja,salones,19,3,1.3945,1.1703204,0.22417960000000003,19.155403938955523,1.1915540393895552,moderada,consumo_fuera_patron
2025-04-17 20:00:00,Chiquinquirá,laboratorios,20,3,1.4548,1.2284609,0.22633910000000013,18.424607571962618,1.1842460757196263,moderada,consumo_fuera_patron
2025-04-17 20:00:00,Tunja,salones,20,3,1.5709,0.8407183,0.7301816999999999,86.85212395162564,1.8685212395162565,critica,consumo_fuera_patron
2025-04-18 00:00:00,Duitama,comedor,0,4,0.511,0.44007188,0.07092811999999998,16.11739427658954,1.1611739427658954,moderada,consumo_nocturno_alto
2025-04-18 01:00:00,Duitama,comedor,1,4,0.5204,0.43871453,0.08168546999999998,18.61927618399144,1.1861927618399144,moderada,consumo_nocturno_alto
2025-04-18 02:00:00,Sogamoso,oficinas,2,4,0.9355,0.8070311,0.1284689,15.918704991666369,1.1591870499166637,moderada,consumo_nocturno_alto
2025-04-18 03:00:00,Duitama,oficinas,3,4,0.9308,0.7902655,0.1405345,17.783200709128767,1.1778320070912878,moderada,consumo_nocturno_alto
2025-04-18 03:00:00,Sogamoso,comedor,3,4,0.5109,0.42904213,0.08185787,19.079214901343136,1.1907921490134314,moderada,consumo_nocturno_alto
2025-04-18 06:00:00,Sogamoso,comedor,6,4,0.5081,0.43156356,0.07653643999999998,17.73468547715196,1.1773468547715196,moderada,consumo_nocturno_alto
2025-04-18 07:00:00,Tunja,oficinas,7,4,3.7242,3.2188911,0.5053089000000002,15.698229119959981,1.1569822911995997,moderada,consumo_pico_excesivo
2025-04-18 08:00:00,Chiquinquirá,salones,8,4,4.5553,3.768985,0.7863150000000001,20.862778705672753,1.2086277870567275,moderada,consumo_pico_excesivo
2025-04-18 08:00:00,Duitama,comedor,8,4,0.9115,0.7415857,0.16991429999999996,22.912294560156695,1.2291229456015669,moderada,consumo_pico_excesivo
2025-04-18 08:00:00,Sogamoso,comedor,8,4,0.8032,0.669076,0.13412400000000002,20.046153202326796,1.2004615320232679,moderada,consumo_pico_excesivo
2025-04-18 10:00:00,Chiquinquirá,oficinas,10,4,3.4243,2.8808513,0.5434487000000003,18.864170462390767,1.1886417046239077,moderada,consumo_pico_excesivo
2025-04-18 10:00:00,Duitama,comedor,10,4,1.0026,0.8298272,0.17277279999999995,20.820334643164255,1.2082033464316426,moderada,consumo_pico_excesivo
2025-04-18 10:00:00,Sogamoso,laboratorios,10,4,10.8344,9.318014,1.5163860000000007,16.273703817143875,1.1627370381714388,moderada,consumo_pico_excesivo
2025-04-18 10:00:00,Tunja,comedor,10,4,0.583,0.4860718,0.09692819999999996,19.94112803910862,1.1994112803910861,moderada,consumo_pico_excesivo
2025-04-18 11:00:00,Duitama,laboratorios,11,4,10.0913,8.7038145,1.3874855000000004,15.94111983889363,1.1594111983889364,moderada,consumo_pico_excesivo
2025-04-18 12:00:00,Chiquinquirá,oficinas,12,4,2.1426,1.5180051,0.6245948999999997,41.14577085412952,1.4114577085412952,critica,consumo_fuera_patron
2025-04-18 13:00:00,Chiquinquirá,salones,13,4,0.8006,0.6799514,0.1206486,17.743709329813868,1.1774370932981386,moderada,consumo_fuera_patron
2025-04-18 13:00:00,Chiquinquirá,oficinas,13,4,2.1385,1.7314503,0.40704969999999996,23.50917609359044,1.2350917609359044,moderada,consumo_fuera_patron
2025-04-18 14:00:00,Duitama,comedor,14,4,0.5237,0.45228645,0.07141355000000005,15.789451574328625,1.1578945157432863,moderada,consumo_pico_excesivo
2025-04-18 14:00:00,Tunja,salones,14,4,1.984,1.6882195,0.2957805,17.520263212218552,1.1752026321221856,moderada,consumo_pico_excesivo
2025-04-18 15:00:00,Sogamoso,laboratorios,15,4,10.9832,9.48073,1.5024700000000006,15.84761932889135,1.1584761932889134,moderada,consumo_pico_excesivo
2025-04-18 16:00:00,Sogamoso,comedor,16,4,1.2931,1.0638769,0.2292231,21.546017213081704,1.2154601721308171,moderada,consumo_pico_excesivo
2025-04-18 17:00:00,Tunja,comedor,17,4,0.8245,0.60033125,0.22416875000000003,37.34084307621834,1.3734084307621834,critica,consumo_pico_excesivo
2025-04-18 18:00:00,Sogamoso,salones,18,4,3.4249,2.7154062,0.7094938000000002,26.128459160180167,1.2612845916018016,moderada,consumo_fuera_patron
2025-04-18 18:00:00,Tunja,laboratorios,18,4,2.8514,2.3225472,0.5288528000000001,22.770379004568785,1.2277037900456877,moderada,consumo_fuera_patron
2025-04-18 19:00:00,Sogamoso,oficinas,19,4,2.118,1.8368939,0.2811060999999999,15.3033389680264,1.153033389680264,moderada,consumo_fuera_patron
2025-04-18 19:00:00,Tunja,oficinas,19,4,1.3532,1.1241753,0.22902469999999986,20.37268564787003,1.2037268564787003,moderada,consumo_fuera_patron
2025-04-18 20:00:00,Tunja,salones,20,4,1.6073,1.2899716,0.31732839999999984,24.59964234871526,1.2459964234871526,moderada,consumo_fuera_patron
2025-04-18 21:00:00,Duitama,comedor,21,4,0.5136,0.4360077,0.07759229999999995,17.796084793915327,1.1779608479391532,moderada,consumo_fuera_patron
2025-04-18 21:00:00,Sogamoso,comedor,21,4,0.501,0.42799538,0.07300462000000002,17.05733832921281,1.1705733832921281,moderada,consumo_fuera_patron
2025-04-18 23:00:00,Sogamoso,oficinas,23,4,0.9157,0.79531753,0.12038246999999991,15.136403443791801,1.1513640344379181,moderada,consumo_fuera_patron
2025-04-19 00:00:00,Sogamoso,oficinas,0,5,0.9405,0.8146217,0.1258783,15.452362734751604,1.1545236273475161,moderada,consumo_nocturno_alto
2025-04-19 07:00:00,Chiquinquirá,salones,7,5,3.2157,2.7407763,0.47492370000000017,17.328072342131687,1.173280723421317,moderada,consumo_fin_semana_alto
2025-04-19 07:00:00,Duitama,salones,7,5,5.762,4.911088,0.8509119999999992,17.326343979175267,1.1732634397917527,moderada,consumo_fin_semana_alto
2025-04-19 08:00:00,Tunja,salones,8,5,2.5282,2.1694152,0.3587848,16.538318713725246,1.1653831871372524,moderada,consumo_fin_semana_alto
2025-04-19 09:00:00,Duitama,salones,9,5,6.1946,5.1814656,1.0131344000000002,19.553046921704937,1.1955304692170494,moderada,consumo_fin_semana_alto
2025-04-19 09:00:00,Sogamoso,oficinas,9,5,2.6965,2.182801,0.5136989999999999,23.533936442213463,1.2353393644221347,moderada,consumo_fin_semana_alto
2025-04-19 10:00:00,Tunja,oficinas,10,5,1.6619,1.1011066,0.5607933999999999,50.929982619303146,1.5092998261930315,critica,consumo_fin_semana_alto
2025-04-19 11:00:00,Chiquinquirá,oficinas,11,5,1.2365,1.0138721,0.2226279,21.95818387743385,1.2195818387743385,moderada,consumo_fin_semana_alto
2025-04-19 11:00:00,Duitama,oficinas,11,5,2.8246,2.2147906,0.6098094000000001,27.533501361257358,1.2753350136125736,moderada,consumo_fin_semana_alto
2025-04-19 11:00:00,Sogamoso,oficinas,11,5,2.6797,2.2050252,0.47467479999999984,21.526955791707042,1.2152695579170705,moderada,consumo_fin_semana_alto
2025-04-19 12:00:00,Duitama,laboratorios,12,5,8.192,6.8492703,1.3427297000000005,19.603981755545558,1.1960398175554556,moderada,consumo_fin_semana_alto
2025-04-19 12:00:00,Sogamoso,oficinas,12,5,2.992,2.4482589,0.5437411000000001,22.209297390892775,1.2220929739089277,moderada,consumo_fin_semana_alto
2025-04-19 12:00:00,Tunja,salones,12,5,2.7624,2.245664,0.5167359999999999,23.010388018866575,1.2301038801886657,moderada,consumo_fin_semana_alto
2025-04-19 13:00:00,Chiquinquirá,laboratorios,13,5,0.7088,0.60383844,0.10496156000000001,17.38239122371872,1.1738239122371872,moderada,consumo_fin_semana_alto
2025-04-19 13:00:00,Duitama,comedor,13,5,1.7439,1.3136461,0.4302539000000001,32.752649286592494,1.327526492865925,critica,consumo_fin_semana_alto
2025-04-19 14:00:00,Sogamoso,comedor,14,5,0.5005,0.42630863,0.07419136999999992,17.40320621705451,1.1740320621705451,moderada,consumo_fin_semana_alto
2025-04-19 15:00:00,Sogamoso,comedor,15,5,0.5049,0.41979337,0.08510663000000002,20.27345739166867,1.2027345739166868,moderada,consumo_fin_semana_alto
2025-04-19 19:00:00,Sogamoso,oficinas,19,5,0.8942,0.7737138,0.12048619999999999,15.57245069171572,1.1557245069171571,moderada,consumo_fin_semana_alto
2025-04-19 22:00:00,Chiquinquirá,laboratorios,22,5,2.4584771134514813,1.1901361,1.2683410134514814,106.57108993261204,2.0657108993261204,critica,consumo_fin_semana_alto
2025-04-19 22:00:00,Duitama,laboratorios,22,5,13.63396059947795,11.6066475,2.0273130994779507,17.466827518264434,1.1746682751826443,moderada,consumo_fin_semana_alto
2025-04-19 22:00:00,Duitama,oficinas,22,5,0.9417,0.812835,0.128865,15.853771060547345,1.1585377106054735,moderada,consumo_fin_semana_alto
2025-04-19 23:00:00,Duitama,comedor,23,5,0.5132,0.44386062,0.06933938,15.62188148162367,1.1562188148162367,moderada,consumo_fin_semana_alto
2025-04-20 00:00:00,Duitama,oficinas,0,6,0.948,0.81774825,0.13025175,15.928098898407917,1.1592809889840792,moderada,consumo_nocturno_alto
2025-04-20 07:00:00,Sogamoso,oficinas,7,6,0.935,0.7734187,0.16158130000000004,20.89182741508578,1.2089182741508577,moderada,consumo_fin_semana_alto
2025-04-20 13:00:00,Duitama,oficinas,13,6,0.9546,0.7943648,0.16023520000000002,20.171487961198686,1.201714879611987,moderada,consumo_fin_semana_alto
2025-04-20 14:00:00,Sogamoso,oficinas,14,6,0.9401,0.7615863,0.1785137,23.4397204886695,1.2343972048866951,moderada,consumo_fin_semana_alto
2025-04-20 16:00:00,Tunja,oficinas,16,6,0.5078,0.42126796,0.08653204000000003,20.540854804148893,1.205408548041489,moderada,consumo_fin_semana_alto
2025-04-20 17:00:00,Chiquinquirá,laboratorios,17,6,0.7001,0.59472597,0.1053740299999999,17.71808115256845,1.1771808115256845,moderada,consumo_fin_semana_alto
2025-04-20 23:00:00,Duitama,oficinas,23,6,0.9277,0.80035794,0.12734205999999992,15.910638682487477,1.1591063868248748,moderada,consumo_fin_semana_alto
2025-04-20 23:00:00,Sogamoso,oficinas,23,6,0.9309,0.7633461,0.16755389999999992,21.94992546631206,1.2194992546631205,moderada,consumo_fin_semana_alto
2025-04-21 03:00:00,Sogamoso,oficinas,3,0,0.934,0.79174,0.14226000000000005,17.968019804481276,1.1796801980448128,moderada,consumo_nocturno_alto
2025-04-21 04:00:00,Sogamoso,oficinas,4,0,0.9227,0.7941037,0.1285963,16.193892560883423,1.1619389256088342,moderada,consumo_nocturno_alto
2025-04-21 07:00:00,Chiquinquirá,salones,7,0,4.4029,3.8059638,0.5969362,15.684232204205411,1.156842322042054,moderada,consumo_pico_excesivo
2025-04-21 07:00:00,Duitama,comedor,7,0,0.8969,0.7508618,0.1460382,19.44941132975469,1.1944941132975468,moderada,consumo_pico_excesivo
2025-04-21 09:00:00,Duitama,comedor,9,0,1.0251,0.8196002,0.2054997999999999,25.073175921626166,1.2507317592162617,moderada,consumo_pico_excesivo
2025-04-21 09:00:00,Tunja,comedor,9,0,0.5924,0.50024205,0.09215795000000004,18.42267158468586,1.1842267158468587,moderada,consumo_pico_excesivo
2025-04-21 10:00:00,Sogamoso,comedor,10,0,1.04,0.8083251,0.23167490000000002,28.661104300732465,1.2866110430073248,moderada,consumo_pico_excesivo
2025-04-21 10:00:00,Tunja,comedor,10,0,0.709,0.48676822,0.22223178,45.6545375949153,1.456545375949153,critica,consumo_pico_excesivo
2025-04-21 11:00:00,Chiquinquirá,laboratorios,11,0,2.2763,1.9286007,0.34769929999999993,18.028578958827502,1.180285789588275,moderada,consumo_pico_excesivo
2025-04-21 11:00:00,Duitama,comedor,11,0,0.5227,0.44005612,0.08264388000000006,18.78030465750597,1.1878030465750598,moderada,consumo_pico_excesivo
2025-04-21 11:00:00,Sogamoso,comedor,11,0,0.5011,0.42881498,0.07228501999999998,16.856925100890827,1.1685692510089083,moderada,consumo_pico_excesivo
2025-04-21 11:00:00,Tunja,laboratorios,11,0,4.7696,3.898518,0.8710819999999995,22.343926589539908,1.223439265895399,moderada,consumo_pico_excesivo
2025-04-21 12:00:00,Chiquinquirá,comedor,12,0,1.0474,0.8003202,0.24707980000000007,30.87261823455163,1.3087261823455163,critica,consumo_fuera_patron
2025-04-21 12:00:00,Chiquinquirá,oficinas,12,0,1.6792,1.4183481,0.2608519,18.391246831437222,1.1839124683143722,moderada,consumo_fuera_patron
2025-04-21 12:00:00,Tunja,comedor,12,0,1.8015,1.5616148,0.23988520000000002,15.361355437973565,1.1536135543797357,moderada,consumo_fuera_patron
2025-04-21 12:00:00,Tunja,salones,12,0,0.6513,0.5513651,0.09993489999999994,18.124995579154344,1.1812499557915435,moderada,consumo_fuera_patron
2025-04-21 13:00:00,Chiquinquirá,salones,13,0,0.8674,0.6964104,0.17098959999999996,24.552993464773067,1.2455299346477307,moderada,consumo_fuera_patron
2025-04-21 13:00:00,Tunja,salones,13,0,0.7304,0.57915455,0.15124545,26.114868647755596,1.2611486864775558,moderada,consumo_fuera_patron
2025-04-21 14:00:00,Chiquinquirá,laboratorios,14,0,2.1813,1.8678199,0.3134800999999998,16.78320805983488,1.1678320805983489,moderada,consumo_pico_excesivo
2025-04-21 15:00:00,Duitama,oficinas,15,0,6.8479,5.951206,0.8966940000000001,15.06743339081188,1.150674333908119,moderada,consumo_pico_excesivo
2025-04-21 15:00:00,Sogamoso,comedor,15,0,0.5038,0.4371796,0.06662040000000002,15.238679938405184,1.1523867993840518,moderada,consumo_pico_excesivo
2025-04-21 15:00:00,Sogamoso,laboratorios,15,0,10.9109,9.451693,1.4592069999999993,15.438578040992223,1.1543857804099222,moderada,consumo_pico_excesivo
2025-04-21 16:00:00,Chiquinquirá,oficinas,16,0,3.3833,2.9275684,0.4557316,15.56689845402075,1.1556689845402075,moderada,consumo_pico_excesivo
2025-04-21 16:00:00,Tunja,comedor,16,0,0.7458,0.62705725,0.11874275000000001,18.936508588330653,1.1893650858833065,moderada,consumo_pico_excesivo
2025-04-21 18:00:00,Duitama,salones,18,0,3.7051,2.8032641,0.9018359,32.1709217479723,1.3217092174797231,critica,consumo_fuera_patron
2025-04-21 18:00:00,Duitama,oficinas,18,0,2.5369,2.042396,0.49450400000000005,24.211954978368546,1.2421195497836854,moderada,consumo_fuera_patron
2025-04-21 18:00:00,Tunja,oficinas,18,0,1.2711,1.0743766,0.1967234,18.310469531819663,1.1831046953181967,moderada,consumo_fuera_patron
2025-04-21 19:00:00,Chiquinquirá,salones,19,0,1.6074,1.2121191,0.39528089999999994,32.61073107419889,1.326107310741989,critica,consumo_fuera_patron
2025-04-21 19:00:00,Chiquinquirá,oficinas,19,0,1.0264,0.7704534,0.2559466,33.22025705902525,1.3322025705902525,critica,consumo_fuera_patron
2025-04-21 19:00:00,Duitama,oficinas,19,0,1.9163,1.6416087,0.27469129999999997,16.733055812874284,1.1673305581287428,moderada,consumo_fuera_patron
2025-04-21 20:00:00,Chiquinquirá,laboratorios,20,0,1.2475,1.0769986,0.17050140000000003,15.831162640322841,1.1583116264032285,moderada,consumo_fuera_patron
2025-04-21 20:00:00,Duitama,comedor,20,0,0.5105,0.4165283,0.09397169999999994,22.560699957241784,1.225606999572418,moderada,consumo_fuera_patron
2025-04-21 20:00:00,Duitama,salones,20,0,3.0095,2.565872,0.4436279999999999,17.289560819869422,1.172895608198694,moderada,consumo_fuera_patron
2025-04-21 21:00:00,Duitama,comedor,21,0,0.5017,0.4360775,0.06562250000000003,15.048357230079523,1.1504835723007951,moderada,consumo_fuera_patron
2025-04-22 03:00:00,Duitama,comedor,3,1,0.5075,0.4298653,0.07763469999999995,18.060238870176295,1.180602388701763,moderada,consumo_nocturno_alto
2025-04-22 07:00:00,Duitama,comedor,7,1,0.9456,0.75778234,0.18781766,24.785172481058346,1.2478517248105834,moderada,consumo_pico_excesivo
2025-04-22 07:00:00,Sogamoso,laboratorios,7,1,11.3374,9.701525,1.6358750000000004,16.86203973086706,1.1686203973086706,moderada,consumo_pico_excesivo
2025-04-22 09:00:00,Sogamoso,comedor,9,1,0.9751,0.8399809,0.13511909999999994,16.085972907241096,1.160859729072411,moderada,consumo_pico_excesivo
2025-04-22 09:00:00,Tunja,comedor,9,1,0.5365,0.4508241,0.08567589999999997,19.004285706997468,1.1900428570699746,moderada,consumo_pico_excesivo
2025-04-22 12:00:00,Chiquinquirá,oficinas,12,1,2.2324,1.8143092,0.4180908000000001,23.044076500301056,1.2304407650030105,moderada,consumo_fuera_patron
2025-04-22 13:00:00,Duitama,salones,13,1,1.6371,1.2803952,0.35670479999999993,27.858961045777107,1.2785896104577712,moderada,consumo_fuera_patron
2025-04-22 14:00:00,Sogamoso,comedor,14,1,0.5101,0.42430913,0.08579087000000002,20.218954515543896,1.202189545155439,moderada,consumo_pico_excesivo
2025-04-22 14:00:00,Tunja,laboratorios,14,1,4.802,4.1545787,0.6474212999999995,15.583320157107616,1.1558332015710762,moderada,consumo_pico_excesivo
2025-04-22 15:00:00,Chiquinquirá,laboratorios,15,1,2.3873,1.9483625,0.4389375000000002,22.528533576272395,1.225285335762724,moderada,consumo_pico_excesivo
2025-04-22 15:00:00,Sogamoso,comedor,15,1,0.5098,0.37406766,0.13573234,36.28550514096835,1.3628550514096835,critica,consumo_pico_excesivo
2025-04-22 15:00:00,Sogamoso,laboratorios,15,1,10.9718,9.268066,1.7037340000000007,18.38284276352802,1.1838284276352802,moderada,consumo_pico_excesivo
2025-04-22 16:00:00,Tunja,comedor,16,1,0.7169,0.5531964,0.16370359999999995,29.59231115748402,1.2959231115748402,moderada,consumo_pico_excesivo
2025-04-22 17:00:00,Duitama,oficinas,17,1,6.7122,5.468259,1.2439410000000004,22.748392129926554,1.2274839212992656,moderada,consumo_pico_excesivo
2025-04-22 18:00:00,Chiquinquirá,oficinas,18,1,1.1516,0.9416853,0.2099147,22.29138545541701,1.22291385455417,moderada,consumo_fuera_patron
2025-04-22 18:00:00,Duitama,salones,18,1,3.0767,2.5789735,0.4977265000000002,19.299403425432647,1.1929940342543264,moderada,consumo_fuera_patron
2025-04-22 18:00:00,Tunja,salones,18,1,1.468,1.2685819,0.19941809999999993,15.719765511395039,1.1571976551139505,moderada,consumo_fuera_patron
2025-04-22 18:00:00,Tunja,oficinas,18,1,1.3199,1.0255921,0.2943079000000002,28.696389139502948,1.2869638913950294,moderada,consumo_fuera_patron
2025-04-22 19:00:00,Chiquinquirá,oficinas,19,1,1.1172,0.90539575,0.21180424999999992,23.393554696937766,1.2339355469693776,moderada,consumo_fuera_patron
2025-04-22 19:00:00,Duitama,laboratorios,19,1,6.1599,5.341899,0.8180010000000006,15.312925235014752,1.1531292523501475,moderada,consumo_fuera_patron
2025-04-22 19:00:00,Sogamoso,laboratorios,19,1,7.2911,6.288608,1.0024920000000002,15.941397523903545,1.1594139752390353,moderada,consumo_fuera_patron
2025-04-22 20:00:00,Tunja,laboratorios,20,1,3.3239,2.8408573,0.48304269999999994,17.003413019020698,1.170034130190207,moderada,consumo_fuera_patron
2025-04-22 21:00:00,Sogamoso,comedor,21,1,0.5041,0.4154764,0.08862359999999997,21.330597839010824,1.2133059783901083,moderada,consumo_fuera_patron
2025-04-23 02:00:00,Sogamoso,comedor,2,2,0.5075,0.42611784,0.08138215999999993,19.098510402662306,1.190985104026623,moderada,consumo_nocturno_alto
2025-04-23 07:00:00,Tunja,laboratorios,7,2,4.6987,4.076633,0.6220669999999995,15.259332885741724,1.1525933288574173,moderada,consumo_pico_excesivo
2025-04-23 09:00:00,Tunja,comedor,9,2,0.5604,0.45591867,0.10448132999999998,22.916659675288134,1.2291665967528813,moderada,consumo_pico_excesivo
2025-04-23 12:00:00,Chiquinquirá,salones,12,2,0.7678,0.5765262,0.19127380000000005,33.17694841969022,1.331769484196902,critica,consumo_fuera_patron
2025-04-23 12:00:00,Chiquinquirá,laboratorios,12,2,1.0646,0.84834474,0.21625525999999995,25.491436417699713,1.254914364176997,moderada,consumo_fuera_patron
2025-04-23 12:00:00,Duitama,salones,12,2,1.5722,1.311932,0.26026799999999994,19.838528216401453,1.1983852821640146,moderada,consumo_fuera_patron
2025-04-23 12:00:00,Sogamoso,salones,12,2,1.288,1.1083995,0.17960050000000005,16.20358904889438,1.1620358904889438,moderada,consumo_fuera_patron
2025-04-23 12:00:00,Tunja,comedor,12,2,1.8839,1.5746884,0.3092115999999998,19.63636742354867,1.1963636742354866,moderada,consumo_fuera_patron
2025-04-23 13:00:00,Chiquinquirá,salones,13,2,0.7968,0.6492976,0.14750239999999992,22.717225506454962,1.2271722550645496,moderada,consumo_fuera_patron
2025-04-23 13:00:00,Tunja,oficinas,13,2,2.4894,2.051217,0.438183,21.362098695554884,1.2136209869555488,moderada,consumo_fuera_patron
2025-04-23 15:00:00,Tunja,laboratorios,15,2,4.33,3.681887,0.6481129999999999,17.602740116684732,1.1760274011668472,moderada,consumo_pico_excesivo
2025-04-23 16:00:00,Chiquinquirá,oficinas,16,2,3.4144,2.8746502,0.5397498000000001,18.776190577900575,1.1877619057790056,moderada,consumo_pico_excesivo
2025-04-23 16:00:00,Sogamoso,comedor,16,2,1.3406,1.0436794,0.2969206,28.44940697306088,1.2844940697306089,moderada,consumo_pico_excesivo
2025-04-23 17:00:00,Duitama,comedor,17,2,1.3528,1.0849134,0.2678866,24.691980023474684,1.2469198002347468,moderada,consumo_pico_excesivo
2025-04-23 17:00:00,Duitama,salones,17,2,7.6891,6.662857,1.026243,15.40244672818282,1.1540244672818283,moderada,consumo_pico_excesivo
2025-04-23 17:00:00,Sogamoso,comedor,17,2,1.3516,1.1109129,0.24068709999999993,21.66570394492673,1.2166570394492673,moderada,consumo_pico_excesivo
2025-04-23 17:00:00,Sogamoso,oficinas,17,2,6.7282,5.7855787,0.9426212999999999,16.292601810083404,1.162926018100834,moderada,consumo_pico_excesivo
2025-04-23 18:00:00,Chiquinquirá,salones,18,2,1.8644,1.4567463,0.4076537,27.983850036207404,1.279838500362074,moderada,consumo_fuera_patron
2025-04-23 18:00:00,Duitama,comedor,18,2,0.5191,0.431895,0.08720500000000003,20.19125018812444,1.2019125018812444,moderada,consumo_fuera_patron
2025-04-23 18:00:00,Duitama,salones,18,2,3.6226,2.740863,0.8817369999999998,32.170050090062865,1.3217005009006286,critica,consumo_fuera_patron
2025-04-23 18:00:00,Sogamoso,salones,18,2,2.9394,2.514289,0.4251109999999998,16.90780176821359,1.1690780176821358,moderada,consumo_fuera_patron
2025-04-23 18:00:00,Tunja,laboratorios,18,2,3.0761,2.4351614,0.6409385999999997,26.320169168253067,1.2632016916825306,moderada,consumo_fuera_patron
2025-04-23 19:00:00,Chiquinquirá,salones,19,2,1.8307,1.3827056,0.4479944,32.3998398502183,1.323998398502183,critica,consumo_fuera_patron
2025-04-23 19:00:00,Chiquinquirá,oficinas,19,2,1.1497,0.9550944,0.19460559999999993,20.375535653857874,1.2037553565385788,moderada,consumo_fuera_patron
2025-04-23 19:00:00,Duitama,salones,19,2,3.2169,2.6891928,0.5277072,19.623256465657654,1.1962325646565766,moderada,consumo_fuera_patron
2025-04-23 19:00:00,Sogamoso,oficinas,19,2,2.4403,1.7949239,0.6453761000000002,35.95562463678824,1.3595562463678823,critica,consumo_fuera_patron
2025-04-23 19:00:00,Tunja,laboratorios,19,2,3.0186,2.3822463,0.6363537000000004,26.712338686390254,1.2671233868639025,moderada,consumo_fuera_patron
2025-04-23 20:00:00,Duitama,salones,20,2,3.1106,2.5821018,0.5284982,20.467752278395842,1.2046775227839583,moderada,consumo_fuera_patron
2025-04-23 20:00:00,Sogamoso,salones,20,2,3.1197,2.6113887,0.5083112999999999,19.46517192174416,1.1946517192174417,moderada,consumo_fuera_patron
2025-04-23 21:00:00,Chiquinquirá,laboratorios,21,2,2.6382915056986667,1.1605102,1.4777813056986666,127.33893297091801,2.2733893297091803,critica,consumo_fuera_patron
2025-04-23 21:00:00,Duitama,comedor,21,2,0.5191,0.4378529,0.08124710000000002,18.555798077390836,1.1855579807739083,moderada,consumo_fuera_patron
2025-04-24 00:00:00,Duitama,oficinas,0,3,0.9568,0.78718394,0.16961605999999996,21.547195182869196,1.215471951828692,moderada,consumo_nocturno_alto
2025-04-24 00:00:00,Sogamoso,oficinas,0,3,0.9283,0.8016792,0.12662079999999998,15.794447454792387,1.157944474547924,moderada,consumo_nocturno_alto
2025-04-24 01:00:00,Sogamoso,comedor,1,3,0.5062,0.43397346,0.07222654,16.643077666546706,1.1664307766654671,moderada,consumo_nocturno_alto
2025-04-24 05:00:00,Duitama,comedor,5,3,0.5132,0.44219375,0.07100624999999999,16.057723565744652,1.1605772356574464,moderada,consumo_nocturno_alto
2025-04-24 05:00:00,Tunja,laboratorios,5,3,1.7927,1.5583699,0.23433009999999999,15.036872824609867,1.1503687282460986,moderada,consumo_nocturno_alto
2025-04-24 06:00:00,Sogamoso,comedor,6,3,0.5009,0.43178686,0.06911314000000002,16.006309223953693,1.160063092239537,moderada,consumo_nocturno_alto
2025-04-24 07:00:00,Tunja,oficinas,7,3,3.8136,3.1796353,0.6339646999999999,19.938283488046565,1.1993828348804656,moderada,consumo_pico_excesivo
2025-04-24 08:00:00,Sogamoso,comedor,8,3,0.855,0.7363023,0.11869770000000002,16.12078354230321,1.1612078354230322,moderada,consumo_pico_excesivo
2025-04-24 08:00:00,Sogamoso,oficinas,8,3,6.999,5.996571,1.0024289999999993,16.716703596105162,1.1671670359610515,moderada,consumo_pico_excesivo
2025-04-24 10:00:00,Tunja,comedor,10,3,0.6795,0.40258572,0.27691428,68.78393004103573,1.6878393004103573,critica,consumo_pico_excesivo
2025-04-24 11:00:00,Tunja,laboratorios,11,3,4.7774,4.0716195,0.7057805000000004,17.334146768871708,1.173341467688717,moderada,consumo_pico_excesivo
2025-04-24 12:00:00,Chiquinquirá,comedor,12,3,0.9356,0.80263805,0.13296195,16.565617590643754,1.1656561759064374,moderada,consumo_fuera_patron
2025-04-24 12:00:00,Chiquinquirá,oficinas,12,3,1.5856,1.3358848,0.2497151999999998,18.692869325259167,1.1869286932525918,moderada,consumo_fuera_patron
2025-04-24 12:00:00,Tunja,laboratorios,12,3,2.7523,2.2835336,0.4687663999999998,20.528114847970695,1.205281148479707,moderada,consumo_fuera_patron
2025-04-24 13:00:00,Chiquinquirá,comedor,13,3,1.0331,0.8778906,0.15520939999999994,17.67981112908601,1.17679811129086,moderada,consumo_fuera_patron
2025-04-24 13:00:00,Chiquinquirá,laboratorios,13,3,1.1241,0.9419593,0.18214070000000004,19.336366231534637,1.1933636623153463,moderada,consumo_fuera_patron
2025-04-24 13:00:00,Duitama,salones,13,3,1.609,1.2778926,0.33110740000000005,25.910424710183005,1.25910424710183,moderada,consumo_fuera_patron
2025-04-24 13:00:00,Sogamoso,salones,13,3,1.4825,1.2243987,0.25810129999999987,21.079841068109584,1.2107984106810958,moderada,consumo_fuera_patron
2025-04-24 14:00:00,Chiquinquirá,laboratorios,14,3,2.2417,1.8866208,0.3550791999999998,18.8209098510946,1.1882090985109461,moderada,consumo_pico_excesivo
2025-04-24 15:00:00,Sogamoso,salones,15,3,7.058,6.1179204,0.9400795999999998,15.365999204566306,1.1536599920456632,moderada,consumo_pico_excesivo
2025-04-24 15:00:00,Tunja,laboratorios,15,3,13.585300467960742,11.758972,1.8263284679607423,15.531361652708606,1.155313616527086,moderada,consumo_pico_excesivo
2025-04-24 18:00:00,Chiquinquirá,salones,18,3,1.7309,1.4239281,0.3069719000000002,21.558103952018378,1.2155810395201838,moderada,consumo_fuera_patron
2025-04-24 18:00:00,Sogamoso,oficinas,18,3,2.1772,1.8807939,0.2964061,15.75962682567186,1.1575962682567187,moderada,consumo_fuera_patron
2025-04-24 18:00:00,Tunja,salones,18,3,1.6448,0.95870066,0.6860993400000001,71.56554372247955,1.7156554372247956,critica,consumo_fuera_patron
2025-04-24 18:00:00,Tunja,oficinas,18,3,1.2206,0.9756182,0.24498179999999992,25.11041716933939,1.251104171693394,moderada,consumo_fuera_patron
2025-04-24 19:00:00,Chiquinquirá,laboratorios,19,3,1.4682,1.2130609,0.25513909999999984,21.032670330071625,1.2103267033007163,moderada,consumo_fuera_patron
2025-04-24 19:00:00,Chiquinquirá,oficinas,19,3,1.1721,1.0050321,0.16706789999999994,16.62314069371515,1.1662314069371515,moderada,consumo_fuera_patron
2025-04-24 19:00:00,Sogamoso,oficinas,19,3,2.414,2.042526,0.3714740000000001,18.186990030971455,1.1818699003097146,moderada,consumo_fuera_patron
2025-04-24 19:00:00,Tunja,oficinas,19,3,1.4724,1.0855823,0.38681769999999993,35.63227771860318,1.3563227771860318,critica,consumo_fuera_patron
2025-04-24 22:00:00,Sogamoso,oficinas,22,3,0.9371,0.8014238,0.13567620000000002,16.929394909409982,1.1692939490941,moderada,consumo_fuera_patron
2025-04-24 23:00:00,Duitama,comedor,23,3,0.5094,0.4264898,0.08291019999999999,19.440136669153635,1.1944013666915363,moderada,consumo_fuera_patron
2025-04-24 23:00:00,Sogamoso,oficinas,23,3,0.938,0.80725294,0.13074705999999992,16.196541817487827,1.1619654181748782,moderada,consumo_fuera_patron
2025-04-25 00:00:00,Duitama,comedor,0,4,0.5221,0.43678102,0.08531897999999999,19.533582297142853,1.1953358229714286,moderada,consumo_nocturno_alto
2025-04-25 00:00:00,Sogamoso,comedor,0,4,0.5028,0.42694187,0.07585813000000002,17.767788856126955,1.1776778885612695,moderada,consumo_nocturno_alto
2025-04-25 00:00:00,Sogamoso,oficinas,0,4,0.9328,0.79952425,0.13327574999999992,16.669381823002855,1.1666938182300286,moderada,consumo_nocturno_alto
2025-04-25 04:00:00,Duitama,comedor,4,4,0.523,0.44226632,0.08073368000000003,18.254539482002617,1.1825453948200262,moderada,consumo_nocturno_alto
2025-04-25 07:00:00,Duitama,comedor,7,4,0.9686,0.74095535,0.22764465,30.723126568962623,1.3072312656896263,critica,consumo_pico_excesivo
2025-04-25 07:00:00,Tunja,oficinas,7,4,3.94,3.2798927,0.6601073,20.125880947263912,1.201258809472639,moderada,consumo_pico_excesivo
2025-04-25 08:00:00,Sogamoso,comedor,8,4,0.8884,0.72275156,0.16564844,22.919139738695275,1.2291913973869528,moderada,consumo_pico_excesivo
2025-04-25 08:00:00,Tunja,comedor,8,4,0.5706,0.4359676,0.13463239999999999,30.881285673522523,1.3088128567352253,critica,consumo_pico_excesivo
2025-04-25 09:00:00,Duitama,comedor,9,4,1.1768,0.8476069,0.3291931,38.83794480672586,1.3883794480672584,critica,consumo_pico_excesivo
2025-04-25 09:00:00,Tunja,comedor,9,4,0.576,0.41402012,0.16197987999999997,39.12367350649528,1.3912367350649528,critica,consumo_pico_excesivo
2025-04-25 11:00:00,Chiquinquirá,oficinas,11,4,3.2558,2.8158376,0.43996239999999975,15.624565848541824,1.1562456584854182,moderada,consumo_pico_excesivo
2025-04-25 11:00:00,Duitama,salones,11,4,8.8747,7.4791813,1.3955187000000011,18.658709342959785,1.186587093429598,moderada,consumo_pico_excesivo
2025-04-25 11:00:00,Sogamoso,oficinas,11,4,6.8861,5.902882,0.9832179999999999,16.65657555072251,1.166565755507225,moderada,consumo_pico_excesivo
2025-04-25 11:00:00,Tunja,oficinas,11,4,3.7071,3.1390462,0.5680537999999999,18.096382270512613,1.1809638227051262,moderada,consumo_pico_excesivo
2025-04-25 12:00:00,Chiquinquirá,salones,12,4,0.7513,0.6369392,0.11436079999999993,17.954743561080857,1.1795474356108087,moderada,consumo_fuera_patron
2025-04-25 13:00:00,Chiquinquirá,salones,13,4,0.7985,0.6931311,0.10536889999999999,15.201871622843067,1.1520187162284306,moderada,consumo_fuera_patron
2025-04-25 13:00:00,Sogamoso,salones,13,4,1.6089,1.2670776,0.3418224000000001,26.977226966998714,1.2697722696699871,moderada,consumo_fuera_patron
2025-04-25 14:00:00,Duitama,laboratorios,14,4,9.6778,8.384524,1.2932759999999988,15.424560774111907,1.1542456077411192,moderada,consumo_pico_excesivo
2025-04-25 14:00:00,Tunja,laboratorios,14,4,4.3778,3.757078,0.6207219999999998,16.521403069087196,1.165214030690872,moderada,consumo_pico_excesivo
2025-04-25 16:00:00,Chiquinquirá,oficinas,16,4,2.1197,1.5717949,0.5479050999999999,34.858562017219924,1.3485856201721993,critica,consumo_pico_excesivo
2025-04-25 16:00:00,Sogamoso,comedor,16,4,1.332,1.1165302,0.21546980000000016,19.298161393216247,1.1929816139321625,moderada,consumo_pico_excesivo
2025-04-25 16:00:00,Sogamoso,salones,16,4,4.2386,3.3715472,0.8670527999999997,25.716762915257412,1.2571676291525742,moderada,consumo_pico_excesivo
2025-04-25 16:00:00,Tunja,comedor,16,4,0.6529,0.5154436,0.13745640000000003,26.667592729835043,1.2666759272983505,moderada,consumo_pico_excesivo
2025-04-25 17:00:00,Chiquinquirá,laboratorios,17,4,2.2326,1.9146746,0.31792540000000025,16.604670057251518,1.1660467005725152,moderada,consumo_pico_excesivo
2025-04-25 17:00:00,Duitama,comedor,17,4,1.3878,0.9809369,0.4068630999999999,41.4769900082258,1.414769900082258,critica,consumo_pico_excesivo
2025-04-25 17:00:00,Sogamoso,comedor,17,4,1.3327,1.0710421,0.2616578999999999,24.430216141830453,1.2443021614183045,moderada,consumo_pico_excesivo
2025-04-25 17:00:00,Sogamoso,oficinas,17,4,4.6854,3.9901426,0.6952573999999996,17.424374757934704,1.174243747579347,moderada,consumo_pico_excesivo
2025-04-25 17:00:00,Tunja,comedor,17,4,0.6352,0.5361514,0.09904860000000004,18.473998202746472,1.1847399820274647,moderada,consumo_pico_excesivo
2025-04-25 17:00:00,Tunja,oficinas,17,4,2.3602,1.9375136,0.4226863999999999,21.815919124387044,1.2181591912438705,moderada,consumo_pico_excesivo
2025-04-25 18:00:00,Chiquinquirá,oficinas,18,4,1.2316,0.84616935,0.38543065,45.550060398666055,1.4555006039866605,critica,consumo_fuera_patron
2025-04-25 18:00:00,Sogamoso,oficinas,18,4,2.1292,1.8057402,0.32345979999999996,17.912864763159174,1.1791286476315916,moderada,consumo_fuera_patron
2025-04-25 20:00:00,Tunja,salones,20,4,1.6288,0.80211383,0.82668617,103.06344798967,2.0306344798966998,critica,consumo_fuera_patron
2025-04-25 23:00:00,Duitama,oficinas,23,4,0.9542,0.8199277,0.1342723,16.37611462571639,1.163761146257164,moderada,consumo_fuera_patron
2025-04-25 23:00:00,Sogamoso,comedor,23,4,0.5103,0.41233453,0.09796547,23.75873541320927,1.2375873541320928,moderada,consumo_fuera_patron
2025-04-26 00:00:00,Sogamoso,oficinas,0,5,0.9156,0.79525954,0.12034045999999998,15.132224631973603,1.1513222463197361,moderada,consumo_nocturno_alto
2025-04-26 03:00:00,Duitama,comedor,3,5,0.5213,0.4408065,0.0804935,18.260506594163196,1.182605065941632,moderada,consumo_nocturno_alto
2025-04-26 05:00:00,Duitama,comedor,5,5,0.5203,0.42520258,0.09509741999999999,22.365202958081767,1.2236520295808178,moderada,consumo_nocturno_alto
2025-04-26 07:00:00,Sogamoso,comedor,7,5,0.5002,0.41157943,0.08862056999999995,21.531826797077773,1.2153182679707777,moderada,consumo_fin_semana_alto
2025-04-26 07:00:00,Sogamoso,laboratorios,7,5,8.3287,7.1789937,1.1497062999999992,16.014867097598916,1.1601486709759892,moderada,consumo_fin_semana_alto
2025-04-26 08:00:00,Sogamoso,oficinas,8,5,2.8268,2.3806987,0.44610130000000003,18.738251085700178,1.1873825108570017,moderada,consumo_fin_semana_alto
2025-04-26 08:00:00,Tunja,salones,8,5,2.9281,2.4142644,0.5138356000000002,21.28331925865287,1.2128331925865288,moderada,consumo_fin_semana_alto
2025-04-26 09:00:00,Tunja,laboratorios,9,5,3.74,3.1035957,0.6364043000000001,20.505386703558074,1.2050538670355808,moderada,consumo_fin_semana_alto
2025-04-26 10:00:00,Tunja,salones,10,5,2.9252,2.4567454,0.46845459999999983,19.068097166275344,1.1906809716627533,moderada,consumo_fin_semana_alto
2025-04-26 11:00:00,Duitama,comedor,11,5,0.5132,0.37474588,0.13845412,36.94613533843255,1.3694613533843254,critica,consumo_fin_semana_alto
2025-04-26 11:00:00,Tunja,oficinas,11,5,1.5994,1.1512831,0.44811690000000004,38.923258753646266,1.3892325875364626,critica,consumo_fin_semana_alto
2025-04-26 12:00:00,Chiquinquirá,laboratorios,12,5,1.6578,1.4286464,0.22915359999999985,16.039910225511353,1.1603991022551134,moderada,consumo_fin_semana_alto
2025-04-26 12:00:00,Duitama,oficinas,12,5,2.8638,2.3873575,0.4764425000000001,19.956897950977183,1.199568979509772,moderada,consumo_fin_semana_alto
2025-04-26 12:00:00,Tunja,comedor,12,5,0.9004,0.7751464,0.12525359999999996,16.158702407700012,1.161587024077,moderada,consumo_fin_semana_alto
2025-04-26 12:00:00,Tunja,laboratorios,12,5,3.5161,2.7069125,0.8091874999999997,29.893374832027252,1.2989337483202725,moderada,consumo_fin_semana_alto
2025-04-26 17:00:00,Sogamoso,oficinas,17,5,0.7999,0.691388,0.10851200000000005,15.694805232373147,1.1569480523237314,moderada,consumo_fin_semana_alto
2025-04-26 18:00:00,Duitama,oficinas,18,5,0.9425,0.76123214,0.18126786000000006,23.81242862394119,1.238124286239412,moderada,consumo_fin_semana_alto
2025-04-26 18:00:00,Sogamoso,oficinas,18,5,0.917,0.7715487,0.14545130000000006,18.85186249422753,1.1885186249422752,moderada,consumo_fin_semana_alto
2025-04-26 19:00:00,Duitama,oficinas,19,5,0.9468,0.8142299,0.13257010000000002,16.28165460393926,1.1628165460393927,moderada,consumo_fin_semana_alto
2025-04-26 20:00:00,Duitama,oficinas,20,5,0.8752,0.7467951,0.12840489999999993,17.19412727801775,1.1719412727801775,moderada,consumo_fin_semana_alto
2025-04-26 21:00:00,Sogamoso,oficinas,21,5,0.94,0.7967524,0.14324759999999992,17.978935488616028,1.1797893548861602,moderada,consumo_fin_semana_alto
2025-04-26 22:00:00,Tunja,oficinas,22,5,0.5075,0.42888063,0.07861936999999997,18.33129418784895,1.1833129418784896,moderada,consumo_fin_semana_alto
2025-04-26 22:00:00,Tunja,oficinas,22,5,0.5075,0.42888063,0.07861936999999997,18.33129418784895,1.1833129418784896,moderada,consumo_fin_semana_alto
2025-04-27 00:00:00,Sogamoso,oficinas,0,6,0.9117,0.7911497,0.1205503,15.237356469957582,1.1523735646995759,moderada,consumo_nocturno_alto
2025-04-27 03:00:00,Duitama,oficinas,3,6,0.9604,0.7992557,0.16114430000000002,20.161795530516706,1.2016179553051671,moderada,consumo_nocturno_alto
2025-04-27 06:00:00,Chiquinquirá,laboratorios,6,6,0.7044,0.6092614,0.09513860000000007,15.615399235861666,1.1561539923586166,moderada,consumo_nocturno_alto
2025-04-27 08:00:00,Sogamoso,oficinas,8,6,0.9092,0.7826922,0.12650780000000006,16.163160946282595,1.161631609462826,moderada,consumo_fin_semana_alto
2025-04-27 09:00:00,Sogamoso,oficinas,9,6,0.914,0.78220767,0.13179233,16.848764727658576,1.1684876472765857,moderada,consumo_fin_semana_alto
2025-04-27 13:00:00,Sogamoso,oficinas,13,6,0.8994,0.7546439,0.14475609999999994,19.182040694955585,1.191820406949556,moderada,consumo_fin_semana_alto
2025-04-27 14:00:00,Duitama,oficinas,14,6,0.9531,0.80221397,0.1508860299999999,18.80870137427299,1.18808701374273,moderada,consumo_fin_semana_alto
2025-04-27 16:00:00,Sogamoso,oficinas,16,6,0.9333,0.784973,0.148327,18.895809155219347,1.1889580915521936,moderada,consumo_fin_semana_alto
2025-04-27 16:00:00,Tunja,oficinas,16,6,0.5026,0.43167055,0.07092945000000006,16.43138499950948,1.1643138499950947,moderada,consumo_fin_semana_alto
2025-04-27 17:00:00,Sogamoso,oficinas,17,6,0.9335,0.79467076,0.13882923999999996,17.47003249496684,1.1747003249496684,moderada,consumo_fin_semana_alto
2025-04-27 17:00:00,Tunja,oficinas,17,6,0.5037,0.42154682,0.08215318000000005,19.488506638479695,1.194885066384797,moderada,consumo_fin_semana_alto
2025-04-27 22:00:00,Duitama,oficinas,22,6,0.9565,0.81384885,0.14265115000000006,17.527966034479263,1.1752796603447926,moderada,consumo_fin_semana_alto
2025-04-28 07:00:00,Chiquinquirá,laboratorios,7,0,2.3216,1.9861306,0.33546940000000003,16.890601252505753,1.1689060125250574,moderada,consumo_pico_excesivo
2025-04-28 07:00:00,Tunja,comedor,7,0,0.514,0.42485347,0.08914653,20.982888523895074,1.2098288852389507,moderada,consumo_pico_excesivo
2025-04-28 08:00:00,Sogamoso,comedor,8,0,0.9516,0.73420954,0.21739045999999995,29.608776262972547,1.2960877626297256,moderada,consumo_pico_excesivo
2025-04-28 09:00:00,Tunja,oficinas,9,0,3.6024,3.1140578,0.48834219999999995,15.681860497258594,1.156818604972586,moderada,consumo_pico_excesivo
2025-04-28 10:00:00,Sogamoso,comedor,10,0,0.8846,0.75559,0.12901000000000007,17.074074564247816,1.170740745642478,moderada,consumo_pico_excesivo
2025-04-28 10:00:00,Tunja,comedor,10,0,0.6499,0.45448592,0.19541408000000005,42.99672913959579,1.429967291395958,critica,consumo_pico_excesivo
2025-04-28 11:00:00,Chiquinquirá,laboratorios,11,0,2.4576,2.0686023,0.3889977,18.804856786633177,1.1880485678663317,moderada,consumo_pico_excesivo
2025-04-28 11:00:00,Sogamoso,laboratorios,11,0,10.9344,9.499094,1.4353060000000006,15.1099252202368,1.151099252202368,moderada,consumo_pico_excesivo
2025-04-28 12:00:00,Duitama,oficinas,12,0,4.6274,3.9186006,0.7087993999999997,18.088074605000564,1.1808807460500057,moderada,consumo_fuera_patron
2025-04-28 12:00:00,Tunja,comedor,12,0,1.9168,1.5180538,0.39874620000000016,26.266934676491715,1.262669346764917,moderada,consumo_fuera_patron
2025-04-28 12:00:00,Tunja,salones,12,0,0.8044,0.6835914,0.12080860000000004,17.67263309632041,1.1767263309632041,moderada,consumo_fuera_patron
2025-04-28 13:00:00,Tunja,comedor,13,0,1.8196,1.536954,0.2826460000000002,18.390010371162717,1.1839001037116272,moderada,consumo_fuera_patron
2025-04-28 15:00:00,Duitama,comedor,15,0,0.5004,0.41609693,0.08430306999999998,20.260440277701637,1.2026044027770164,moderada,consumo_pico_excesivo
2025-04-28 15:00:00,Sogamoso,oficinas,15,0,6.8271,5.6985736,1.1285264000000002,19.80366455212582,1.198036645521258,moderada,consumo_pico_excesivo
2025-04-28 15:00:00,Tunja,laboratorios,15,0,4.3016,3.6641943,0.6374056999999995,17.39552130191348,1.1739552130191349,moderada,consumo_pico_excesivo
2025-04-28 16:00:00,Tunja,comedor,16,0,0.7526,0.61743814,0.13516186000000008,21.89075329878392,1.2189075329878392,moderada,consumo_pico_excesivo
2025-04-28 17:00:00,Tunja,comedor,17,0,0.7959,0.64999866,0.1459013400000001,22.446406274129874,1.2244640627412988,moderada,consumo_pico_excesivo
2025-04-28 18:00:00,Chiquinquirá,oficinas,18,0,1.117,0.9210986,0.1959014,21.268233389997555,1.2126823338999755,moderada,consumo_fuera_patron
2025-04-28 18:00:00,Tunja,salones,18,0,1.4575,0.8149729,0.6425271,78.84030254257534,1.7884030254257535,critica,consumo_fuera_patron
2025-04-28 18:00:00,Tunja,oficinas,18,0,1.2646,0.9269436,0.33765639999999997,36.42685488092263,1.3642685488092263,critica,consumo_fuera_patron
2025-04-28 19:00:00,Chiquinquirá,oficinas,19,0,0.8749,0.7261405,0.14875950000000004,20.48632461624163,1.2048632461624162,moderada,consumo_fuera_patron
2025-04-28 19:00:00,Sogamoso,laboratorios,19,0,7.2292,5.9322286,1.2969713999999994,21.86313925933332,1.2186313925933332,moderada,consumo_fuera_patron
2025-04-28 19:00:00,Tunja,laboratorios,19,0,2.8633,2.4550593,0.40824070000000034,16.628547424496034,1.1662854742449604,moderada,consumo_fuera_patron
2025-04-28 20:00:00,Chiquinquirá,laboratorios,20,0,1.5535,1.2603985,0.2931015000000001,23.254669059031738,1.2325466905903173,moderada,consumo_fuera_patron
2025-04-28 20:00:00,Duitama,comedor,20,0,0.5038,0.4317216,0.07207840000000004,16.695574184845057,1.1669557418484506,moderada,consumo_fuera_patron
2025-04-28 20:00:00,Duitama,salones,20,0,3.6029,2.7600825,0.8428174999999998,30.535953182558845,1.3053595318255884,critica,consumo_fuera_patron
2025-04-28 20:00:00,Sogamoso,laboratorios,20,0,7.5805,6.3813586,1.1991413999999994,18.791318199857933,1.1879131819985793,moderada,consumo_fuera_patron
2025-04-28 22:00:00,Chiquinquirá,laboratorios,22,0,2.315918134397158,1.1696177,1.1463004343971581,98.00641990944203,1.9800641990944203,critica,consumo_fuera_patron
2025-04-28 22:00:00,Duitama,comedor,22,0,0.5233,0.43880075,0.08449924999999997,19.25686088731616,1.1925686088731615,moderada,consumo_fuera_patron
2025-04-29 02:00:00,Duitama,comedor,2,1,0.5188,0.44215122,0.07664878000000003,17.335422030498986,1.1733542203049898,moderada,consumo_nocturno_alto
2025-04-29 03:00:00,Sogamoso,comedor,3,1,0.5095,0.43220228,0.07729771999999996,17.884616434693488,1.1788461643469348,moderada,consumo_nocturno_alto
2025-04-29 07:00:00,Duitama,oficinas,7,1,6.9628,6.053443,0.909357,15.022145248580024,1.1502214524858003,moderada,consumo_pico_excesivo
2025-04-29 07:00:00,Tunja,oficinas,7,1,3.8604,3.2558846,0.6045153999999999,18.566855840038063,1.1856685584003805,moderada,consumo_pico_excesivo
2025-04-29 09:00:00,Duitama,comedor,9,1,0.9748,0.84550387,0.12929612999999995,15.292198485147082,1.152921984851471,moderada,consumo_pico_excesivo
2025-04-29 09:00:00,Duitama,oficinas,9,1,7.0872,6.056943,1.0302569999999998,17.00952113962439,1.170095211396244,moderada,consumo_pico_excesivo
2025-04-29 09:00:00,Tunja,comedor,9,1,0.6652,0.45409328,0.21110672000000003,46.48972563522632,1.464897256352263,critica,consumo_pico_excesivo
2025-04-29 10:00:00,Sogamoso,comedor,10,1,1.0648,0.8622359,0.2025640999999999,23.492886343516883,1.234928863435169,moderada,consumo_pico_excesivo
2025-04-29 10:00:00,Tunja,salones,10,1,4.0668,2.9871075,1.0796924999999997,36.14508349632545,1.3614508349632546,critica,consumo_pico_excesivo
2025-04-29 11:00:00,Duitama,salones,11,1,8.6493,7.3651404,1.2841596000000006,17.435643182036294,1.174356431820363,moderada,consumo_pico_excesivo
2025-04-29 13:00:00,Chiquinquirá,comedor,13,1,1.0544,0.6486295,0.40577050000000003,62.55813218486055,1.6255813218486055,critica,consumo_fuera_patron
2025-04-29 13:00:00,Chiquinquirá,oficinas,13,1,1.8801,1.572969,0.30713100000000004,19.52555962641349,1.195255596264135,moderada,consumo_fuera_patron
2025-04-29 13:00:00,Tunja,oficinas,13,1,2.2899,1.6932247,0.5966752999999998,35.238991021097185,1.3523899102109718,critica,consumo_fuera_patron
2025-04-29 14:00:00,Chiquinquirá,salones,14,1,3.6121,3.0550947,0.5570052999999997,18.23201421546768,1.1823201421546767,moderada,consumo_pico_excesivo
2025-04-29 14:00:00,Chiquinquirá,oficinas,14,1,3.0783,2.530539,0.5477609999999999,21.64602086749107,1.2164602086749108,moderada,consumo_pico_excesivo
2025-04-29 14:00:00,Tunja,salones,14,1,3.7192,3.1403217,0.5788783,18.43372607335102,1.18433726073351,moderada,consumo_pico_excesivo
2025-04-29 14:00:00,Tunja,laboratorios,14,1,4.4451,3.8472877,0.5978123000000002,15.53853900762348,1.1553853900762348,moderada,consumo_pico_excesivo
2025-04-29 16:00:00,Chiquinquirá,laboratorios,16,1,2.2062,1.8505965,0.35560349999999996,19.21561507330204,1.1921561507330203,moderada,consumo_pico_excesivo
2025-04-29 16:00:00,Sogamoso,comedor,16,1,1.3038,1.0486071,0.25519290000000017,24.336369646934507,1.243363696469345,moderada,consumo_pico_excesivo
2025-04-29 16:00:00,Tunja,comedor,16,1,0.7797,0.6345011,0.1451988999999999,22.88394771892435,1.2288394771892435,moderada,consumo_pico_excesivo
2025-04-29 16:00:00,Tunja,oficinas,16,1,3.6382,2.9991028,0.6390971999999997,21.30961299492634,1.2130961299492633,moderada,consumo_pico_excesivo
2025-04-29 18:00:00,Chiquinquirá,laboratorios,18,1,1.4086,1.1014463,0.3071537,27.88639809312537,1.2788639809312536,moderada,consumo_fuera_patron
2025-04-29 18:00:00,Duitama,laboratorios,18,1,6.5107,5.6084437,0.9022563000000003,16.087462908827995,1.1608746290882799,moderada,consumo_fuera_patron
2025-04-29 18:00:00,Sogamoso,salones,18,1,2.9707,1.9556385,1.0150614999999998,51.90435246595931,1.5190435246595932,critica,consumo_fuera_patron
2025-04-29 18:00:00,Tunja,salones,18,1,1.534,0.88802886,0.64597114,72.74213362840483,1.7274213362840483,critica,consumo_fuera_patron
2025-04-29 18:00:00,Tunja,laboratorios,18,1,2.8319,2.417264,0.4146360000000002,17.153111948053677,1.1715311194805367,moderada,consumo_fuera_patron
2025-04-29 19:00:00,Duitama,salones,19,1,3.1159,2.2235177,0.8923823,40.133806895263305,1.4013380689526331,critica,consumo_fuera_patron
2025-04-29 19:00:00,Sogamoso,laboratorios,19,1,7.5195,6.491902,1.0275980000000002,15.828920399599383,1.1582892039959938,moderada,consumo_fuera_patron
2025-04-29 19:00:00,Tunja,oficinas,19,1,1.0805,0.9060817,0.17441830000000003,19.249732115768374,1.1924973211576837,moderada,consumo_fuera_patron
2025-04-29 23:00:00,Sogamoso,comedor,23,1,0.511,0.41939571,0.09160429000000003,21.841971154163698,1.218419711541637,moderada,consumo_fuera_patron
2025-04-30 03:00:00,Duitama,comedor,3,2,0.5143,0.44053313,0.07376686999999998,16.744908606533176,1.1674490860653317,moderada,consumo_nocturno_alto
2025-04-30 04:00:00,Duitama,comedor,4,2,0.5076,0.43984413,0.06775587000000005,15.404518414284635,1.1540451841428463,moderada,consumo_nocturno_alto
2025-04-30 04:00:00,Tunja,oficinas,4,2,0.5125,0.43570387,0.07679612999999996,17.62576265388691,1.1762576265388691,moderada,consumo_nocturno_alto
2025-04-30 05:00:00,Sogamoso,comedor,5,2,0.511,0.42336652,0.08763347999999999,20.699199360402893,1.206991993604029,moderada,consumo_nocturno_alto
2025-04-30 07:00:00,Tunja,comedor,7,2,0.5164,0.43042383,0.08597616999999996,19.9747699842734,1.1997476998427339,moderada,consumo_pico_excesivo
2025-04-30 07:00:00,Tunja,oficinas,7,2,4.004,3.3779528,0.6260471999999995,18.53333178604507,1.1853333178604506,moderada,consumo_pico_excesivo
2025-04-30 08:00:00,Sogamoso,comedor,8,2,0.7915,0.6488313,0.14266869999999998,21.988566211278645,1.2198856621127865,moderada,consumo_pico_excesivo
2025-04-30 09:00:00,Tunja,comedor,9,2,0.5837,0.47369877,0.11000123,23.221768129142497,1.232217681291425,moderada,consumo_pico_excesivo
2025-04-30 10:00:00,Chiquinquirá,salones,10,2,4.6447,3.87033,0.7743700000000002,20.0078546273832,1.200078546273832,moderada,consumo_pico_excesivo
2025-04-30 10:00:00,Duitama,comedor,10,2,1.051,0.8299191,0.2210808999999999,26.6388494974992,1.266388494974992,moderada,consumo_pico_excesivo
2025-04-30 10:00:00,Duitama,laboratorios,10,2,10.169,8.790043,1.3789569999999998,15.68771620343609,1.156877162034361,moderada,consumo_pico_excesivo
2025-04-30 11:00:00,Chiquinquirá,salones,11,2,4.5054,3.8661597,0.6392403,16.534244563151386,1.1653424456315138,moderada,consumo_pico_excesivo
2025-04-30 11:00:00,Tunja,oficinas,11,2,3.8339,3.2381902,0.5957097999999998,18.39638079319738,1.1839638079319739,moderada,consumo_pico_excesivo
2025-04-30 12:00:00,Tunja,oficinas,12,2,2.2838,1.7459245,0.5378754999999997,30.80748909818264,1.3080748909818263,critica,consumo_fuera_patron
2025-04-30 13:00:00,Tunja,oficinas,13,2,2.125,1.8320857,0.29291430000000007,15.988023922680043,1.1598802392268004,moderada,consumo_fuera_patron
2025-04-30 15:00:00,Sogamoso,comedor,15,2,0.5099,0.42138952,0.08851048,21.004433142997954,1.2100443314299796,moderada,consumo_pico_excesivo
2025-04-30 15:00:00,Tunja,laboratorios,15,2,4.6084,3.9505353,0.6578646999999997,16.652545795502693,1.166525457955027,moderada,consumo_pico_excesivo
2025-04-30 17:00:00,Tunja,comedor,17,2,0.7157,0.5893995,0.12630050000000004,21.428674438984093,1.2142867443898409,moderada,consumo_pico_excesivo
2025-04-30 17:00:00,Tunja,salones,17,2,3.3402,2.8937762,0.4464237999999998,15.42703267792443,1.1542703267792442,moderada,consumo_pico_excesivo
2025-04-30 18:00:00,Chiquinquirá,salones,18,2,1.711,1.4629785,0.24802150000000012,16.95318830727862,1.169531883072786,moderada,consumo_fuera_patron
2025-04-30 18:00:00,Sogamoso,salones,18,2,2.8615,2.444904,0.41659599999999974,17.039360236639137,1.1703936023663915,moderada,consumo_fuera_patron
2025-04-30 18:00:00,Tunja,salones,18,2,1.4605,1.2608677,0.19963229999999998,15.832929973541237,1.1583292997354124,moderada,consumo_fuera_patron
2025-04-30 19:00:00,Duitama,laboratorios,19,2,7.0732,6.1471405,0.9260595,15.06488260679905,1.1506488260679906,moderada,consumo_fuera_patron
2025-04-30 19:00:00,Tunja,salones,19,2,1.4377,1.2480323,0.1896677,15.19733904322829,1.1519733904322829,moderada,consumo_fuera_patron
2025-04-30 20:00:00,Sogamoso,laboratorios,20,2,7.3112,6.287176,1.0240240000000007,16.28750332422698,1.1628750332422697,moderada,consumo_fuera_patron
2025-04-30 20:00:00,Tunja,salones,20,2,1.2325,0.85146415,0.38103584999999995,44.750662726081885,1.4475066272608188,critica,consumo_fuera_patron
2025-04-30 20:00:00,Tunja,laboratorios,20,2,2.6638,2.1553345,0.5084655000000002,23.591024966194354,1.2359102496619436,moderada,consumo_fuera_patron
2025-04-30 21:00:00,Sogamoso,oficinas,21,2,0.9223,0.7920904,0.13020960000000004,16.438729720749052,1.1643872972074905,moderada,consumo_fuera_patron
2025-04-30 22:00:00,Duitama,comedor,22,2,0.523,0.43635228,0.08664772000000004,19.85728595253359,1.198572859525336,moderada,consumo_fuera_patron
2025-04-30 23:00:00,Sogamoso,comedor,23,2,0.5039,0.4242452,0.07965480000000003,18.77565143930916,1.1877565143930917,moderada,consumo_fuera_patron
2025-05-01 04:00:00,Duitama,oficinas,4,3,0.9281,0.80525726,0.12284274000000006,15.2550925154031,1.152550925154031,moderada,consumo_nocturno_alto
2025-05-01 06:00:00,Duitama,oficinas,6,3,0.926,0.77394605,0.15205395,19.646582600944857,1.1964658260094485,moderada,consumo_nocturno_alto
2025-05-01 08:00:00,Tunja,oficinas,8,3,0.5087,0.39478332,0.11391668000000005,28.855494705298103,1.288554947052981,moderada,consumo_pico_excesivo
2025-05-01 09:00:00,Sogamoso,oficinas,9,3,0.877,0.6308369,0.24616309999999997,39.021671053167616,1.3902167105316763,critica,consumo_pico_excesivo
2025-05-01 10:00:00,Duitama,oficinas,10,3,0.9366,0.81120086,0.12539913999999996,15.458457477473578,1.1545845747747359,moderada,consumo_pico_excesivo
2025-05-01 11:00:00,Tunja,laboratorios,11,3,1.7471,1.500716,0.24638400000000016,16.41776325433994,1.1641776325433995,moderada,consumo_pico_excesivo
2025-05-01 12:00:00,Chiquinquirá,laboratorios,12,3,0.6458,0.52828497,0.11751503000000008,22.244628689701333,1.2224462868970134,moderada,consumo_fuera_patron
2025-05-01 13:00:00,Chiquinquirá,laboratorios,13,3,0.6303,0.54125446,0.08904553999999998,16.45169630565261,1.1645169630565262,moderada,consumo_fuera_patron
2025-05-01 14:00:00,Chiquinquirá,laboratorios,14,3,0.6827,0.5929285,0.0897715,15.140358407463971,1.1514035840746397,moderada,consumo_pico_excesivo
2025-05-01 20:00:00,Duitama,oficinas,20,3,0.8526,0.7298267,0.12277329999999997,16.822253830943698,1.168222538309437,moderada,consumo_fuera_patron
2025-05-01 20:00:00,Tunja,laboratorios,20,3,5.691334601126044,2.4935687,3.1977659011260444,128.2405373922942,2.282405373922942,critica,consumo_fuera_patron
2025-05-01 21:00:00,Duitama,oficinas,21,3,0.9304,0.8043253,0.12607469999999998,15.674590865163632,1.1567459086516363,moderada,consumo_fuera_patron
2025-05-01 23:00:00,Sogamoso,oficinas,23,3,0.9073,0.7838431,0.12345689999999998,15.750205621507668,1.1575020562150766,moderada,consumo_fuera_patron
2025-05-02 00:00:00,Duitama,comedor,0,4,0.5043,0.43605968,0.06824031999999997,15.649307452594554,1.1564930745259456,moderada,consumo_nocturno_alto
2025-05-02 01:00:00,Sogamoso,comedor,1,4,0.5104,0.42603981,0.08436018999999995,19.80101108391724,1.1980101108391723,moderada,consumo_nocturno_alto
2025-05-02 03:00:00,Sogamoso,oficinas,3,4,0.92,0.79943776,0.12056224000000004,15.080878841649916,1.1508087884164993,moderada,consumo_nocturno_alto
2025-05-02 05:00:00,Duitama,comedor,5,4,0.5195,0.44080624,0.07869375999999995,17.852233670739313,1.1785223367073931,moderada,consumo_nocturno_alto
2025-05-02 07:00:00,Chiquinquirá,laboratorios,7,4,2.4271,2.1040716,0.32302839999999966,15.35253838319949,1.153525383831995,moderada,consumo_pico_excesivo
2025-05-02 07:00:00,Sogamoso,comedor,7,4,0.857,0.73726445,0.11973555000000002,16.24051586917015,1.1624051586917015,moderada,consumo_pico_excesivo
2025-05-02 07:00:00,Tunja,comedor,7,4,0.5127,0.4333818,0.07931820000000006,18.302152974582704,1.183021529745827,moderada,consumo_pico_excesivo
2025-05-02 08:00:00,Duitama,comedor,8,4,1.0258,0.7500777,0.2757223000000001,36.759165083830666,1.3675916508383066,critica,consumo_pico_excesivo
2025-05-02 09:00:00,Tunja,salones,9,4,3.7693,3.151469,0.6178309999999998,19.60453997802294,1.1960453997802294,moderada,consumo_pico_excesivo
2025-05-02 10:00:00,Sogamoso,oficinas,10,4,6.9776,6.0192127,0.9583873,15.92213712600653,1.1592213712600654,moderada,consumo_pico_excesivo
2025-05-02 10:00:00,Tunja,comedor,10,4,0.6436,0.48892245,0.15467754999999994,31.636418004532196,1.316364180045322,critica,consumo_pico_excesivo
2025-05-02 10:00:00,Tunja,laboratorios,10,4,4.7628,4.0714173,0.6913827000000001,16.98137648528438,1.1698137648528437,moderada,consumo_pico_excesivo
2025-05-02 11:00:00,Sogamoso,salones,11,4,8.104,6.6539435,1.4500564999999996,21.792437822773813,1.2179243782277382,moderada,consumo_pico_excesivo
2025-05-02 12:00:00,Sogamoso,salones,12,4,1.1929,1.0258291,0.16707090000000013,16.286426267299316,1.162864262672993,moderada,consumo_fuera_patron
2025-05-02 12:00:00,Sogamoso,laboratorios,12,4,5.4627,4.6567216,0.8059783999999999,17.307850226648718,1.1730785022664871,moderada,consumo_fuera_patron
2025-05-02 12:00:00,Sogamoso,oficinas,12,4,3.6139,2.9678538,0.6460462000000002,21.768127527036548,1.2176812752703654,moderada,consumo_fuera_patron
2025-05-02 12:00:00,Tunja,salones,12,4,0.7707,0.60261256,0.1680874400000001,27.893119253936575,1.2789311925393658,moderada,consumo_fuera_patron
2025-05-02 13:00:00,Chiquinquirá,salones,13,4,0.7736,0.5661474,0.2074526,36.64286014560872,1.3664286014560871,critica,consumo_fuera_patron
2025-05-02 13:00:00,Chiquinquirá,laboratorios,13,4,1.1762,0.91045344,0.26574655999999997,29.188374531266525,1.2918837453126653,moderada,consumo_fuera_patron
2025-05-02 13:00:00,Chiquinquirá,oficinas,13,4,1.9304,1.643816,0.28658399999999995,17.434068046545352,1.1743406804654535,moderada,consumo_fuera_patron
2025-05-02 13:00:00,Duitama,salones,13,4,1.7064,1.3627033,0.34369669999999997,25.221682518857918,1.2522168251885792,moderada,consumo_fuera_patron
2025-05-02 13:00:00,Sogamoso,salones,13,4,1.4881,1.1928864,0.2952136000000001,24.74783852008038,1.2474783852008038,moderada,consumo_fuera_patron
2025-05-02 14:00:00,Chiquinquirá,laboratorios,14,4,1.9321,1.6788391,0.2532608999999999,15.085477816188572,1.1508547781618856,moderada,consumo_pico_excesivo
2025-05-02 14:00:00,Duitama,salones,14,4,4.1367,3.4624872,0.6742128000000003,19.47192180233909,1.194719218023391,moderada,consumo_pico_excesivo
2025-05-02 16:00:00,Tunja,comedor,16,4,0.8855,0.6318961,0.2536039,40.13379731256452,1.4013379731256452,critica,consumo_pico_excesivo
2025-05-02 17:00:00,Chiquinquirá,oficinas,17,4,2.2768,1.7967213,0.4800787000000002,26.7197088385383,1.267197088385383,moderada,consumo_pico_excesivo
2025-05-02 17:00:00,Duitama,comedor,17,4,1.3121,1.1288148,0.18328520000000004,16.23695933114981,1.1623695933114981,moderada,consumo_pico_excesivo
2025-05-02 17:00:00,Sogamoso,salones,17,4,3.6875,3.170446,0.5170539999999999,16.30855721876354,1.1630855721876354,moderada,consumo_pico_excesivo
2025-05-02 17:00:00,Tunja,oficinas,17,4,2.5601,2.2074482,0.35265179999999985,15.975541351321395,1.159755413513214,moderada,consumo_pico_excesivo
2025-05-02 18:00:00,Sogamoso,salones,18,4,3.0415,2.510931,0.5305690000000003,21.130369572083037,1.2113036957208303,moderada,consumo_fuera_patron
2025-05-02 18:00:00,Tunja,laboratorios,18,4,3.3391,2.455018,0.8840820000000003,36.011222728305874,1.3601122272830588,critica,consumo_fuera_patron
2025-05-02 20:00:00,Duitama,salones,20,4,3.6847,2.612718,1.0719819999999998,41.029380132107626,1.4102938013210762,critica,consumo_fuera_patron
2025-05-02 20:00:00,Sogamoso,oficinas,20,4,0.9399,0.8022594,0.1376406,17.156620414793522,1.171566204147935,moderada,consumo_fuera_patron
2025-05-02 23:00:00,Duitama,comedor,23,4,0.5232,0.41433823,0.10886177000000002,26.273648463478743,1.2627364846347875,moderada,consumo_fuera_patron
2025-05-03 05:00:00,Tunja,oficinas,5,5,0.5077,0.43615654,0.07154346000000006,16.403161121921976,1.1640316112192197,moderada,consumo_nocturno_alto
2025-05-03 08:00:00,Sogamoso,laboratorios,8,5,8.5588,7.429614,1.1291859999999998,15.198447725548053,1.1519844772554806,moderada,consumo_fin_semana_alto
2025-05-03 08:00:00,Tunja,salones,8,5,2.6775,2.1490712,0.5284288000000004,24.58870604194037,1.2458870604194037,moderada,consumo_fin_semana_alto
2025-05-03 09:00:00,Duitama,salones,9,5,6.2059,5.331524,0.8743759999999998,16.400113738585812,1.164001137385858,moderada,consumo_fin_semana_alto
2025-05-03 09:00:00,Sogamoso,oficinas,9,5,2.6745,2.1479132,0.5265868,24.51620484477678,1.245162048447768,moderada,consumo_fin_semana_alto
2025-05-03 10:00:00,Sogamoso,oficinas,10,5,2.8933,2.4000964,0.4932036000000002,20.54932460212849,1.2054932460212848,moderada,consumo_fin_semana_alto
2025-05-03 10:00:00,Tunja,oficinas,10,5,1.476,1.0867968,0.3892032000000001,35.811956752173,1.3581195675217301,critica,consumo_fin_semana_alto
2025-05-03 12:00:00,Chiquinquirá,salones,12,5,2.6233,2.2734933,0.3498066999999998,15.386308813841667,1.1538630881384166,moderada,consumo_fin_semana_alto
2025-05-03 12:00:00,Sogamoso,salones,12,5,5.8806,4.6377587,1.2428413000000003,26.79831747175635,1.2679831747175636,moderada,consumo_fin_semana_alto
2025-05-03 12:00:00,Sogamoso,oficinas,12,5,2.6873,2.3269794,0.3603206000000001,15.484477430268617,1.1548447743026862,moderada,consumo_fin_semana_alto
2025-05-03 12:00:00,Tunja,comedor,12,5,1.0105,0.8136245,0.19687549999999998,24.197341648389397,1.241973416483894,moderada,consumo_fin_semana_alto
2025-05-03 12:00:00,Tunja,oficinas,12,5,1.5177,1.1082475,0.4094525,36.945943934003914,1.369459439340039,critica,consumo_fin_semana_alto
2025-05-03 13:00:00,Duitama,comedor,13,5,1.6564,1.3085074,0.3478926,26.58697994371296,1.2658697994371297,moderada,consumo_fin_semana_alto
2025-05-03 13:00:00,Sogamoso,comedor,13,5,1.6884,1.4314361,0.2569638999999999,17.95147544483473,1.1795147544483473,moderada,consumo_fin_semana_alto
2025-05-03 20:00:00,Sogamoso,oficinas,20,5,0.9311,0.7801861,0.15091390000000005,19.34332077949095,1.1934332077949095,moderada,consumo_fin_semana_alto
2025-05-03 21:00:00,Sogamoso,oficinas,21,5,0.8712,0.72011846,0.15108153999999996,20.980095413746227,1.2098009541374624,moderada,consumo_fin_semana_alto
2025-05-03 22:00:00,Duitama,oficinas,22,5,0.9123,0.78739226,0.12490774000000004,15.863470641685003,1.15863470641685,moderada,consumo_fin_semana_alto
2025-05-04 03:00:00,Sogamoso,oficinas,3,6,0.932,0.77778465,0.15421535000000008,19.827512666905946,1.1982751266690594,moderada,consumo_nocturno_alto
2025-05-04 03:00:00,Tunja,oficinas,3,6,0.509,0.4400001,0.0689999,15.681791890501842,1.1568179189050185,moderada,consumo_nocturno_alto
2025-05-04 04:00:00,Duitama,oficinas,4,6,0.9535,0.82119703,0.13230297000000002,16.110989831514615,1.1611098983151462,moderada,consumo_nocturno_alto
2025-05-04 05:00:00,Chiquinquirá,laboratorios,5,6,0.7105,0.60883844,0.10166156000000004,16.697625071110824,1.1669762507111083,moderada,consumo_nocturno_alto
2025-05-04 09:00:00,Duitama,oficinas,9,6,0.9059,0.7764572,0.12944280000000008,16.67095108397476,1.1667095108397476,moderada,consumo_fin_semana_alto
2025-05-04 11:00:00,Duitama,oficinas,11,6,0.9566,0.8249896,0.13161040000000002,15.952976861768924,1.1595297686176893,moderada,consumo_fin_semana_alto
2025-05-04 11:00:00,Sogamoso,oficinas,11,6,0.914,0.78463876,0.12936124000000004,16.486725687627267,1.1648672568762726,moderada,consumo_fin_semana_alto
2025-05-04 12:00:00,Chiquinquirá,laboratorios,12,6,0.6922,0.5790643,0.11313570000000006,19.53767483162061,1.195376748316206,moderada,consumo_fin_semana_alto
2025-05-04 12:00:00,Duitama,oficinas,12,6,0.9622,0.8280355,0.13416450000000002,16.20274734597732,1.162027473459773,moderada,consumo_fin_semana_alto
2025-05-04 13:00:00,Chiquinquirá,laboratorios,13,6,0.685,0.5770909,0.10790910000000009,18.698804642388247,1.1869880464238824,moderada,consumo_fin_semana_alto
2025-05-04 13:00:00,Duitama,oficinas,13,6,0.9533,0.7910539,0.16224610000000006,20.510119474791804,1.205101194747918,moderada,consumo_fin_semana_alto
2025-05-04 13:00:00,Sogamoso,oficinas,13,6,0.8914,0.7541091,0.1372909,18.205707900885958,1.1820570790088596,moderada,consumo_fin_semana_alto
2025-05-04 16:00:00,Chiquinquirá,laboratorios,16,6,2.5907718460138924,1.1618189,1.4289529460138923,122.99274405106443,2.2299274405106444,critica,consumo_fin_semana_alto
2025-05-04 17:00:00,Chiquinquirá,laboratorios,17,6,0.7074,0.59971464,0.10768536000000006,17.956099921122497,1.179560999211225,moderada,consumo_fin_semana_alto
2025-05-04 19:00:00,Sogamoso,oficinas,19,6,0.933,0.8051877,0.1278123000000001,15.873603136262526,1.1587360313626254,moderada,consumo_fin_semana_alto
2025-05-04 20:00:00,Sogamoso,oficinas,20,6,0.9324,0.79462093,0.13777907,17.3389681542871,1.173389681542871,moderada,consumo_fin_semana_alto
2025-05-05 00:00:00,Chiquinquirá,laboratorios,0,0,2.466080259001045,1.164615,1.301465259001045,111.75068662184886,2.1175068662184886,critica,consumo_nocturno_alto
2025-05-05 04:00:00,Duitama,comedor,4,0,0.5217,0.44011724,0.08158276000000003,18.536597203054356,1.1853659720305436,moderada,consumo_nocturno_alto
2025-05-05 07:00:00,Chiquinquirá,salones,7,0,4.4761,3.5765135,0.8995864999999998,25.15261021662577,1.2515261021662576,moderada,consumo_pico_excesivo
2025-05-05 07:00:00,Tunja,comedor,7,0,0.5333,0.41041693,0.12288306999999998,29.941033377935938,1.2994103337793594,moderada,consumo_pico_excesivo
2025-05-05 08:00:00,Chiquinquirá,oficinas,8,0,3.3288,2.8199484,0.5088516000000003,18.04471315858121,1.180447131585812,moderada,consumo_pico_excesivo
2025-05-05 08:00:00,Sogamoso,comedor,8,0,0.9425,0.68872213,0.25377786999999996,36.84764274962385,1.3684764274962384,critica,consumo_pico_excesivo
2025-05-05 09:00:00,Tunja,laboratorios,9,0,4.7623,3.9997647,0.7625352999999997,19.064503969445994,1.19064503969446,moderada,consumo_pico_excesivo
2025-05-05 10:00:00,Sogamoso,comedor,10,0,0.9659,0.7923309,0.17356910000000003,21.906137953221318,1.2190613795322132,moderada,consumo_pico_excesivo
2025-05-05 11:00:00,Sogamoso,comedor,11,0,0.5101,0.43899828,0.07110171999999998,16.196355028999196,1.1619635502899919,moderada,consumo_pico_excesivo
2025-05-05 11:00:00,Tunja,salones,11,0,3.5887,3.1131222,0.47557779999999994,15.276554193728725,1.1527655419372873,moderada,consumo_pico_excesivo
2025-05-05 12:00:00,Chiquinquirá,laboratorios,12,0,1.1845,0.9813922,0.20310780000000006,20.695884886796538,1.2069588488679655,moderada,consumo_fuera_patron
2025-05-05 12:00:00,Duitama,oficinas,12,0,4.5344,3.734578,0.7998219999999998,21.41666340882423,1.2141666340882422,moderada,consumo_fuera_patron
2025-05-05 13:00:00,Tunja,salones,13,0,0.708,0.5626909,0.14530909999999997,25.82396480909856,1.2582396480909857,moderada,consumo_fuera_patron
2025-05-05 13:00:00,Tunja,oficinas,13,0,2.3254,2.0046096,0.3207903999999999,16.002637121961296,1.160026371219613,moderada,consumo_fuera_patron
2025-05-05 14:00:00,Sogamoso,salones,14,0,7.3317,6.2223063,1.1093937,17.829300688717304,1.178293006887173,moderada,consumo_pico_excesivo
2025-05-05 16:00:00,Chiquinquirá,laboratorios,16,0,2.2153,1.9013702,0.31392980000000015,16.510714220723568,1.1651071422072357,moderada,consumo_pico_excesivo
2025-05-05 17:00:00,Chiquinquirá,laboratorios,17,0,2.1285,1.787751,0.34074899999999975,19.060204692935407,1.1906020469293541,moderada,consumo_pico_excesivo
2025-05-05 17:00:00,Tunja,laboratorios,17,0,4.2358,3.677613,0.5581870000000002,15.17797005829597,1.1517797005829598,moderada,consumo_pico_excesivo
2025-05-05 18:00:00,Duitama,laboratorios,18,0,6.9837,5.737205,1.2464949999999995,21.726520143519352,1.2172652014351935,moderada,consumo_fuera_patron
2025-05-05 18:00:00,Sogamoso,comedor,18,0,0.509,0.44123647,0.06776353000000002,15.357644847444277,1.1535764484744429,moderada,consumo_fuera_patron
2025-05-05 18:00:00,Sogamoso,oficinas,18,0,2.3728,1.8482385,0.5245614999999999,28.381699656186143,1.2838169965618613,moderada,consumo_fuera_patron
2025-05-05 18:00:00,Tunja,salones,18,0,1.1111,0.82176733,0.28933266999999996,35.20858756942795,1.3520858756942795,critica,consumo_fuera_patron
2025-05-05 18:00:00,Tunja,laboratorios,18,0,3.0165,2.340029,0.6764710000000003,28.908658824313726,1.2890865882431373,moderada,consumo_fuera_patron
2025-05-05 19:00:00,Chiquinquirá,oficinas,19,0,1.2443,0.9896364,0.2546636,25.733047005950873,1.2573304700595087,moderada,consumo_fuera_patron
2025-05-05 19:00:00,Duitama,salones,19,0,3.4105,2.7221406,0.6883594,25.287430046780095,1.252874300467801,moderada,consumo_fuera_patron
2025-05-05 19:00:00,Sogamoso,salones,19,0,2.8879,2.5059571,0.3819429000000003,15.241398186744712,1.152413981867447,moderada,consumo_fuera_patron
2025-05-05 19:00:00,Tunja,laboratorios,19,0,2.9623,2.4955232,0.4667767999999999,18.7045666415764,1.187045666415764,moderada,consumo_fuera_patron
2025-05-05 20:00:00,Tunja,salones,20,0,1.5907,1.30935,0.28135,21.487761102837286,1.2148776110283728,moderada,consumo_fuera_patron
2025-05-05 21:00:00,Duitama,oficinas,21,0,0.9607,0.8158051,0.14489490000000005,17.76097011406279,1.177609701140628,moderada,consumo_fuera_patron
2025-05-05 22:00:00,Sogamoso,comedor,22,0,0.5062,0.4255653,0.0806347,18.94766796071014,1.1894766796071015,moderada,consumo_fuera_patron
2025-05-05 23:00:00,Duitama,comedor,23,0,0.5001,0.43295774,0.06714226000000001,15.507809145530002,1.1550780914553,moderada,consumo_fuera_patron
2025-05-06 07:00:00,Tunja,comedor,7,1,0.5978,0.38268968,0.21511032000000002,56.210117816607976,1.5621011781660796,critica,consumo_pico_excesivo
2025-05-06 09:00:00,Duitama,comedor,9,1,1.0517,0.7777271,0.2739729000000001,35.22738245844848,1.3522738245844848,critica,consumo_pico_excesivo
2025-05-06 09:00:00,Tunja,salones,9,1,3.7955,3.1585834,0.6369166000000002,20.164628231757316,1.201646282317573,moderada,consumo_pico_excesivo
2025-05-06 10:00:00,Duitama,comedor,10,1,0.9373,0.80225575,0.13504424999999998,16.833067260658456,1.1683306726065845,moderada,consumo_pico_excesivo
2025-05-06 10:00:00,Sogamoso,laboratorios,10,1,11.2736,9.569359,1.7042409999999997,17.8093537926626,1.178093537926626,moderada,consumo_pico_excesivo
2025-05-06 10:00:00,Tunja,comedor,10,1,0.5755,0.40612185,0.16937815,41.70623914965422,1.4170623914965423,critica,consumo_pico_excesivo
2025-05-06 12:00:00,Chiquinquirá,salones,12,1,0.8627,0.74108976,0.12161023999999998,16.409650566484682,1.164096505664847,moderada,consumo_fuera_patron
2025-05-06 12:00:00,Chiquinquirá,oficinas,12,1,2.0777,1.7984058,0.27929420000000005,15.530098935401568,1.1553009893540156,moderada,consumo_fuera_patron
2025-05-06 12:00:00,Tunja,salones,12,1,0.8359,0.57935125,0.25654875,44.282074130331125,1.4428207413033112,critica,consumo_fuera_patron
2025-05-06 13:00:00,Chiquinquirá,comedor,13,1,1.1067,0.938164,0.16853600000000002,17.96444971241702,1.1796444971241702,moderada,consumo_fuera_patron
2025-05-06 15:00:00,Tunja,salones,15,1,3.402,2.8646567,0.5373433000000003,18.757685694065902,1.187576856940659,moderada,consumo_pico_excesivo
2025-05-06 16:00:00,Sogamoso,comedor,16,1,1.381,1.0424837,0.3385163,32.47209524714871,1.3247209524714871,critica,consumo_pico_excesivo
2025-05-06 16:00:00,Tunja,oficinas,16,1,3.595,3.0459766,0.5490234000000003,18.024544246334667,1.1802454424633466,moderada,consumo_pico_excesivo
2025-05-06 19:00:00,Duitama,salones,19,1,3.3223,2.8185587,0.5037412999999997,17.872301187128006,1.1787230118712801,moderada,consumo_fuera_patron
2025-05-06 19:00:00,Duitama,oficinas,19,1,2.5548,2.021455,0.5333450000000002,26.384213351274216,1.263842133512742,moderada,consumo_fuera_patron
2025-05-06 20:00:00,Duitama,comedor,20,1,0.5059,0.41680142,0.08909858000000004,21.376745789397752,1.2137674578939774,moderada,consumo_fuera_patron
2025-05-06 20:00:00,Tunja,salones,20,1,1.2006,0.7914766,0.4091233999999999,51.69115549341572,1.5169115549341572,critica,consumo_fuera_patron
2025-05-06 22:00:00,Duitama,comedor,22,1,0.5105,0.42714486,0.08335513999999994,19.514489768178397,1.195144897681784,moderada,consumo_fuera_patron
2025-05-06 23:00:00,Sogamoso,comedor,23,1,0.5031,0.42264542,0.08045458,19.035952170024697,1.190359521700247,moderada,consumo_fuera_patron
2025-05-07 04:00:00,Duitama,comedor,4,2,0.518,0.4288483,0.0891517,20.788633183342455,1.2078863318334245,moderada,consumo_nocturno_alto
2025-05-07 07:00:00,Duitama,laboratorios,7,2,10.593,8.867694,1.7253059999999998,19.456084073266393,1.194560840732664,moderada,consumo_pico_excesivo
2025-05-07 08:00:00,Tunja,salones,8,2,3.7288,3.0855336,0.6432663999999999,20.84781705180588,1.2084781705180587,moderada,consumo_pico_excesivo
2025-05-07 08:00:00,Tunja,oficinas,8,2,3.9834,3.3636906,0.6197094000000001,18.423495906549793,1.184234959065498,moderada,consumo_pico_excesivo
2025-05-07 09:00:00,Duitama,comedor,9,2,1.0287,0.78540033,0.24329966999999997,30.977790651042884,1.309777906510429,critica,consumo_pico_excesivo
2025-05-07 09:00:00,Tunja,comedor,9,2,0.5983,0.4948565,0.10344350000000008,20.903736739842778,1.2090373673984278,moderada,consumo_pico_excesivo
2025-05-07 10:00:00,Sogamoso,comedor,10,2,0.8822,0.7628749,0.11932509999999996,15.641502951532416,1.1564150295153242,moderada,consumo_pico_excesivo
2025-05-07 11:00:00,Chiquinquirá,laboratorios,11,2,2.2508,1.9292114,0.3215885999999999,16.669432909218756,1.1666943290921876,moderada,consumo_pico_excesivo
2025-05-07 11:00:00,Duitama,salones,11,2,8.5091,7.2708,1.2382999999999997,17.03113825163668,1.1703113825163667,moderada,consumo_pico_excesivo
2025-05-07 11:00:00,Tunja,oficinas,11,2,3.9326,3.1774282,0.7551717999999998,23.766762062475554,1.2376676206247554,moderada,consumo_pico_excesivo
2025-05-07 12:00:00,Chiquinquirá,laboratorios,12,2,1.2154,1.0456215,0.16977850000000005,16.23708961608001,1.1623708961608001,moderada,consumo_fuera_patron
2025-05-07 12:00:00,Duitama,salones,12,2,1.6246,1.3487672,0.2758328000000001,20.45073456709209,1.204507345670921,moderada,consumo_fuera_patron
2025-05-07 12:00:00,Tunja,comedor,12,2,1.9305,1.5468209,0.38367910000000016,24.80436487508025,1.2480436487508024,moderada,consumo_fuera_patron
2025-05-07 13:00:00,Chiquinquirá,comedor,13,2,0.8915,0.65178514,0.23971485999999997,36.778202706493126,1.3677820270649312,critica,consumo_fuera_patron
2025-05-07 13:00:00,Chiquinquirá,oficinas,13,2,1.8777,1.4820598,0.3956401999999999,26.695292592107272,1.2669529259210728,moderada,consumo_fuera_patron
2025-05-07 13:00:00,Duitama,salones,13,2,1.6474,1.2393706,0.4080294,32.922307500274734,1.3292230750027474,critica,consumo_fuera_patron
2025-05-07 13:00:00,Sogamoso,comedor,13,2,3.0939,2.640391,0.45350899999999994,17.175827367992085,1.1717582736799208,moderada,consumo_fuera_patron
2025-05-07 14:00:00,Chiquinquirá,laboratorios,14,2,2.2865,1.9753405,0.31115950000000026,15.7521956341198,1.157521956341198,moderada,consumo_pico_excesivo
2025-05-07 15:00:00,Tunja,laboratorios,15,2,4.3075,3.5572288,0.7502712000000002,21.091451862753395,1.2109145186275339,moderada,consumo_pico_excesivo
2025-05-07 16:00:00,Duitama,comedor,16,2,1.2436,1.0688983,0.17470169999999996,16.344089984987342,1.1634408998498733,moderada,consumo_pico_excesivo
2025-05-07 16:00:00,Sogamoso,comedor,16,2,1.3328,1.103533,0.2292669999999999,20.77572668873517,1.2077572668873517,moderada,consumo_pico_excesivo
2025-05-07 16:00:00,Tunja,comedor,16,2,0.7032,0.5903851,0.11281490000000005,19.108697018268252,1.1910869701826825,moderada,consumo_pico_excesivo
2025-05-07 16:00:00,Tunja,salones,16,2,3.3842,2.895493,0.4887069999999998,16.87819656272696,1.1687819656272695,moderada,consumo_pico_excesivo
2025-05-07 17:00:00,Duitama,comedor,17,2,1.3253,1.1444578,0.18084219999999984,15.801561228382543,1.1580156122838254,moderada,consumo_pico_excesivo
2025-05-07 17:00:00,Sogamoso,comedor,17,2,1.4572,1.0644066,0.39279339999999996,36.90257087845941,1.369025708784594,critica,consumo_pico_excesivo
2025-05-07 17:00:00,Tunja,comedor,17,2,0.7761,0.6316973,0.1444027,22.8594771578096,1.228594771578096,moderada,consumo_pico_excesivo
2025-05-07 18:00:00,Tunja,salones,18,2,1.0327,0.81056225,0.2221377499999999,27.40539051750805,1.2740539051750805,moderada,consumo_fuera_patron
2025-05-07 18:00:00,Tunja,laboratorios,18,2,2.9884,2.335439,0.6529609999999999,27.958812026347076,1.2795881202634707,moderada,consumo_fuera_patron
2025-05-07 18:00:00,Tunja,oficinas,18,2,0.95,0.79022354,0.15977646,20.21914710361577,1.2021914710361576,moderada,consumo_fuera_patron
2025-05-07 19:00:00,Chiquinquirá,laboratorios,19,2,4.871715510883057,1.8851157,2.9865998108830567,158.43058390968028,2.584305839096803,critica,consumo_fuera_patron
2025-05-07 19:00:00,Duitama,laboratorios,19,2,6.7311,5.8277407,0.9033593,15.501020832996225,1.1550102083299623,moderada,consumo_fuera_patron
2025-05-07 19:00:00,Duitama,oficinas,19,2,2.4507,2.1282616,0.3224383999999998,15.150317987224868,1.1515031798722486,moderada,consumo_fuera_patron
2025-05-07 19:00:00,Sogamoso,comedor,19,2,0.5073,0.41746178,0.08983821999999997,21.52010658317031,1.2152010658317032,moderada,consumo_fuera_patron
2025-05-07 20:00:00,Chiquinquirá,salones,20,2,1.7186,1.2679886,0.4506113999999999,35.53749615729983,1.3553749615729982,critica,consumo_fuera_patron
2025-05-07 20:00:00,Chiquinquirá,laboratorios,20,2,1.3959,1.1960167,0.19988329999999999,16.712417142670333,1.1671241714267033,moderada,consumo_fuera_patron
2025-05-07 20:00:00,Duitama,oficinas,20,2,0.9551,0.7636572,0.1914427999999999,25.069206444986037,1.2506920644498603,moderada,consumo_fuera_patron
2025-05-07 20:00:00,Tunja,salones,20,2,1.234,0.8407183,0.39328169999999996,46.77924817385323,1.4677924817385324,critica,consumo_fuera_patron
2025-05-07 20:00:00,Tunja,laboratorios,20,2,2.7632,2.250356,0.5128439999999999,22.789460867524955,1.2278946086752496,moderada,consumo_fuera_patron
2025-05-08 00:00:00,Tunja,laboratorios,0,3,6.294644200483937,3.1223466,3.1722976004839367,101.59979037829869,2.015997903782987,critica,consumo_nocturno_alto
2025-05-08 01:00:00,Duitama,comedor,1,3,0.5024,0.43374532,0.06865467999999997,15.828339081560575,1.1582833908156058,moderada,consumo_nocturno_alto
2025-05-08 03:00:00,Duitama,comedor,3,3,0.5187,0.440345,0.07835500000000006,17.794002429912926,1.1779400242991291,moderada,consumo_nocturno_alto
2025-05-08 03:00:00,Sogamoso,comedor,3,3,0.5076,0.42601532,0.08158468000000008,19.150644629399732,1.1915064462939973,moderada,consumo_nocturno_alto
2025-05-08 07:00:00,Tunja,comedor,7,3,0.5135,0.36635786,0.14714213999999998,40.163500245361185,1.401635002453612,critica,consumo_pico_excesivo
2025-05-08 08:00:00,Sogamoso,oficinas,8,3,7.0272,5.9287,1.0984999999999996,18.528513839458896,1.185285138394589,moderada,consumo_pico_excesivo
2025-05-08 09:00:00,Duitama,comedor,9,3,0.9918,0.8330234,0.15877660000000005,19.060280899672215,1.1906028089967222,moderada,consumo_pico_excesivo
2025-05-08 09:00:00,Tunja,comedor,9,3,0.5516,0.40525165,0.14634834999999996,36.112955986730704,1.361129559867307,critica,consumo_pico_excesivo
2025-05-08 10:00:00,Tunja,comedor,10,3,0.688,0.5422527,0.1457472999999999,26.87811420763786,1.2687811420763786,moderada,consumo_pico_excesivo
2025-05-08 11:00:00,Tunja,salones,11,3,3.7533,3.136793,0.6165069999999999,19.65405431598451,1.196540543159845,moderada,consumo_pico_excesivo
2025-05-08 12:00:00,Chiquinquirá,comedor,12,3,0.891,0.72157776,0.16942224000000006,23.47941544096371,1.234794154409637,moderada,consumo_fuera_patron
2025-05-08 12:00:00,Chiquinquirá,oficinas,12,3,2.1271,1.3526578,0.7744422,57.25337184319641,1.572533718431964,critica,consumo_fuera_patron
2025-05-08 12:00:00,Tunja,comedor,12,3,1.6852,1.3346807,0.3505193,26.26240867946918,1.2626240867946918,moderada,consumo_fuera_patron
2025-05-08 12:00:00,Tunja,oficinas,12,3,2.3105,1.5947256,0.7157744000000001,44.883859643314196,1.4488385964331418,critica,consumo_fuera_patron
2025-05-08 13:00:00,Chiquinquirá,salones,13,3,0.8343,0.6943799,0.1399201,20.150367255734214,1.2015036725573423,moderada,consumo_fuera_patron
2025-05-08 13:00:00,Chiquinquirá,oficinas,13,3,2.0477,1.7556276,0.2920723999999999,16.636352720816188,1.1663635272081618,moderada,consumo_fuera_patron
2025-05-08 13:00:00,Duitama,salones,13,3,1.7802,1.4289063,0.35129370000000004,24.58479607795137,1.2458479607795137,moderada,consumo_fuera_patron
2025-05-08 13:00:00,Sogamoso,salones,13,3,1.414,1.160142,0.2538579999999999,21.88163173128806,1.2188163173128805,moderada,consumo_fuera_patron
2025-05-08 15:00:00,Tunja,salones,15,3,3.3767,2.8737032,0.5029968,17.503435984620822,1.1750343598462083,moderada,consumo_pico_excesivo
2025-05-08 16:00:00,Sogamoso,oficinas,16,3,6.5889,5.544675,1.044225,18.832934301830136,1.1883293430183013,moderada,consumo_pico_excesivo
2025-05-08 16:00:00,Tunja,salones,16,3,3.517,3.0041468,0.5128531999999999,17.07150928842758,1.1707150928842758,moderada,consumo_pico_excesivo
2025-05-08 17:00:00,Sogamoso,oficinas,17,3,6.9115,5.730657,1.1808430000000003,20.60571763412119,1.2060571763412118,moderada,consumo_pico_excesivo
2025-05-08 17:00:00,Tunja,comedor,17,3,0.7679,0.60987335,0.15802665000000005,25.91138799555679,1.259113879955568,moderada,consumo_pico_excesivo
2025-05-08 18:00:00,Sogamoso,salones,18,3,3.202,2.592958,0.6090420000000001,23.48830949055095,1.2348830949055094,moderada,consumo_fuera_patron
2025-05-08 19:00:00,Chiquinquirá,oficinas,19,3,1.1955,0.95566297,0.23983703,25.096402971436678,1.2509640297143667,moderada,consumo_fuera_patron
2025-05-08 19:00:00,Duitama,laboratorios,19,3,6.5129,5.5827456,0.9301544000000002,16.661235647205565,1.1666123564720556,moderada,consumo_fuera_patron
2025-05-08 19:00:00,Tunja,oficinas,19,3,1.1916,1.0224447,0.1691552999999999,16.544200385605194,1.165442003856052,moderada,consumo_fuera_patron
2025-05-08 20:00:00,Duitama,salones,20,3,3.3907,2.8831186,0.5075813999999998,17.60529032693972,1.1760529032693972,moderada,consumo_fuera_patron
2025-05-08 20:00:00,Tunja,salones,20,3,1.5398,1.1888527,0.3509473000000001,29.519830337265507,1.295198303372655,moderada,consumo_fuera_patron
2025-05-08 23:00:00,Sogamoso,comedor,23,3,0.5022,0.42691287,0.07528712999999998,17.635244868584067,1.1763524486858408,moderada,consumo_fuera_patron
2025-05-09 00:00:00,Duitama,oficinas,0,4,0.9187,0.78718394,0.13151605999999993,16.707157414822248,1.1670715741482225,moderada,consumo_nocturno_alto
2025-05-09 01:00:00,Sogamoso,comedor,1,4,0.5035,0.43280125,0.07069874999999992,16.335153837933674,1.1633515383793367,moderada,consumo_nocturno_alto
2025-05-09 02:00:00,Duitama,comedor,2,4,0.5232,0.43815538,0.08504462000000002,19.409694341765245,1.1940969434176525,moderada,consumo_nocturno_alto
2025-05-09 03:00:00,Sogamoso,oficinas,3,4,0.9313,0.80576295,0.12553705000000004,15.579898529710261,1.1557989852971027,moderada,consumo_nocturno_alto
2025-05-09 06:00:00,Chiquinquirá,laboratorios,6,4,0.6923,0.5875316,0.10476839999999998,17.831960017129287,1.1783196001712928,moderada,consumo_nocturno_alto
2025-05-09 07:00:00,Duitama,comedor,7,4,0.8747,0.74856585,0.12613415000000006,16.850107442117494,1.168501074421175,moderada,consumo_pico_excesivo
2025-05-09 07:00:00,Sogamoso,comedor,7,4,0.8939,0.711994,0.181906,25.548810804585433,1.2554881080458544,moderada,consumo_pico_excesivo
2025-05-09 08:00:00,Chiquinquirá,oficinas,8,4,3.4409,2.922428,0.518472,17.74113853275427,1.1774113853275427,moderada,consumo_pico_excesivo
2025-05-09 08:00:00,Duitama,comedor,8,4,0.9115,0.71964055,0.19185944999999993,26.660455695555218,1.2666045569555522,moderada,consumo_pico_excesivo
2025-05-09 08:00:00,Tunja,comedor,8,4,0.522,0.4293004,0.0926996,21.593178110246342,1.2159317811024635,moderada,consumo_pico_excesivo
2025-05-09 09:00:00,Duitama,comedor,9,4,1.1245,0.82685053,0.2976494700000001,35.99797777235507,1.3599797777235507,critica,consumo_pico_excesivo
2025-05-09 09:00:00,Tunja,comedor,9,4,0.6507,0.518832,0.13186799999999999,25.41631973355537,1.2541631973355536,moderada,consumo_pico_excesivo
2025-05-09 10:00:00,Chiquinquirá,oficinas,10,4,3.3477,2.9082875,0.4394125,15.108977362107426,1.1510897736210743,moderada,consumo_pico_excesivo
2025-05-09 10:00:00,Sogamoso,comedor,10,4,0.9697,0.8379816,0.1317184,15.71853128994718,1.1571853128994718,moderada,consumo_pico_excesivo
2025-05-09 10:00:00,Tunja,oficinas,10,4,3.8465,3.21306,0.6334399999999998,19.71454003348832,1.1971454003348831,moderada,consumo_pico_excesivo
2025-05-09 11:00:00,Chiquinquirá,salones,11,4,4.4576,3.4614823,0.9961177000000001,28.77720044964552,1.2877720044964551,moderada,consumo_pico_excesivo
2025-05-09 11:00:00,Tunja,salones,11,4,3.7339,3.18862,0.5452800000000004,17.100814772534843,1.1710081477253484,moderada,consumo_pico_excesivo
2025-05-09 11:00:00,Tunja,laboratorios,11,4,4.8318,4.1252217,0.7065783000000003,17.128250343490638,1.1712825034349064,moderada,consumo_pico_excesivo
2025-05-09 12:00:00,Duitama,salones,12,4,1.6897,1.4627562,0.22694379999999992,15.514806910406525,1.1551480691040652,moderada,consumo_fuera_patron
2025-05-09 13:00:00,Duitama,oficinas,13,4,4.6853,3.749398,0.935902,24.961393802418417,1.2496139380241842,moderada,consumo_fuera_patron
2025-05-09 13:00:00,Sogamoso,salones,13,4,1.5072,1.264577,0.24262300000000003,19.186099383430193,1.1918609938343019,moderada,consumo_fuera_patron
2025-05-09 13:00:00,Tunja,comedor,13,4,1.8253,1.4670446,0.3582554,24.420211900851548,1.2442021190085155,moderada,consumo_fuera_patron
2025-05-09 14:00:00,Chiquinquirá,oficinas,14,4,2.2566,1.957546,0.29905400000000015,15.276984551065475,1.1527698455106548,moderada,consumo_pico_excesivo
2025-05-09 14:00:00,Duitama,salones,14,4,4.5292,3.6399255,0.8892745000000004,24.431118164369035,1.2443111816436903,moderada,consumo_pico_excesivo
2025-05-09 14:00:00,Sogamoso,salones,14,4,3.8932,3.3482542,0.5449458000000003,16.275520538434634,1.1627552053843464,moderada,consumo_pico_excesivo
2025-05-09 15:00:00,Duitama,salones,15,4,3.8767,3.0636103,0.8130896999999999,26.540245670279926,1.2654024567027993,moderada,consumo_pico_excesivo
2025-05-09 15:00:00,Sogamoso,oficinas,15,4,4.6944,3.6929615,1.0014385,27.11749093512077,1.2711749093512077,moderada,consumo_pico_excesivo
2025-05-09 16:00:00,Duitama,salones,16,4,3.3835,2.8927069,0.4907931000000003,16.966568579761756,1.1696656857976175,moderada,consumo_pico_excesivo
2025-05-09 17:00:00,Chiquinquirá,oficinas,17,4,2.0604,1.7532529,0.3071471000000001,17.518699099257166,1.1751869909925716,moderada,consumo_pico_excesivo
2025-05-09 17:00:00,Duitama,salones,17,4,3.8399,3.0618625,0.7780374999999999,25.41059567501806,1.2541059567501807,moderada,consumo_pico_excesivo
2025-05-09 17:00:00,Tunja,laboratorios,17,4,4.5402,3.8792918,0.6609081999999997,17.03682615471205,1.1703682615471205,moderada,consumo_pico_excesivo
2025-05-09 18:00:00,Sogamoso,salones,18,4,3.3354,2.7095995,0.6258005,23.095682590729737,1.2309568259072974,moderada,consumo_fuera_patron
2025-05-09 18:00:00,Tunja,oficinas,18,4,1.217,1.0181158,0.19888420000000018,19.534536248234257,1.1953453624823425,moderada,consumo_fuera_patron
2025-05-09 19:00:00,Chiquinquirá,salones,19,4,1.6076,1.3584827,0.24911729999999999,18.33790743157789,1.1833790743157788,moderada,consumo_fuera_patron
2025-05-09 19:00:00,Tunja,salones,19,4,1.6109,1.3390808,0.2718191999999999,20.298939391857456,1.2029893939185745,moderada,consumo_fuera_patron
2025-05-09 20:00:00,Sogamoso,laboratorios,20,4,7.3882,6.261723,1.1264770000000004,17.989888725515332,1.1798988872551532,moderada,consumo_fuera_patron
2025-05-09 21:00:00,Duitama,oficinas,21,4,0.9628,0.8186344,0.1441656,17.610498654832977,1.1761049865483297,moderada,consumo_fuera_patron
2025-05-10 00:00:00,Duitama,comedor,0,5,0.5151,0.42880288,0.08629712,20.125126025272966,1.2012512602527297,moderada,consumo_nocturno_alto
2025-05-10 00:00:00,Tunja,oficinas,0,5,0.5125,0.44285846,0.06964153999999995,15.72546226168965,1.1572546226168965,moderada,consumo_nocturno_alto
2025-05-10 01:00:00,Duitama,oficinas,1,5,0.9041,0.7860008,0.11809919999999996,15.025328218495446,1.1502532821849545,moderada,consumo_nocturno_alto
2025-05-10 03:00:00,Duitama,comedor,3,5,0.5047,0.42826492,0.07643508000000004,17.847616377264814,1.1784761637726482,moderada,consumo_nocturno_alto
2025-05-10 07:00:00,Duitama,comedor,7,5,0.5141,0.4101598,0.10394019999999998,25.341391330891028,1.2534139133089104,moderada,consumo_fin_semana_alto
2025-05-10 07:00:00,Duitama,laboratorios,7,5,6.9474,5.902492,1.0449080000000004,17.702827890321586,1.1770282789032158,moderada,consumo_fin_semana_alto
2025-05-10 07:00:00,Sogamoso,salones,7,5,5.6641,4.8499303,0.8141697000000008,16.787245375464487,1.1678724537546448,moderada,consumo_fin_semana_alto
2025-05-10 08:00:00,Duitama,salones,8,5,6.31,5.1237345,1.1862654999999993,23.152360841491674,1.2315236084149168,moderada,consumo_fin_semana_alto
2025-05-10 08:00:00,Sogamoso,oficinas,8,5,2.5943,2.198771,0.39552900000000024,17.988640017537083,1.1798864001753708,moderada,consumo_fin_semana_alto
2025-05-10 08:00:00,Tunja,salones,8,5,2.6541,2.2818341,0.3722658999999999,16.3143280223571,1.163143280223571,moderada,consumo_fin_semana_alto
2025-05-10 09:00:00,Duitama,salones,9,5,6.1022,5.2595143,0.8426856999999996,16.02212014139784,1.1602212014139783,moderada,consumo_fin_semana_alto
2025-05-10 09:00:00,Duitama,oficinas,9,5,3.1751,2.4492142,0.7258857999999999,29.637497610458073,1.2963749761045809,moderada,consumo_fin_semana_alto
2025-05-10 09:00:00,Sogamoso,oficinas,9,5,2.7905,2.2151687,0.5753313000000002,25.97234693682699,1.25972346936827,moderada,consumo_fin_semana_alto
2025-05-10 10:00:00,Duitama,laboratorios,10,5,7.9907,6.468781,1.5219190000000005,23.527137493138206,1.235271374931382,moderada,consumo_fin_semana_alto
2025-05-10 10:00:00,Sogamoso,oficinas,10,5,2.9139,2.2289455,0.6849544999999999,30.729979714622896,1.307299797146229,critica,consumo_fin_semana_alto
2025-05-10 11:00:00,Duitama,comedor,11,5,0.5125,0.40988928,0.10261071999999993,25.033765215816313,1.250337652158163,moderada,consumo_fin_semana_alto
2025-05-10 12:00:00,Chiquinquirá,salones,12,5,2.9329,1.8958712,1.0370288,54.69932767584634,1.5469932767584633,critica,consumo_fin_semana_alto
2025-05-10 12:00:00,Tunja,comedor,12,5,1.0238,0.8181059,0.2056941,25.14272296532759,1.251427229653276,moderada,consumo_fin_semana_alto
2025-05-10 12:00:00,Tunja,salones,12,5,2.4892,2.1528971,0.33630289999999974,15.620946305329674,1.1562094630532969,moderada,consumo_fin_semana_alto
2025-05-10 13:00:00,Chiquinquirá,laboratorios,13,5,0.6784,0.58015704,0.09824295999999999,16.933856391710766,1.1693385639171077,moderada,consumo_fin_semana_alto
2025-05-10 13:00:00,Sogamoso,laboratorios,13,5,3.4754,2.9111404,0.5642596000000002,19.38276834741465,1.1938276834741466,moderada,consumo_fin_semana_alto
2025-05-10 13:00:00,Sogamoso,oficinas,13,5,0.9298,0.688085,0.241715,35.12865416336645,1.3512865416336646,critica,consumo_fin_semana_alto
2025-05-10 14:00:00,Duitama,oficinas,14,5,0.832,0.70991826,0.12208173999999994,17.19659105542657,1.1719659105542657,moderada,consumo_fin_semana_alto
2025-05-10 14:00:00,Sogamoso,comedor,14,5,0.5006,0.39131448,0.10928552000000002,27.927798633978483,1.279277986339785,moderada,consumo_fin_semana_alto
2025-05-10 16:00:00,Duitama,comedor,16,5,0.505,0.4343979,0.0706021,16.2528640216723,1.162528640216723,moderada,consumo_fin_semana_alto
2025-05-10 16:00:00,Sogamoso,oficinas,16,5,0.9283,0.7887356,0.13956440000000003,17.694700226539798,1.176947002265398,moderada,consumo_fin_semana_alto
2025-05-10 17:00:00,Sogamoso,comedor,17,5,0.5094,0.4112856,0.09811439999999999,23.85553980008053,1.2385553980008053,moderada,consumo_fin_semana_alto
2025-05-10 21:00:00,Duitama,oficinas,21,5,0.9361,0.80155283,0.13454717000000005,16.785814354869167,1.1678581435486917,moderada,consumo_fin_semana_alto
2025-05-10 21:00:00,Sogamoso,comedor,21,5,0.5082,0.42482093,0.08337907,19.626874316197178,1.1962687431619718,moderada,consumo_fin_semana_alto
2025-05-11 05:00:00,Chiquinquirá,laboratorios,5,6,0.6983,0.6017465,0.09655350000000007,16.045544095395663,1.1604554409539567,moderada,consumo_nocturno_alto
2025-05-11 09:00:00,Tunja,laboratorios,9,6,1.7225,1.4690506,0.2534493999999998,17.25259837884412,1.1725259837884412,moderada,consumo_fin_semana_alto
2025-05-11 11:00:00,Sogamoso,oficinas,11,6,0.9216,0.78749615,0.13410385000000002,17.029143571051115,1.1702914357105112,moderada,consumo_fin_semana_alto
2025-05-11 12:00:00,Tunja,oficinas,12,6,0.5117,0.43620035,0.07549965000000003,17.308479922127535,1.1730847992212754,moderada,consumo_fin_semana_alto
2025-05-11 15:00:00,Sogamoso,oficinas,15,6,0.8484,0.6706653,0.17773470000000002,26.501251816666226,1.2650125181666623,moderada,consumo_fin_semana_alto
2025-05-11 17:00:00,Tunja,oficinas,17,6,0.5053,0.41484013,0.09045987,21.805959322209258,1.2180595932220926,moderada,consumo_fin_semana_alto
2025-05-11 18:00:00,Chiquinquirá,laboratorios,18,6,0.7049,0.60367596,0.10122403999999996,16.76794285464009,1.167679428546401,moderada,consumo_fin_semana_alto
2025-05-11 20:00:00,Duitama,oficinas,20,6,0.9539,0.79248196,0.16141803999999993,20.368670600400787,1.203686706004008,moderada,consumo_fin_semana_alto
2025-05-11 22:00:00,Sogamoso,oficinas,22,6,0.9276,0.78497285,0.14262714999999992,18.169692111007397,1.1816969211100739,moderada,consumo_fin_semana_alto
2025-05-11 22:00:00,Tunja,oficinas,22,6,0.5008,0.42918447,0.07161553000000004,16.68642157531936,1.1668642157531937,moderada,consumo_fin_semana_alto
2025-05-11 23:00:00,Sogamoso,oficinas,23,6,0.93,0.7925548,0.13744520000000005,17.342043729973,1.17342043729973,moderada,consumo_fin_semana_alto
2025-05-12 00:00:00,Duitama,comedor,0,0,0.5102,0.44242433,0.06777567000000001,15.3191552553179,1.153191552553179,moderada,consumo_nocturno_alto
2025-05-12 07:00:00,Duitama,comedor,7,0,0.9466,0.7080546,0.23854540000000002,33.690254960563784,1.3369025496056377,critica,consumo_pico_excesivo
2025-05-12 07:00:00,Sogamoso,comedor,7,0,0.895,0.6889897,0.20601029999999998,29.900345389778682,1.2990034538977868,moderada,consumo_pico_excesivo
2025-05-12 07:00:00,Tunja,salones,7,0,3.6585,2.9636226,0.6948774000000002,23.44689232697848,1.2344689232697847,moderada,consumo_pico_excesivo
2025-05-12 08:00:00,Sogamoso,comedor,8,0,0.8785,0.71688867,0.16161132999999994,22.54343481254906,1.2254343481254906,moderada,consumo_pico_excesivo
2025-05-12 08:00:00,Tunja,comedor,8,0,0.5453,0.38501474,0.16028525999999998,41.63094119461503,1.4163094119461503,critica,consumo_pico_excesivo
2025-05-12 09:00:00,Chiquinquirá,laboratorios,9,0,2.3378,1.9608697,0.37693030000000016,19.222608213080154,1.1922260821308015,moderada,consumo_pico_excesivo
2025-05-12 09:00:00,Tunja,comedor,9,0,0.6181,0.48983198,0.12826801999999998,26.18612610797686,1.2618612610797686,moderada,consumo_pico_excesivo
2025-05-12 10:00:00,Chiquinquirá,salones,10,0,4.5132,3.8104122,0.7027878000000003,18.443878591402797,1.184438785914028,moderada,consumo_pico_excesivo
2025-05-12 12:00:00,Chiquinquirá,oficinas,12,0,2.209,1.9171598,0.2918402,15.222528659321982,1.1522252865932199,moderada,consumo_fuera_patron
2025-05-12 12:00:00,Sogamoso,oficinas,12,0,4.0934,3.1854281,0.9079718999999997,28.503920713200202,1.285039207132002,moderada,consumo_fuera_patron
2025-05-12 13:00:00,Chiquinquirá,oficinas,13,0,2.0439,1.758421,0.2854789999999998,16.23496307198332,1.162349630719833,moderada,consumo_fuera_patron
2025-05-12 13:00:00,Tunja,comedor,13,0,1.8596,1.5079522,0.35164779999999984,23.319558802991224,1.2331955880299121,moderada,consumo_fuera_patron
2025-05-12 14:00:00,Chiquinquirá,salones,14,0,4.3354,3.7457836,0.5896163999999997,15.74080253861968,1.157408025386197,moderada,consumo_pico_excesivo
2025-05-12 15:00:00,Chiquinquirá,salones,15,0,3.7735,3.2578056,0.5156943999999997,15.829501919942665,1.1582950191994266,moderada,consumo_pico_excesivo
2025-05-12 16:00:00,Sogamoso,oficinas,16,0,6.2463,5.430046,0.8162539999999998,15.032174681393121,1.1503217468139313,moderada,consumo_pico_excesivo
2025-05-12 16:00:00,Tunja,salones,16,0,3.5169,2.9366605,0.5802395000000002,19.758480764119664,1.1975848076411966,moderada,consumo_pico_excesivo
2025-05-12 17:00:00,Sogamoso,comedor,17,0,1.2893,1.1049539,0.18434609999999996,16.683601008150653,1.1668360100815065,moderada,consumo_pico_excesivo
2025-05-12 18:00:00,Sogamoso,oficinas,18,0,2.4164,1.9950334,0.4213665999999998,21.120779231064493,1.211207792310645,moderada,consumo_fuera_patron
2025-05-12 19:00:00,Duitama,salones,19,0,3.2353,2.7890015,0.44629850000000015,16.002088919636655,1.1600208891963666,moderada,consumo_fuera_patron
2025-05-12 19:00:00,Duitama,oficinas,19,0,2.3952,2.0127714,0.3824285999999999,19.00010105469503,1.1900010105469503,moderada,consumo_fuera_patron
2025-05-12 19:00:00,Sogamoso,oficinas,19,0,2.5723,1.967049,0.6052509999999998,30.769492778268347,1.3076949277826835,critica,consumo_fuera_patron
2025-05-12 20:00:00,Chiquinquirá,laboratorios,20,0,1.45,1.1792678,0.27073219999999987,22.95765219740587,1.2295765219740586,moderada,consumo_fuera_patron
2025-05-12 21:00:00,Duitama,comedor,21,0,0.5179,0.4366254,0.08127460000000003,18.614262935688128,1.1861426293568813,moderada,consumo_fuera_patron
2025-05-13 02:00:00,Sogamoso,comedor,2,1,0.5085,0.42484015,0.08365984999999992,19.692077125949588,1.1969207712594958,moderada,consumo_nocturno_alto
2025-05-13 02:00:00,Sogamoso,oficinas,2,1,0.9369,0.7999168,0.13698319999999997,17.124680966820545,1.1712468096682054,moderada,consumo_nocturno_alto
2025-05-13 07:00:00,Chiquinquirá,oficinas,7,1,3.4803,2.9746833,0.5056167,16.99732875765296,1.1699732875765296,moderada,consumo_pico_excesivo
2025-05-13 08:00:00,Tunja,oficinas,8,1,3.9398,3.1697252,0.7700748000000002,24.29468649206563,1.2429468649206563,moderada,consumo_pico_excesivo
2025-05-13 11:00:00,Chiquinquirá,salones,11,1,4.4339,3.7582223,0.6756777000000005,17.978651768417226,1.1797865176841722,moderada,consumo_pico_excesivo
2025-05-13 11:00:00,Tunja,oficinas,11,1,3.9148,3.2110777,0.7037222999999999,21.91545536254074,1.2191545536254074,moderada,consumo_pico_excesivo
2025-05-13 12:00:00,Chiquinquirá,laboratorios,12,1,1.0793,0.93585944,0.14344055999999994,15.327147846048328,1.1532714784604832,moderada,consumo_fuera_patron
2025-05-13 12:00:00,Duitama,oficinas,12,1,4.1336,3.558783,0.5748170000000004,16.152066591303836,1.1615206659130384,moderada,consumo_fuera_patron
2025-05-13 12:00:00,Tunja,comedor,12,1,1.996,1.5628259,0.4331741,27.717361223665414,1.2771736122366542,moderada,consumo_fuera_patron
2025-05-13 12:00:00,Tunja,salones,12,1,0.6667,0.5575426,0.10915739999999996,19.578306662127694,1.195783066621277,moderada,consumo_fuera_patron
2025-05-13 13:00:00,Sogamoso,comedor,13,1,3.0804,2.575957,0.5044430000000002,19.582741482097727,1.1958274148209773,moderada,consumo_fuera_patron
2025-05-13 14:00:00,Chiquinquirá,salones,14,1,4.3055,3.5873013,0.7181987000000003,20.020584833507023,1.2002058483350702,moderada,consumo_pico_excesivo
2025-05-13 14:00:00,Duitama,comedor,14,1,0.5054,0.42562875,0.07977124999999996,18.741978778454218,1.1874197877845423,moderada,consumo_pico_excesivo
2025-05-13 16:00:00,Sogamoso,comedor,16,1,1.3471,1.0354633,0.3116367,30.09635397024694,1.3009635397024695,critica,consumo_pico_excesivo
2025-05-13 16:00:00,Sogamoso,oficinas,16,1,6.7384,5.8055844,0.9328156000000005,16.067557298796665,1.1606755729879668,moderada,consumo_pico_excesivo
2025-05-13 17:00:00,Tunja,salones,17,1,3.3448,2.8796709,0.4651291000000004,16.152161693199055,1.1615216169319906,moderada,consumo_pico_excesivo
2025-05-13 18:00:00,Duitama,oficinas,18,1,2.4392,1.9181818,0.5210182000000001,27.162086513384715,1.2716208651338472,moderada,consumo_fuera_patron
2025-05-13 18:00:00,Tunja,salones,18,1,1.3631,0.8015363,0.5615637,70.06091926217191,1.700609192621719,critica,consumo_fuera_patron
2025-05-13 18:00:00,Tunja,oficinas,18,1,0.9196,0.78310496,0.13649504,17.42998026726839,1.1742998026726839,moderada,consumo_fuera_patron
2025-05-13 19:00:00,Chiquinquirá,salones,19,1,1.4976,1.2427454,0.25485460000000004,20.507386307766662,1.2050738630776667,moderada,consumo_fuera_patron
2025-05-13 19:00:00,Duitama,salones,19,1,3.364,2.49438,0.8696199999999998,34.863172411581225,1.3486317241158123,critica,consumo_fuera_patron
2025-05-13 19:00:00,Sogamoso,oficinas,19,1,2.2741,1.8672987,0.4068012999999997,21.78555043175469,1.217855504317547,moderada,consumo_fuera_patron
2025-05-13 19:00:00,Tunja,laboratorios,19,1,3.2814,2.707887,0.5735130000000002,21.179354973084187,1.2117935497308419,moderada,consumo_fuera_patron
2025-05-13 20:00:00,Tunja,salones,20,1,1.3796,1.1269023,0.2526976999999999,22.424100119415847,1.2242410011941585,moderada,consumo_fuera_patron
2025-05-13 23:00:00,Duitama,oficinas,23,1,0.9639,0.8301404,0.13375959999999998,16.11288885590919,1.1611288885590918,moderada,consumo_fuera_patron
2025-05-14 07:00:00,Chiquinquirá,oficinas,7,2,3.4224,2.8837435,0.5386565000000001,18.679071144850436,1.1867907114485043,moderada,consumo_pico_excesivo
2025-05-14 07:00:00,Duitama,comedor,7,2,0.8753,0.7021294,0.17317059999999995,24.663630379243475,1.2466363037924348,moderada,consumo_pico_excesivo
2025-05-14 07:00:00,Sogamoso,comedor,7,2,0.9704,0.6902497,0.2801503000000001,40.586805035916726,1.4058680503591672,critica,consumo_pico_excesivo
2025-05-14 09:00:00,Chiquinquirá,laboratorios,9,2,2.4771,2.0465837,0.4305163000000003,21.03585111129344,1.2103585111129345,moderada,consumo_pico_excesivo
2025-05-14 09:00:00,Tunja,comedor,9,2,0.6971,0.43710953,0.25999047000000003,59.47947874758073,1.5947947874758073,critica,consumo_pico_excesivo
2025-05-14 10:00:00,Tunja,laboratorios,10,2,4.4914,3.8531168,0.6382831999999996,16.565373777405338,1.1656537377740535,moderada,consumo_pico_excesivo
2025-05-14 11:00:00,Chiquinquirá,laboratorios,11,2,2.3813,2.0400457,0.3412543000000001,16.7277772257749,1.167277772257749,moderada,consumo_pico_excesivo
2025-05-14 12:00:00,Sogamoso,salones,12,2,1.586,1.2687957,0.3172043,25.000423630061164,1.2500042363006116,moderada,consumo_fuera_patron
2025-05-14 13:00:00,Chiquinquirá,salones,13,2,0.7662,0.64412117,0.12207882999999997,18.952774056471387,1.1895277405647138,moderada,consumo_fuera_patron
2025-05-14 13:00:00,Duitama,oficinas,13,2,4.097,2.6655836,1.4314164000000003,53.699925224629986,1.5369992522462999,critica,consumo_fuera_patron
2025-05-14 13:00:00,Tunja,oficinas,13,2,2.4239,2.0163503,0.4075497000000001,20.212246850162895,1.202122468501629,moderada,consumo_fuera_patron
2025-05-14 17:00:00,Duitama,salones,17,2,8.441,7.1918707,1.2491293000000008,17.36862844322272,1.1736862844322271,moderada,consumo_pico_excesivo
2025-05-14 17:00:00,Tunja,comedor,17,2,0.7631,0.60987335,0.15322665000000002,25.124339340290902,1.251243393402909,moderada,consumo_pico_excesivo
2025-05-14 17:00:00,Tunja,salones,17,2,3.5465,2.9731138,0.5733861999999998,19.285713180571822,1.1928571318057182,moderada,consumo_pico_excesivo
2025-05-14 18:00:00,Duitama,salones,18,2,3.4094,2.736337,0.6730630000000004,24.59722614575619,1.245972261457562,moderada,consumo_fuera_patron
2025-05-14 18:00:00,Tunja,salones,18,2,1.2236,0.7975242,0.4260758,53.42481143518904,1.5342481143518905,critica,consumo_fuera_patron
2025-05-14 18:00:00,Tunja,oficinas,18,2,0.9183,0.7862846,0.1320154,16.78977306690224,1.1678977306690224,moderada,consumo_fuera_patron
2025-05-14 19:00:00,Duitama,oficinas,19,2,2.354,1.7693393,0.5846607000000001,33.04401253055308,1.330440125305531,critica,consumo_fuera_patron
2025-05-14 19:00:00,Sogamoso,comedor,19,2,0.5025,0.4249477,0.07755229999999996,18.249845804554294,1.1824984580455429,moderada,consumo_fuera_patron
2025-05-14 19:00:00,Tunja,laboratorios,19,2,2.9909,2.4622207,0.5286792999999999,21.471645494654474,1.2147164549465448,moderada,consumo_fuera_patron
2025-05-14 20:00:00,Duitama,oficinas,20,2,0.9057,0.7783511,0.1273489,16.361369567024443,1.1636136956702445,moderada,consumo_fuera_patron
2025-05-15 00:00:00,Sogamoso,comedor,0,3,0.5004,0.4275202,0.07287979999999994,17.04710093230681,1.1704710093230681,moderada,consumo_nocturno_alto
2025-05-15 00:00:00,Sogamoso,oficinas,0,3,0.9344,0.8112638,0.12313620000000003,15.178318076068479,1.1517831807606849,moderada,consumo_nocturno_alto
2025-05-15 01:00:00,Duitama,comedor,1,3,0.5209,0.43211514,0.08878486000000002,20.546574693032053,1.2054657469303205,moderada,consumo_nocturno_alto
2025-05-15 01:00:00,Sogamoso,comedor,1,3,0.5108,0.42601532,0.08478468000000006,19.901791325250947,1.1990179132525094,moderada,consumo_nocturno_alto
2025-05-15 02:00:00,Duitama,comedor,2,3,0.5235,0.43916982,0.08433017999999998,19.202180149810836,1.1920218014981083,moderada,consumo_nocturno_alto
2025-05-15 04:00:00,Sogamoso,comedor,4,3,0.5061,0.43355083,0.07254917,16.733717243719724,1.1673371724371973,moderada,consumo_nocturno_alto
2025-05-15 07:00:00,Chiquinquirá,salones,7,3,4.2757,3.707776,0.5679239999999997,15.317106535022603,1.153171065350226,moderada,consumo_pico_excesivo
2025-05-15 07:00:00,Sogamoso,comedor,7,3,0.8481,0.7359212,0.11217879999999991,15.243316811636884,1.1524331681163689,moderada,consumo_pico_excesivo
2025-05-15 07:00:00,Tunja,salones,7,3,3.6814,3.1705692,0.5108307999999999,16.11164329736124,1.1611164329736123,moderada,consumo_pico_excesivo
2025-05-15 09:00:00,Sogamoso,comedor,9,3,1.0102,0.8494403,0.16075969999999995,18.925367680341978,1.1892536768034199,moderada,consumo_pico_excesivo
2025-05-15 09:00:00,Tunja,comedor,9,3,0.5151,0.43710953,0.07799046999999998,17.842317462170172,1.1784231746217018,moderada,consumo_pico_excesivo
2025-05-15 10:00:00,Sogamoso,comedor,10,3,1.0229,0.8709542,0.1519457999999999,17.44590014032884,1.1744590014032883,moderada,consumo_pico_excesivo
2025-05-15 10:00:00,Tunja,salones,10,3,3.7734,3.1939068,0.5794931999999999,18.143710392551213,1.181437103925512,moderada,consumo_pico_excesivo
2025-05-15 11:00:00,Chiquinquirá,salones,11,3,4.2552,3.685997,0.5692030000000003,15.442307739262956,1.1544230773926296,moderada,consumo_pico_excesivo
2025-05-15 11:00:00,Duitama,salones,11,3,8.6163,7.27438,1.341920000000001,18.4472078720111,1.184472078720111,moderada,consumo_pico_excesivo
2025-05-15 11:00:00,Tunja,laboratorios,11,3,4.5674,3.898518,0.668882,17.157340302135324,1.1715734030213532,moderada,consumo_pico_excesivo
2025-05-15 12:00:00,Duitama,salones,12,3,1.7427,1.3351659,0.4075340999999999,30.52310578033785,1.3052310578033786,critica,consumo_fuera_patron
2025-05-15 12:00:00,Tunja,comedor,12,3,1.9691,1.7019212,0.26717880000000016,15.698658668803242,1.1569865866880324,moderada,consumo_fuera_patron
2025-05-15 12:00:00,Tunja,laboratorios,12,3,2.6625,2.2461312,0.4163687999999999,18.537154018429547,1.1853715401842955,moderada,consumo_fuera_patron
2025-05-15 14:00:00,Duitama,oficinas,14,3,6.9687,5.938351,1.0303490000000002,17.350759495354858,1.1735075949535485,moderada,consumo_pico_excesivo
2025-05-15 14:00:00,Sogamoso,laboratorios,14,3,10.8112,9.345911,1.4652890000000003,15.67839668064462,1.1567839668064461,moderada,consumo_pico_excesivo
2025-05-15 15:00:00,Chiquinquirá,laboratorios,15,3,2.0925,1.7475399,0.34496009999999977,19.73975529829103,1.1973975529829104,moderada,consumo_pico_excesivo
2025-05-15 15:00:00,Tunja,laboratorios,15,3,3.8979,3.3826218,0.5152782,15.233101140659592,1.1523310114065959,moderada,consumo_pico_excesivo
2025-05-15 16:00:00,Sogamoso,comedor,16,3,1.4101,1.060764,0.34933599999999987,32.93249016746419,1.329324901674642,critica,consumo_pico_excesivo
2025-05-15 16:00:00,Tunja,oficinas,16,3,3.8177,3.056713,0.7609870000000001,24.895598638144968,1.2489559863814497,moderada,consumo_pico_excesivo
2025-05-15 18:00:00,Chiquinquirá,salones,18,3,1.6367,1.2344868,0.40221320000000005,32.581409537955366,1.3258140953795536,critica,consumo_fuera_patron
2025-05-15 18:00:00,Chiquinquirá,oficinas,18,3,1.0495,0.7907279,0.25877210000000006,32.72580871371809,1.3272580871371809,critica,consumo_fuera_patron
2025-05-15 19:00:00,Chiquinquirá,oficinas,19,3,1.2673,0.9354895,0.3318105000000001,35.46918484921532,1.354691848492153,critica,consumo_fuera_patron
2025-05-15 19:00:00,Sogamoso,salones,19,3,3.1521,2.6390595,0.5130404999999998,19.440277871719065,1.1944027787171907,moderada,consumo_fuera_patron
2025-05-15 20:00:00,Duitama,comedor,20,3,0.5187,0.41836354,0.10033646000000007,23.98307940505525,1.2398307940505524,moderada,consumo_fuera_patron
2025-05-15 20:00:00,Sogamoso,laboratorios,20,3,7.2448,6.1064663,1.1383336999999996,18.641447345742325,1.1864144734574233,moderada,consumo_fuera_patron
2025-05-15 20:00:00,Tunja,salones,20,3,1.5199,1.203994,0.315906,26.23817062211274,1.2623817062211273,moderada,consumo_fuera_patron
2025-05-15 21:00:00,Duitama,comedor,21,3,0.5151,0.42841974,0.08668026000000001,20.232555110555833,1.2023255511055584,moderada,consumo_fuera_patron
2025-05-15 22:00:00,Duitama,comedor,22,3,0.5145,0.44007483,0.07442516999999998,16.911935181569003,1.1691193518156902,moderada,consumo_fuera_patron
2025-05-16 03:00:00,Sogamoso,comedor,3,4,0.504,0.43140966,0.07259034000000003,16.826313068650347,1.1682631306865034,moderada,consumo_nocturno_alto
2025-05-16 03:00:00,Sogamoso,oficinas,3,4,0.9162,0.78543854,0.13076146,16.648210310637417,1.1664821031063741,moderada,consumo_nocturno_alto
2025-05-16 07:00:00,Tunja,salones,7,4,3.7453,3.2099268,0.5353732,16.678673170989445,1.1667867317098946,moderada,consumo_pico_excesivo
2025-05-16 08:00:00,Chiquinquirá,laboratorios,8,4,2.5441,2.053298,0.49080199999999996,23.903106124878125,1.2390310612487812,moderada,consumo_pico_excesivo
2025-05-16 08:00:00,Duitama,comedor,8,4,0.8409,0.730627,0.11027299999999995,15.09292703390375,1.1509292703390375,moderada,consumo_pico_excesivo
2025-05-16 08:00:00,Tunja,comedor,8,4,0.5688,0.4264276,0.14237239999999995,33.3872385370928,1.333872385370928,critica,consumo_pico_excesivo
2025-05-16 08:00:00,Tunja,salones,8,4,3.9396,3.1627123,0.7768877000000001,24.563969982347118,1.2456396998234711,moderada,consumo_pico_excesivo
2025-05-16 09:00:00,Chiquinquirá,salones,9,4,4.1566,3.5832467,0.5733533,16.000944060033596,1.160009440600336,moderada,consumo_pico_excesivo
2025-05-16 09:00:00,Tunja,comedor,9,4,0.6147,0.40484977,0.20985023000000003,51.83409885597812,1.5183409885597812,critica,consumo_pico_excesivo
2025-05-16 10:00:00,Sogamoso,comedor,10,4,1.0394,0.8510313,0.18836870000000006,22.13416827324683,1.2213416827324683,moderada,consumo_pico_excesivo
2025-05-16 10:00:00,Tunja,comedor,10,4,0.5266,0.40810382,0.11849617999999995,29.035792901914014,1.2903579290191403,moderada,consumo_pico_excesivo
2025-05-16 10:00:00,Tunja,salones,10,4,3.4756,3.0169425,0.45865750000000016,15.202725938595124,1.1520272593859513,moderada,consumo_pico_excesivo
2025-05-16 11:00:00,Tunja,oficinas,11,4,3.6242,3.1136472,0.5105528000000001,16.39725913713025,1.1639725913713024,moderada,consumo_pico_excesivo
2025-05-16 13:00:00,Chiquinquirá,salones,13,4,0.8149,0.50838274,0.3065172599999999,60.2926173300061,1.602926173300061,critica,consumo_fuera_patron
2025-05-16 13:00:00,Chiquinquirá,laboratorios,13,4,1.2103,0.87215734,0.33814265999999993,38.770832336284634,1.3877083233628464,critica,consumo_fuera_patron
2025-05-16 15:00:00,Duitama,comedor,15,4,0.5091,0.42282748,0.08627252000000002,20.403716428269995,1.2040371642827,moderada,consumo_pico_excesivo
2025-05-16 16:00:00,Duitama,comedor,16,4,1.3982,1.0741972,0.32400280000000015,30.16232028904936,1.3016232028904937,critica,consumo_pico_excesivo
2025-05-16 16:00:00,Duitama,salones,16,4,3.9892,3.2156394,0.7735605999999997,24.056198589928947,1.2405619858992896,moderada,consumo_pico_excesivo
2025-05-16 16:00:00,Tunja,comedor,16,4,0.7944,0.6637596,0.1306404,19.68188482697651,1.196818848269765,moderada,consumo_pico_excesivo
2025-05-16 17:00:00,Sogamoso,laboratorios,17,4,10.5811,8.916925,1.6641749999999984,18.663104153057226,1.1866310415305723,moderada,consumo_pico_excesivo
2025-05-16 18:00:00,Duitama,salones,18,4,3.6701,2.7506921,0.9194079,33.424602484589236,1.3342460248458923,critica,consumo_fuera_patron
2025-05-16 18:00:00,Tunja,laboratorios,18,4,2.6901,2.2951326,0.3949674000000001,17.20891420391136,1.1720891420391135,moderada,consumo_fuera_patron
2025-05-16 19:00:00,Chiquinquirá,oficinas,19,4,1.2424,0.9333465,0.3090535,33.11240787853171,1.3311240787853171,critica,consumo_fuera_patron
2025-05-16 19:00:00,Duitama,salones,19,4,3.5249,2.8092058,0.7156942000000002,25.476745064387956,1.2547674506438795,moderada,consumo_fuera_patron
2025-05-16 19:00:00,Sogamoso,oficinas,19,4,2.3953,2.0738134,0.32148660000000007,15.502195134817823,1.1550219513481783,moderada,consumo_fuera_patron
2025-05-16 19:00:00,Tunja,salones,19,4,1.3559,0.8430419,0.5128581000000001,60.834236115666386,1.6083423611566638,critica,consumo_fuera_patron
2025-05-16 19:00:00,Tunja,laboratorios,19,4,2.9079,2.4319148,0.4759852000000002,19.572445547845682,1.1957244554784567,moderada,consumo_fuera_patron
2025-05-16 19:00:00,Tunja,oficinas,19,4,1.025,0.86144334,0.1635566599999999,18.986351441291532,1.1898635144129153,moderada,consumo_fuera_patron
2025-05-16 20:00:00,Chiquinquirá,salones,20,4,1.7701,1.3734198,0.39668020000000004,28.88266209646898,1.2888266209646897,moderada,consumo_fuera_patron
2025-05-16 20:00:00,Sogamoso,laboratorios,20,4,6.9435,5.959605,0.9838950000000004,16.509399532351566,1.1650939953235155,moderada,consumo_fuera_patron
2025-05-17 02:00:00,Sogamoso,comedor,2,5,0.5014,0.42840093,0.07299906999999994,17.03989531488644,1.1703989531488643,moderada,consumo_nocturno_alto
2025-05-17 04:00:00,Duitama,comedor,4,5,0.5207,0.42181283,0.09888717000000002,23.443376532667347,1.2344337653266735,moderada,consumo_nocturno_alto
2025-05-17 05:00:00,Duitama,comedor,5,5,0.518,0.43608737,0.08191263000000004,18.783536427574145,1.1878353642757415,moderada,consumo_nocturno_alto
2025-05-17 05:00:00,Sogamoso,oficinas,5,5,0.9329,0.8061495,0.1267505,15.72295213232781,1.1572295213232782,moderada,consumo_nocturno_alto
2025-05-17 07:00:00,Tunja,salones,7,5,2.7212,2.340565,0.3806350000000003,16.262526355815808,1.1626252635581582,moderada,consumo_fin_semana_alto
2025-05-17 09:00:00,Sogamoso,oficinas,9,5,3.0385,2.3700602,0.6684397999999998,28.203494577901427,1.2820349457790143,moderada,consumo_fin_semana_alto
2025-05-17 10:00:00,Tunja,oficinas,10,5,1.5621,1.2183046,0.3437954000000001,28.219166208516334,1.2821916620851634,moderada,consumo_fin_semana_alto
2025-05-17 12:00:00,Chiquinquirá,salones,12,5,2.5842,1.9236614,0.6605386,34.3375710507057,1.343375710507057,critica,consumo_fin_semana_alto
2025-05-17 12:00:00,Tunja,laboratorios,12,5,3.4685,2.950322,0.5181780000000002,17.5634388382014,1.175634388382014,moderada,consumo_fin_semana_alto
2025-05-17 13:00:00,Chiquinquirá,comedor,13,5,0.5652,0.4646464,0.10055360000000002,21.640886489166817,1.2164088648916682,moderada,consumo_fin_semana_alto
2025-05-17 13:00:00,Chiquinquirá,laboratorios,13,5,0.6834,0.586612,0.09678799999999999,16.499491998118003,1.16499491998118,moderada,consumo_fin_semana_alto
2025-05-17 13:00:00,Duitama,comedor,13,5,1.5178,1.3020438,0.21575619999999995,16.570579269299536,1.1657057926929955,moderada,consumo_fin_semana_alto
2025-05-17 13:00:00,Tunja,comedor,13,5,0.9414,0.6787012,0.2626988,38.706105131389194,1.387061051313892,critica,consumo_fin_semana_alto
2025-05-17 18:00:00,Sogamoso,oficinas,18,5,0.9332,0.7770873,0.1561127,20.0894674253459,1.200894674253459,moderada,consumo_fin_semana_alto
2025-05-17 19:00:00,Duitama,comedor,19,5,0.5009,0.42343262,0.07746738000000003,18.29509025544608,1.182950902554461,moderada,consumo_fin_semana_alto
2025-05-17 20:00:00,Duitama,comedor,20,5,0.5216,0.43757316,0.08402683999999994,19.202923689378007,1.1920292368937802,moderada,consumo_fin_semana_alto
2025-05-17 20:00:00,Duitama,oficinas,20,5,0.9261,0.79177624,0.13432376000000001,16.964863709474283,1.1696486370947428,moderada,consumo_fin_semana_alto
2025-05-17 21:00:00,Sogamoso,oficinas,21,5,0.927,0.7918388,0.1351612000000001,17.0692822832122,1.170692822832122,moderada,consumo_fin_semana_alto
2025-05-18 00:00:00,Sogamoso,oficinas,0,6,0.939,0.79667073,0.14232926999999995,17.865507623205882,1.178655076232059,moderada,consumo_nocturno_alto
2025-05-18 03:00:00,Sogamoso,oficinas,3,6,0.9349,0.78327805,0.15162195,19.357359752389335,1.1935735975238932,moderada,consumo_nocturno_alto
2025-05-18 05:00:00,Duitama,oficinas,5,6,0.9463,0.786462,0.15983800000000004,20.323677431331717,1.2032367743133172,moderada,consumo_nocturno_alto
2025-05-18 09:00:00,Sogamoso,oficinas,9,6,0.9268,0.786228,0.14057199999999992,17.879292011986333,1.1787929201198633,moderada,consumo_fin_semana_alto
2025-05-18 11:00:00,Tunja,oficinas,11,6,0.5089,0.4419816,0.06691840000000004,15.140539787176671,1.1514053978717667,moderada,consumo_fin_semana_alto
2025-05-18 13:00:00,Duitama,oficinas,13,6,0.9547,0.7843619,0.17033810000000005,21.716773851458115,1.2171677385145812,moderada,consumo_fin_semana_alto
2025-05-18 17:00:00,Duitama,oficinas,17,6,0.9294,0.803295,0.12610500000000002,15.698466939293787,1.1569846693929378,moderada,consumo_fin_semana_alto
2025-05-18 21:00:00,Sogamoso,oficinas,21,6,0.9285,0.7717794,0.1567206,20.306398434578586,1.2030639843457858,moderada,consumo_fin_semana_alto
2025-05-18 22:00:00,Duitama,oficinas,22,6,0.8823,0.76591647,0.11638353000000001,15.195329328797435,1.1519532932879744,moderada,consumo_fin_semana_alto
2025-05-19 07:00:00,Duitama,oficinas,7,0,7.3014,6.0436926,1.2577074000000001,20.81024769525836,1.2081024769525837,moderada,consumo_pico_excesivo
2025-05-19 07:00:00,Sogamoso,comedor,7,0,0.9236,0.74610573,0.17749426999999995,23.78942593029006,1.2378942593029005,moderada,consumo_pico_excesivo
2025-05-19 07:00:00,Sogamoso,oficinas,7,0,7.3252,6.0276403,1.2975596999999999,21.526827007245274,1.2152682700724526,moderada,consumo_pico_excesivo
2025-05-19 07:00:00,Tunja,salones,7,0,3.6384,3.1585028,0.4798971999999999,15.193819046163263,1.1519381904616326,moderada,consumo_pico_excesivo
2025-05-19 08:00:00,Duitama,oficinas,8,0,7.1312,6.1090555,1.0221444999999996,16.731628972760184,1.167316289727602,moderada,consumo_pico_excesivo
2025-05-19 09:00:00,Chiquinquirá,laboratorios,9,0,2.3634,2.0518818,0.3115182000000001,15.182073353348136,1.1518207335334814,moderada,consumo_pico_excesivo
2025-05-19 10:00:00,Sogamoso,comedor,10,0,0.9759,0.815143,0.16075700000000004,19.7213249699746,1.197213249699746,moderada,consumo_pico_excesivo
2025-05-19 10:00:00,Tunja,comedor,10,0,0.5735,0.4028803,0.17061969999999999,42.34997342883233,1.4234997342883233,critica,consumo_pico_excesivo
2025-05-19 12:00:00,Chiquinquirá,comedor,12,0,1.1209,0.9400631,0.18083689999999997,19.236676772016683,1.1923667677201668,moderada,consumo_fuera_patron
2025-05-19 12:00:00,Duitama,comedor,12,0,3.4286,2.916371,0.512229,17.563917622277827,1.1756391762227782,moderada,consumo_fuera_patron
2025-05-19 13:00:00,Duitama,salones,13,0,1.8433,1.3918769,0.45142309999999997,32.43268855169592,1.3243268855169592,critica,consumo_fuera_patron
2025-05-19 13:00:00,Tunja,comedor,13,0,1.9167,1.5463709,0.37032909999999997,23.94827140112375,1.2394827140112374,moderada,consumo_fuera_patron
2025-05-19 13:00:00,Tunja,salones,13,0,0.5942,0.4804293,0.11377069999999995,23.681049428084414,1.2368104942808442,moderada,consumo_fuera_patron
2025-05-19 15:00:00,Duitama,comedor,15,0,0.5191,0.44870257,0.07039742999999998,15.689107820354135,1.1568910782035413,moderada,consumo_pico_excesivo
2025-05-19 16:00:00,Duitama,comedor,16,0,1.4203,1.1515297,0.2687702999999999,23.34028379815127,1.2334028379815127,moderada,consumo_pico_excesivo
2025-05-19 16:00:00,Sogamoso,salones,16,0,7.5189,6.2890368,1.2298632000000005,19.555668683636902,1.195556686836369,moderada,consumo_pico_excesivo
2025-05-19 16:00:00,Tunja,comedor,16,0,0.8215,0.62051094,0.20098906000000005,32.39089708877656,1.3239089708877656,critica,consumo_pico_excesivo
2025-05-19 17:00:00,Sogamoso,oficinas,17,0,6.8419,5.7564087,1.0854913000000002,18.857092270046778,1.1885709227004677,moderada,consumo_pico_excesivo
2025-05-19 18:00:00,Chiquinquirá,oficinas,18,0,0.9769,0.73782843,0.23907157,32.40205449930955,1.3240205449930955,critica,consumo_fuera_patron
2025-05-19 18:00:00,Sogamoso,oficinas,18,0,2.4718,2.0778553,0.39394470000000004,18.959197976875487,1.1895919797687549,moderada,consumo_fuera_patron
2025-05-19 18:00:00,Tunja,laboratorios,18,0,2.8599,2.3255796,0.5343203999999999,22.975794937313687,1.2297579493731368,moderada,consumo_fuera_patron
2025-05-19 19:00:00,Chiquinquirá,laboratorios,19,0,1.4981,1.2925137,0.2055863,15.905928115113982,1.1590592811511398,moderada,consumo_fuera_patron
2025-05-19 19:00:00,Duitama,comedor,19,0,0.522,0.4210553,0.1009447,23.974214313416788,1.239742143134168,moderada,consumo_fuera_patron
2025-05-19 19:00:00,Sogamoso,salones,19,0,3.4489,2.7216537,0.7272463,26.720750696534246,1.2672075069653423,moderada,consumo_fuera_patron
2025-05-19 20:00:00,Duitama,comedor,20,0,0.5119,0.42705396,0.08484604000000001,19.867756290095056,1.1986775629009505,moderada,consumo_fuera_patron
2025-05-19 20:00:00,Tunja,salones,20,0,1.081,0.85146415,0.22953584999999999,26.95778207455945,1.2695778207455946,moderada,consumo_fuera_patron
2025-05-19 20:00:00,Tunja,laboratorios,20,0,2.7839,2.1537416,0.6301584,29.258774590229393,1.2925877459022939,moderada,consumo_fuera_patron
2025-05-20 00:00:00,Duitama,comedor,0,1,0.5083,0.441034,0.06726599999999999,15.251885342173166,1.1525188534217317,moderada,consumo_nocturno_alto
2025-05-20 01:00:00,Duitama,comedor,1,1,0.5105,0.43238106,0.07811893999999997,18.067151229982176,1.1806715122998217,moderada,consumo_nocturno_alto
2025-05-20 02:00:00,Tunja,oficinas,2,1,0.5098,0.43223026,0.07756974000000005,17.94639273983271,1.1794639273983272,moderada,consumo_nocturno_alto
2025-05-20 04:00:00,Sogamoso,comedor,4,1,0.5087,0.4299483,0.07875170000000004,18.316551083002313,1.1831655108300232,moderada,consumo_nocturno_alto
2025-05-20 07:00:00,Tunja,laboratorios,7,1,4.548,3.9129374,0.6350625999999999,16.229817527875603,1.162298175278756,moderada,consumo_pico_excesivo
2025-05-20 08:00:00,Chiquinquirá,laboratorios,8,1,2.3138,1.9130415,0.4007585,20.94876143565103,1.2094876143565103,moderada,consumo_pico_excesivo
2025-05-20 08:00:00,Duitama,oficinas,8,1,7.0613,6.090217,0.9710830000000001,15.944965507797178,1.1594496550779718,moderada,consumo_pico_excesivo
2025-05-20 08:00:00,Tunja,comedor,8,1,0.5025,0.42969677,0.07280322999999994,16.942931639909684,1.1694293163990968,moderada,consumo_pico_excesivo
2025-05-20 09:00:00,Duitama,comedor,9,1,1.0323,0.83548874,0.19681126000000004,23.55642279511751,1.2355642279511752,moderada,consumo_pico_excesivo
2025-05-20 09:00:00,Duitama,oficinas,9,1,7.2234,6.040164,1.183236,19.58946810053502,1.1958946810053501,moderada,consumo_pico_excesivo
2025-05-20 09:00:00,Sogamoso,comedor,9,1,0.992,0.8426463,0.14935370000000003,17.724364303266988,1.1772436430326698,moderada,consumo_pico_excesivo
2025-05-20 09:00:00,Tunja,salones,9,1,3.6696,3.113158,0.5564420000000001,17.873875980595912,1.178738759805959,moderada,consumo_pico_excesivo
2025-05-20 10:00:00,Sogamoso,comedor,10,1,0.9869,0.81980544,0.16709456,20.38222142073124,1.2038222142073125,moderada,consumo_pico_excesivo
2025-05-20 11:00:00,Duitama,comedor,11,1,0.5237,0.4438094,0.07989060000000003,18.00110588013684,1.1800110588013684,moderada,consumo_pico_excesivo
2025-05-20 11:00:00,Sogamoso,oficinas,11,1,7.0267,5.99491,1.03179,17.21110075046998,1.1721110075046999,moderada,consumo_pico_excesivo
2025-05-20 11:00:00,Tunja,salones,11,1,3.7076,3.1577048,0.5498951999999999,17.414395417836396,1.174143954178364,moderada,consumo_pico_excesivo
2025-05-20 12:00:00,Chiquinquirá,laboratorios,12,1,1.0984,0.9369634,0.16143660000000004,17.229765858516995,1.1722976585851699,moderada,consumo_fuera_patron
2025-05-20 12:00:00,Duitama,comedor,12,1,3.2521,2.7609239,0.4911761000000001,17.790280275381733,1.1779028027538174,moderada,consumo_fuera_patron
2025-05-20 12:00:00,Tunja,salones,12,1,0.659,0.51508856,0.14391144,27.93916448076424,1.2793916448076423,moderada,consumo_fuera_patron
2025-05-20 13:00:00,Chiquinquirá,salones,13,1,0.8075,0.6653105,0.14218949999999997,21.371900789180383,1.2137190078918039,moderada,consumo_fuera_patron
2025-05-20 13:00:00,Duitama,salones,13,1,1.9029,1.560014,0.342886,21.979674541382323,1.2197967454138232,moderada,consumo_fuera_patron
2025-05-20 13:00:00,Sogamoso,comedor,13,1,2.4532,1.763502,0.6896979999999999,39.10956721341966,1.3910956721341965,critica,consumo_fuera_patron
2025-05-20 13:00:00,Sogamoso,oficinas,13,1,3.7545,3.12507,0.6294300000000002,20.14130883468211,1.201413088346821,moderada,consumo_fuera_patron
2025-05-20 13:00:00,Tunja,salones,13,1,0.7767,0.5626909,0.21400909999999995,38.03315461472719,1.3803315461472718,critica,consumo_fuera_patron
2025-05-20 14:00:00,Tunja,salones,14,1,2.7993,2.3985558,0.4007442000000001,16.707728875851046,1.1670772887585106,moderada,consumo_pico_excesivo
2025-05-20 14:00:00,Tunja,oficinas,14,1,3.303,2.6897066,0.6132933999999999,22.80149812622685,1.2280149812622685,moderada,consumo_pico_excesivo
2025-05-20 16:00:00,Chiquinquirá,oficinas,16,1,3.3966,2.8070495,0.5895504999999996,21.00249746219294,1.2100249746219294,moderada,consumo_pico_excesivo
2025-05-20 16:00:00,Duitama,comedor,16,1,1.3639,1.0764607,0.28743929999999995,26.702256756795673,1.2670225675679567,moderada,consumo_pico_excesivo
2025-05-20 16:00:00,Sogamoso,salones,16,1,7.267,6.2834797,0.9835203000000003,15.652478355265481,1.1565247835526549,moderada,consumo_pico_excesivo
2025-05-20 17:00:00,Sogamoso,oficinas,17,1,6.4816,5.5960197,0.8855803,15.825181959241494,1.158251819592415,moderada,consumo_pico_excesivo
2025-05-20 18:00:00,Duitama,oficinas,18,1,2.7364,2.019267,0.717133,35.51452086326375,1.3551452086326374,critica,consumo_fuera_patron
2025-05-20 18:00:00,Sogamoso,salones,18,1,3.0401,2.512735,0.5273649999999996,20.987688713692435,1.2098768871369243,moderada,consumo_fuera_patron
2025-05-20 19:00:00,Chiquinquirá,oficinas,19,1,1.2749,0.95566297,0.3192370299999999,33.40477134946433,1.3340477134946434,critica,consumo_fuera_patron
2025-05-20 19:00:00,Tunja,oficinas,19,1,1.4118,1.0889723,0.32282769999999994,29.6451709561391,1.296451709561391,moderada,consumo_fuera_patron
2025-05-20 20:00:00,Sogamoso,comedor,20,1,0.5002,0.41228604,0.08791395999999996,21.323535475515968,1.2132353547551598,moderada,consumo_fuera_patron
2025-05-20 20:00:00,Tunja,salones,20,1,1.4629,1.2263798,0.23652020000000018,19.28604825356714,1.1928604825356715,moderada,consumo_fuera_patron
2025-05-21 02:00:00,Sogamoso,comedor,2,2,0.5034,0.42601532,0.07738467999999998,18.164764591094983,1.18164764591095,moderada,consumo_nocturno_alto
2025-05-21 03:00:00,Sogamoso,comedor,3,2,0.5058,0.42601532,0.07978468000000005,18.728124612983414,1.187281246129834,moderada,consumo_nocturno_alto
2025-05-21 07:00:00,Tunja,comedor,7,2,0.5262,0.4309983,0.0952017,22.088648609518877,1.2208864860951887,moderada,consumo_pico_excesivo
2025-05-21 08:00:00,Duitama,salones,8,2,8.7688,7.339077,1.429723000000001,19.480964704417207,1.194809647044172,moderada,consumo_pico_excesivo
2025-05-21 09:00:00,Sogamoso,oficinas,9,2,7.0852,6.02775,1.0574500000000002,17.543030152212687,1.1754303015221268,moderada,consumo_pico_excesivo
2025-05-21 11:00:00,Tunja,laboratorios,11,2,4.6876,3.8861535,0.8014465,20.62313030095183,1.2062313030095182,moderada,consumo_pico_excesivo
2025-05-21 12:00:00,Chiquinquirá,salones,12,2,0.8555,0.6869594,0.16854060000000004,24.53428834367796,1.2453428834367797,moderada,consumo_fuera_patron
2025-05-21 12:00:00,Duitama,oficinas,12,2,4.2815,3.7182097,0.5632903000000002,15.149503267661322,1.1514950326766131,moderada,consumo_fuera_patron
2025-05-21 13:00:00,Chiquinquirá,salones,13,2,0.8106,0.49841473,0.31218527,62.63564281095786,1.6263564281095786,critica,consumo_fuera_patron
2025-05-21 13:00:00,Chiquinquirá,laboratorios,13,2,0.9344,0.79116935,0.14323065000000001,18.103665163469746,1.1810366516346975,moderada,consumo_fuera_patron
2025-05-21 13:00:00,Duitama,salones,13,2,1.5829,1.3059165,0.27698350000000005,21.20989358814289,1.212098935881429,moderada,consumo_fuera_patron
2025-05-21 13:00:00,Tunja,comedor,13,2,1.7152,1.4650121,0.2501879,17.077531305031542,1.1707753130503153,moderada,consumo_fuera_patron
2025-05-21 15:00:00,Chiquinquirá,laboratorios,15,2,2.3003,1.8866208,0.4136792,21.92699243006332,1.219269924300633,moderada,consumo_pico_excesivo
2025-05-21 15:00:00,Sogamoso,oficinas,15,2,6.4343,5.5028296,0.9314704000000003,16.92711691454157,1.1692711691454156,moderada,consumo_pico_excesivo
2025-05-21 16:00:00,Duitama,oficinas,16,2,6.8102,5.892536,0.9176640000000003,15.573328699222207,1.155733286992222,moderada,consumo_pico_excesivo
2025-05-21 17:00:00,Duitama,comedor,17,2,1.3677,1.0898567,0.2778433,25.493562594054804,1.254935625940548,moderada,consumo_pico_excesivo
2025-05-21 17:00:00,Tunja,comedor,17,2,0.7305,0.6105943,0.1199057,19.637540016341458,1.1963754001634146,moderada,consumo_pico_excesivo
2025-05-21 18:00:00,Sogamoso,comedor,18,2,0.5106,0.41760015,0.09299985000000005,22.2700710236814,1.222700710236814,moderada,consumo_fuera_patron
2025-05-21 18:00:00,Tunja,laboratorios,18,2,2.8097,2.3897097,0.4199902999999998,17.574950631032706,1.1757495063103272,moderada,consumo_fuera_patron
2025-05-21 18:00:00,Tunja,oficinas,18,2,1.2282,1.0297244,0.19847559999999986,19.274633096001207,1.1927463309600121,moderada,consumo_fuera_patron
2025-05-21 19:00:00,Chiquinquirá,salones,19,2,1.5261,1.2121191,0.3139809,25.903469386795408,1.259034693867954,moderada,consumo_fuera_patron
2025-05-21 19:00:00,Sogamoso,salones,19,2,3.3144,2.7216537,0.5927463,21.778902290177474,1.2177890229017747,moderada,consumo_fuera_patron
2025-05-21 19:00:00,Sogamoso,oficinas,19,2,2.2508,1.9019475,0.3488525,18.341857490808763,1.1834185749080877,moderada,consumo_fuera_patron
2025-05-21 19:00:00,Tunja,salones,19,2,1.4795,1.2337365,0.24576350000000002,19.92025849928247,1.1992025849928247,moderada,consumo_fuera_patron
2025-05-21 20:00:00,Chiquinquirá,salones,20,2,1.3642,1.11474,0.24946000000000002,22.3783124315984,1.223783124315984,moderada,consumo_fuera_patron
2025-05-21 23:00:00,Duitama,comedor,23,2,0.5185,0.43643618,0.08206381999999995,18.803166135309855,1.1880316613530986,moderada,consumo_fuera_patron
2025-05-22 03:00:00,Sogamoso,oficinas,3,3,0.935,0.8030511,0.13194890000000004,16.430946922306692,1.1643094692230669,moderada,consumo_nocturno_alto
2025-05-22 04:00:00,Duitama,comedor,4,3,0.5225,0.43351758,0.08898241999999995,20.525677413128193,1.2052567741312818,moderada,consumo_nocturno_alto
2025-05-22 08:00:00,Duitama,oficinas,8,3,7.3104,6.0940485,1.2163514999999991,19.959662283619814,1.199596622836198,moderada,consumo_pico_excesivo
2025-05-22 08:00:00,Tunja,oficinas,8,3,4.0014,3.2671926,0.7342074000000003,22.47211872357939,1.224721187235794,moderada,consumo_pico_excesivo
2025-05-22 09:00:00,Sogamoso,comedor,9,3,0.9673,0.81281394,0.1544860600000001,19.006325112977283,1.1900632511297728,moderada,consumo_pico_excesivo
2025-05-22 10:00:00,Tunja,comedor,10,3,0.5463,0.45410416,0.09219584000000003,20.302795728627554,1.2030279572862754,moderada,consumo_pico_excesivo
2025-05-22 11:00:00,Tunja,salones,11,3,3.9804,3.2058096,0.7745904000000001,24.162083736975525,1.2416208373697553,moderada,consumo_pico_excesivo
2025-05-22 12:00:00,Chiquinquirá,comedor,12,3,0.9314,0.7679069,0.16349310000000006,21.290745010886095,1.212907450108861,moderada,consumo_fuera_patron
2025-05-22 12:00:00,Chiquinquirá,oficinas,12,3,1.6319,1.3358848,0.2960151999999998,22.158737040798712,1.2215873704079871,moderada,consumo_fuera_patron
2025-05-22 12:00:00,Sogamoso,comedor,12,3,2.9092,2.4869678,0.42223219999999984,16.977791188128766,1.1697779118812877,moderada,consumo_fuera_patron
2025-05-22 12:00:00,Sogamoso,oficinas,12,3,3.8924,3.3623884,0.5300115999999999,15.762949931661671,1.1576294993166167,moderada,consumo_fuera_patron
2025-05-22 13:00:00,Chiquinquirá,salones,13,3,0.9122,0.6472812,0.2649188,40.927930550122575,1.4092793055012258,critica,consumo_fuera_patron
2025-05-22 13:00:00,Sogamoso,comedor,13,3,3.4014,2.8985612,0.5028388000000001,17.347875904776487,1.1734787590477649,moderada,consumo_fuera_patron
2025-05-22 13:00:00,Tunja,comedor,13,3,1.8779,1.4588977,0.4190022999999998,28.720471627311483,1.2872047162731148,moderada,consumo_fuera_patron
2025-05-22 13:00:00,Tunja,salones,13,3,0.6768,0.53284186,0.14395813999999996,27.017047797258265,1.2701704779725826,moderada,consumo_fuera_patron
2025-05-22 14:00:00,Chiquinquirá,oficinas,14,3,3.3513,2.8088398,0.5424602000000003,19.312607290739766,1.1931260729073976,moderada,consumo_pico_excesivo
2025-05-22 17:00:00,Duitama,oficinas,17,3,6.5735,5.508503,1.064997,19.33369193045733,1.1933369193045733,moderada,consumo_pico_excesivo
2025-05-22 17:00:00,Tunja,oficinas,17,3,3.5733,2.8210187,0.7522812999999999,26.667008623516033,1.2666700862351603,moderada,consumo_pico_excesivo
2025-05-22 18:00:00,Duitama,oficinas,18,3,2.2808,1.9771,0.3037000000000001,15.360882100045526,1.1536088210004551,moderada,consumo_fuera_patron
2025-05-22 18:00:00,Tunja,salones,18,3,1.5646,1.2560216,0.30857840000000003,24.567921443389192,1.245679214433892,moderada,consumo_fuera_patron
2025-05-22 19:00:00,Duitama,comedor,19,3,0.5084,0.42774448,0.08065551999999998,18.85600487468593,1.1885600487468593,moderada,consumo_fuera_patron
2025-05-22 19:00:00,Duitama,salones,19,3,3.2209,2.66311,0.5577899999999998,20.945060474407732,1.2094506047440774,moderada,consumo_fuera_patron
2025-05-22 19:00:00,Duitama,comedor,19,3,0.5084,0.42774448,0.08065551999999998,18.85600487468593,1.1885600487468593,moderada,consumo_fuera_patron
2025-05-22 19:00:00,Duitama,salones,19,3,3.2209,2.66311,0.5577899999999998,20.945060474407732,1.2094506047440774,moderada,consumo_fuera_patron
2025-05-22 20:00:00,Chiquinquirá,salones,20,3,1.6198,1.3743497,0.2454502999999999,17.85937742046292,1.1785937742046293,moderada,consumo_fuera_patron
2025-05-22 20:00:00,Chiquinquirá,laboratorios,20,3,1.3978,1.1972843,0.20051569999999996,16.747542751541967,1.1674754275154198,moderada,consumo_fuera_patron
2025-05-22 21:00:00,Sogamoso,comedor,21,3,0.5063,0.41849366,0.08780633999999998,20.98152215734881,1.209815221573488,moderada,consumo_fuera_patron
2025-05-23 00:00:00,Duitama,comedor,0,4,0.5115,0.44069928,0.07080071999999993,16.065540202380163,1.1606554020238016,moderada,consumo_nocturno_alto
2025-05-23 00:00:00,Tunja,oficinas,0,4,0.503,0.43570387,0.06729613000000001,15.445382663229504,1.154453826632295,moderada,consumo_nocturno_alto
2025-05-23 02:00:00,Sogamoso,comedor,2,4,0.5045,0.42031768,0.08418231999999992,20.028260529036018,1.2002826052903601,moderada,consumo_nocturno_alto
2025-05-23 03:00:00,Sogamoso,comedor,3,4,0.503,0.43367505,0.06932495,15.985459620054232,1.1598545962005422,moderada,consumo_nocturno_alto
2025-05-23 07:00:00,Tunja,laboratorios,7,4,4.6975,4.0737977,0.6237022999999997,15.31009504963881,1.153100950496388,moderada,consumo_pico_excesivo
2025-05-23 08:00:00,Chiquinquirá,salones,8,4,4.652,3.5832467,1.0687533,29.826394593484174,1.2982639459348417,moderada,consumo_pico_excesivo
2025-05-23 08:00:00,Tunja,comedor,8,4,0.5053,0.4313938,0.07390619999999998,17.131956926594675,1.1713195692659468,moderada,consumo_pico_excesivo
2025-05-23 09:00:00,Tunja,comedor,9,4,0.5198,0.3990739,0.12072610000000006,30.251564935717433,1.3025156493571743,critica,consumo_pico_excesivo
2025-05-23 10:00:00,Duitama,oficinas,10,4,6.994,6.01569,0.9783099999999996,16.262639863423807,1.162626398634238,moderada,consumo_pico_excesivo
2025-05-23 10:00:00,Tunja,laboratorios,10,4,4.9422,4.087533,0.8546670000000001,20.90911559613097,1.2090911559613098,moderada,consumo_pico_excesivo
2025-05-23 11:00:00,Tunja,laboratorios,11,4,4.834,4.0738873,0.7601126999999996,18.658167102462546,1.1865816710246255,moderada,consumo_pico_excesivo
2025-05-23 12:00:00,Chiquinquirá,oficinas,12,4,1.986,1.700925,0.28507499999999997,16.7599982362538,1.167599982362538,moderada,consumo_fuera_patron
2025-05-23 13:00:00,Sogamoso,salones,13,4,1.4434,1.1299429,0.31345709999999993,27.7409681498065,1.277409681498065,moderada,consumo_fuera_patron
2025-05-23 13:00:00,Tunja,salones,13,4,0.7527,0.5952247,0.15747529999999998,26.456445775855737,1.2645644577585573,moderada,consumo_fuera_patron
2025-05-23 14:00:00,Tunja,laboratorios,14,4,4.5478,3.8005385,0.7472614999999996,19.661990004837463,1.1966199000483746,moderada,consumo_pico_excesivo
2025-05-23 16:00:00,Chiquinquirá,salones,16,4,2.4497,1.9881492,0.46155079999999993,23.215098746110197,1.232150987461102,moderada,consumo_pico_excesivo
2025-05-23 16:00:00,Tunja,comedor,16,4,0.7731,0.6273707,0.14572930000000006,23.22857921162083,1.2322857921162083,moderada,consumo_pico_excesivo
2025-05-23 17:00:00,Duitama,comedor,17,4,1.4211,1.150171,0.270929,23.555540871748633,1.2355554087174863,moderada,consumo_pico_excesivo
2025-05-23 17:00:00,Sogamoso,comedor,17,4,1.2684,1.0360105,0.23238950000000003,22.431191575761062,1.2243119157576106,moderada,consumo_pico_excesivo
2025-05-23 18:00:00,Chiquinquirá,salones,18,4,1.7064,1.4679831,0.23841689999999982,16.241120214531065,1.1624112021453106,moderada,consumo_fuera_patron
2025-05-23 18:00:00,Duitama,comedor,18,4,0.5194,0.40436944,0.11503055999999995,28.446897470788084,1.2844689747078808,moderada,consumo_fuera_patron
2025-05-23 18:00:00,Duitama,salones,18,4,3.127,2.6035516,0.5234483999999999,20.1051671109572,1.201051671109572,moderada,consumo_fuera_patron
2025-05-23 18:00:00,Sogamoso,salones,18,4,2.8914,2.460548,0.4308519999999998,17.510408250519795,1.175104082505198,moderada,consumo_fuera_patron
2025-05-23 18:00:00,Tunja,salones,18,4,1.4269,1.212414,0.21448599999999995,17.690821781998554,1.1769082178199854,moderada,consumo_fuera_patron
2025-05-23 19:00:00,Sogamoso,oficinas,19,4,2.6729,1.8480697,0.8248302999999999,44.63199088216207,1.4463199088216208,critica,consumo_fuera_patron
2025-05-23 19:00:00,Sogamoso,oficinas,19,4,2.6729,1.8480697,0.8248302999999999,44.63199088216207,1.4463199088216208,critica,consumo_fuera_patron
2025-05-23 19:00:00,Tunja,laboratorios,19,4,2.8423,2.4290934,0.41320659999999965,17.010733304861787,1.1701073330486178,moderada,consumo_fuera_patron
2025-05-23 19:00:00,Tunja,oficinas,19,4,1.2207,1.0545262,0.16617379999999993,15.758148066875904,1.157581480668759,moderada,consumo_fuera_patron
2025-05-23 20:00:00,Chiquinquirá,salones,20,4,1.9573,1.508878,0.4484220000000001,29.718903715210914,1.297189037152109,moderada,consumo_fuera_patron
2025-05-23 20:00:00,Duitama,laboratorios,20,4,5.8822,5.012722,0.869478,17.345426297329077,1.1734542629732907,moderada,consumo_fuera_patron
2025-05-23 20:00:00,Sogamoso,salones,20,4,3.1109,2.4472597,0.6636403,27.11769004327575,1.2711769004327576,moderada,consumo_fuera_patron
2025-05-23 23:00:00,Duitama,comedor,23,4,0.5186,0.43889213,0.07970786999999996,18.16115271877852,1.1816115271877852,moderada,consumo_fuera_patron
2025-05-24 00:00:00,Duitama,comedor,0,5,0.5213,0.4258779,0.09542210000000001,22.405975985135647,1.2240597598513565,moderada,consumo_nocturno_alto
2025-05-24 00:00:00,Duitama,oficinas,0,5,0.9601,0.8141524,0.14594759999999996,17.926324358928373,1.1792632435892838,moderada,consumo_nocturno_alto
2025-05-24 03:00:00,Sogamoso,oficinas,3,5,0.9348,0.7739923,0.1608077,20.776395320728643,1.2077639532072864,moderada,consumo_nocturno_alto
2025-05-24 05:00:00,Duitama,oficinas,5,5,0.9329,0.7813284,0.15157159999999992,19.39921804967027,1.1939921804967026,moderada,consumo_nocturno_alto
2025-05-24 07:00:00,Chiquinquirá,salones,7,5,2.916,2.525319,0.39068099999999983,15.470560352969262,1.1547056035296925,moderada,consumo_fin_semana_alto
2025-05-24 07:00:00,Sogamoso,salones,7,5,5.6653,4.632652,1.032648,22.290644753804084,1.222906447538041,moderada,consumo_fin_semana_alto
2025-05-24 08:00:00,Chiquinquirá,oficinas,8,5,1.2835,1.0209289,0.26257110000000017,25.718842908649194,1.2571884290864919,moderada,consumo_fin_semana_alto
2025-05-24 08:00:00,Duitama,comedor,8,5,0.5035,0.43698204,0.06651795999999993,15.222126749190865,1.1522212674919086,moderada,consumo_fin_semana_alto
2025-05-24 09:00:00,Duitama,oficinas,9,5,2.9174,2.342462,0.5749380000000004,24.544176170200434,1.2454417617020044,moderada,consumo_fin_semana_alto
2025-05-24 10:00:00,Duitama,oficinas,10,5,2.9602,2.4781837,0.48201629999999973,19.450386184042763,1.1945038618404276,moderada,consumo_fin_semana_alto
2025-05-24 10:00:00,Sogamoso,oficinas,10,5,2.6466,2.1842203,0.46237970000000006,21.16909635900738,1.2116909635900739,moderada,consumo_fin_semana_alto
2025-05-24 11:00:00,Duitama,oficinas,11,5,2.7552,2.269895,0.4853049999999999,21.38006383555186,1.2138006383555187,moderada,consumo_fin_semana_alto
2025-05-24 11:00:00,Tunja,salones,11,5,2.7581,2.1436598,0.6144402000000002,28.663139552274114,1.286631395522741,moderada,consumo_fin_semana_alto
2025-05-24 12:00:00,Duitama,salones,12,5,6.1842,5.097357,1.086843,21.321696714591504,1.213216967145915,moderada,consumo_fin_semana_alto
2025-05-24 12:00:00,Tunja,laboratorios,12,5,3.8359,3.0906649,0.7452350999999999,24.11245230759245,1.2411245230759245,moderada,consumo_fin_semana_alto
2025-05-24 13:00:00,Tunja,comedor,13,5,0.9674,0.83318305,0.13421695,16.108939086074784,1.1610893908607478,moderada,consumo_fin_semana_alto
2025-05-24 14:00:00,Duitama,oficinas,14,5,0.9459,0.76030695,0.18559304999999993,24.41027929575021,1.2441027929575021,moderada,consumo_fin_semana_alto
2025-05-24 21:00:00,Sogamoso,oficinas,21,5,0.9398,0.807555,0.13224499999999995,16.37597439183708,1.163759743918371,moderada,consumo_fin_semana_alto
2025-05-24 22:00:00,Duitama,oficinas,22,5,0.9627,0.82680005,0.13589995,16.4368579803545,1.164368579803545,moderada,consumo_fin_semana_alto
2025-05-25 00:00:00,Chiquinquirá,laboratorios,0,6,0.7047,0.6076758,0.0970242,15.966441316241326,1.1596644131624132,moderada,consumo_nocturno_alto
2025-05-25 01:00:00,Duitama,oficinas,1,6,0.952,0.81417674,0.13782326,16.92792894083415,1.1692792894083415,moderada,consumo_nocturno_alto
2025-05-25 05:00:00,Tunja,oficinas,5,6,0.5092,0.4243277,0.08487230000000001,20.001593108345276,1.2000159310834528,moderada,consumo_nocturno_alto
2025-05-25 06:00:00,Duitama,oficinas,6,6,0.9534,0.8028409,0.15055910000000006,18.75329221518237,1.1875329221518236,moderada,consumo_nocturno_alto
2025-05-25 07:00:00,Sogamoso,oficinas,7,6,0.9272,0.7957106,0.13148939999999998,16.524776721586964,1.1652477672158696,moderada,consumo_fin_semana_alto
2025-05-25 08:00:00,Sogamoso,oficinas,8,6,0.9315,0.80380124,0.12769876000000002,15.886857800816534,1.1588685780081653,moderada,consumo_fin_semana_alto
2025-05-25 11:00:00,Tunja,oficinas,11,6,0.5062,0.42403844,0.08216155999999997,19.375969782362176,1.1937596978236218,moderada,consumo_fin_semana_alto
2025-05-25 17:00:00,Duitama,oficinas,17,6,0.9515,0.81637865,0.13512135000000003,16.551308636011004,1.16551308636011,moderada,consumo_fin_semana_alto
2025-05-25 20:00:00,Duitama,oficinas,20,6,0.9431,0.7999081,0.14319190000000004,17.901043882415998,1.17901043882416,moderada,consumo_fin_semana_alto
2025-05-25 20:00:00,Sogamoso,oficinas,20,6,0.9402,0.80919313,0.13100687,16.18981490858678,1.1618981490858677,moderada,consumo_fin_semana_alto
2025-05-25 22:00:00,Duitama,oficinas,22,6,0.9594,0.80035794,0.15904205999999999,19.871366553819655,1.1987136655381965,moderada,consumo_fin_semana_alto
2025-05-25 22:00:00,Sogamoso,oficinas,22,6,0.905,0.7861561,0.1188439,15.117086797393037,1.1511708679739303,moderada,consumo_fin_semana_alto
2025-05-26 00:00:00,Sogamoso,oficinas,0,0,0.9386,0.7962585,0.1423415,17.87629268635751,1.178762926863575,moderada,consumo_nocturno_alto
2025-05-26 01:00:00,Sogamoso,oficinas,1,0,0.9211,0.79257166,0.12852834000000002,16.216620715406354,1.1621662071540635,moderada,consumo_nocturno_alto
2025-05-26 04:00:00,Duitama,comedor,4,0,0.5154,0.44276717,0.07263282999999998,16.40429438343407,1.1640429438343407,moderada,consumo_nocturno_alto
2025-05-26 04:00:00,Sogamoso,comedor,4,0,0.5098,0.42484015,0.08495985,19.99807456992942,1.1999807456992941,moderada,consumo_nocturno_alto
2025-05-26 07:00:00,Sogamoso,oficinas,7,0,7.1115,6.023209,1.0882910000000008,18.068292167846092,1.180682921678461,moderada,consumo_pico_excesivo
2025-05-26 08:00:00,Tunja,comedor,8,0,0.568,0.42519733,0.14280266999999996,33.58503450621385,1.3358503450621384,critica,consumo_pico_excesivo
2025-05-26 08:00:00,Tunja,salones,8,0,3.6337,3.12254,0.5111600000000003,16.37000646909248,1.1637000646909248,moderada,consumo_pico_excesivo
2025-05-26 11:00:00,Chiquinquirá,laboratorios,11,0,2.1389,1.8554257,0.28347429999999996,15.278127278284437,1.1527812727828444,moderada,consumo_pico_excesivo
2025-05-26 12:00:00,Chiquinquirá,oficinas,12,0,1.8254,1.4183481,0.4070518999999999,28.699012604874635,1.2869901260487464,moderada,consumo_fuera_patron
2025-05-26 12:00:00,Tunja,laboratorios,12,0,2.2721,1.9408334,0.33126659999999997,17.068265622386754,1.1706826562238675,moderada,consumo_fuera_patron
2025-05-26 12:00:00,Tunja,oficinas,12,0,2.0739,1.4916831,0.5822169000000001,39.03087056493435,1.3903087056493435,critica,consumo_fuera_patron
2025-05-26 13:00:00,Sogamoso,comedor,13,0,3.2207,2.640391,0.5803089999999997,21.97814641846604,1.2197814641846605,moderada,consumo_fuera_patron
2025-05-26 13:00:00,Tunja,salones,13,0,0.6997,0.48131388,0.21838611999999996,45.37291133179038,1.4537291133179038,critica,consumo_fuera_patron
2025-05-26 15:00:00,Sogamoso,salones,15,0,7.6501,6.5499415,1.1001585,16.796462991310687,1.1679646299131068,moderada,consumo_pico_excesivo
2025-05-26 15:00:00,Tunja,salones,15,0,3.7047,3.090014,0.6146859999999998,19.892660680501766,1.1989266068050177,moderada,consumo_pico_excesivo
2025-05-26 16:00:00,Duitama,oficinas,16,0,6.4055,5.4782834,0.9272166000000004,16.925312772245416,1.1692531277224543,moderada,consumo_pico_excesivo
2025-05-26 16:00:00,Tunja,comedor,16,0,0.7305,0.59477156,0.13572844000000006,22.820263968236826,1.2282026396823682,moderada,consumo_pico_excesivo
2025-05-26 16:00:00,Tunja,oficinas,16,0,3.377,2.920516,0.45648399999999967,15.630251640463522,1.1563025164046352,moderada,consumo_pico_excesivo
2025-05-26 17:00:00,Chiquinquirá,laboratorios,17,0,2.2018,1.913763,0.2880369999999999,15.050818727292766,1.1505081872729277,moderada,consumo_pico_excesivo
2025-05-26 17:00:00,Sogamoso,comedor,17,0,1.2853,1.0583484,0.22695160000000003,21.443940388628167,1.2144394038862818,moderada,consumo_pico_excesivo
2025-05-26 18:00:00,Chiquinquirá,oficinas,18,0,1.1237,0.73706,0.3866399999999999,52.457059126801056,1.5245705912680105,critica,consumo_fuera_patron
2025-05-26 18:00:00,Sogamoso,comedor,18,0,0.5068,0.43295857,0.07384143000000004,17.055079889052674,1.1705507988905268,moderada,consumo_fuera_patron
2025-05-26 18:00:00,Tunja,salones,18,0,1.268,0.8484404,0.41955960000000003,49.45068622380548,1.4945068622380546,critica,consumo_fuera_patron
2025-05-26 18:00:00,Tunja,laboratorios,18,0,2.747,2.3463733,0.40062669999999967,17.07429504077632,1.170742950407763,moderada,consumo_fuera_patron
2025-05-26 18:00:00,Tunja,oficinas,18,0,1.2058,0.865225,0.34057499999999996,39.36259354503163,1.3936259354503164,critica,consumo_fuera_patron
2025-05-26 19:00:00,Sogamoso,comedor,19,0,0.5055,0.41957584,0.08592415999999997,20.478814986105963,1.2047881498610595,moderada,consumo_fuera_patron
2025-05-26 19:00:00,Sogamoso,oficinas,19,0,2.4159,1.8836687,0.5322313000000001,28.25503762949398,1.2825503762949397,moderada,consumo_fuera_patron
2025-05-26 20:00:00,Chiquinquirá,salones,20,0,1.6258,1.3743497,0.2514502999999999,18.295947530675775,1.1829594753067578,moderada,consumo_fuera_patron
2025-05-26 20:00:00,Sogamoso,salones,20,0,3.1762,2.669673,0.5065270000000002,18.973372394296987,1.18973372394297,moderada,consumo_fuera_patron
2025-05-26 20:00:00,Tunja,salones,20,0,1.3116,0.8407183,0.47088170000000007,56.00945049013445,1.5600945049013446,critica,consumo_fuera_patron
2025-05-26 21:00:00,Duitama,comedor,21,0,0.5216,0.44154176,0.08005823999999995,18.131521693440718,1.1813152169344072,moderada,consumo_fuera_patron
2025-05-26 23:00:00,Duitama,comedor,23,0,0.5028,0.42715546,0.07564454000000004,17.70890157883035,1.1770890157883034,moderada,consumo_fuera_patron
2025-05-27 01:00:00,Duitama,comedor,1,1,0.511,0.43323046,0.07776954000000003,17.951078509114993,1.17951078509115,moderada,consumo_nocturno_alto
2025-05-27 03:00:00,Duitama,comedor,3,1,0.5097,0.432212,0.07748800000000006,17.928238919789376,1.1792823891978939,moderada,consumo_nocturno_alto
2025-05-27 03:00:00,Sogamoso,comedor,3,1,0.5052,0.42601532,0.07918468000000001,18.5872846075113,1.1858728460751131,moderada,consumo_nocturno_alto
2025-05-27 08:00:00,Chiquinquirá,oficinas,8,1,3.5022,2.9452105,0.5569895000000002,18.911704273769235,1.1891170427376923,moderada,consumo_pico_excesivo
2025-05-27 08:00:00,Tunja,laboratorios,8,1,4.5957,3.9919398,0.6037602,15.124481586621119,1.1512448158662112,moderada,consumo_pico_excesivo
2025-05-27 09:00:00,Duitama,comedor,9,1,1.1235,0.84191495,0.2815850499999999,33.44578333001449,1.334457833300145,critica,consumo_pico_excesivo
2025-05-27 09:00:00,Tunja,comedor,9,1,0.5514,0.47644827,0.07495173,15.731346867940143,1.1573134686794013,moderada,consumo_pico_excesivo
2025-05-27 09:00:00,Tunja,salones,9,1,3.9295,3.1467512,0.7827487999999998,24.874823278052606,1.2487482327805262,moderada,consumo_pico_excesivo
2025-05-27 10:00:00,Chiquinquirá,salones,10,1,4.5874,3.6656957,0.9217042999999996,25.14404837259131,1.251440483725913,moderada,consumo_pico_excesivo
2025-05-27 10:00:00,Duitama,comedor,10,1,1.0602,0.84632635,0.21387365000000003,25.270824901056198,1.2527082490105619,moderada,consumo_pico_excesivo
2025-05-27 10:00:00,Tunja,comedor,10,1,0.5976,0.48376793,0.11383207000000001,23.530305119646936,1.2353030511964693,moderada,consumo_pico_excesivo
2025-05-27 11:00:00,Sogamoso,oficinas,11,1,6.7944,5.903834,0.8905660000000006,15.084536590967849,1.1508453659096785,moderada,consumo_pico_excesivo
2025-05-27 12:00:00,Chiquinquirá,salones,12,1,0.8126,0.6487338,0.16386619999999996,25.259389906923296,1.252593899069233,moderada,consumo_fuera_patron
2025-05-27 12:00:00,Tunja,comedor,12,1,1.9701,1.7055587,0.26454129999999987,15.510536224874574,1.1551053622487457,moderada,consumo_fuera_patron
2025-05-27 13:00:00,Duitama,salones,13,1,1.6272,1.2268196,0.40038039999999997,32.635637709081266,1.3263563770908127,critica,consumo_fuera_patron
2025-05-27 13:00:00,Sogamoso,oficinas,13,1,4.5669,3.8681118,0.6987882000000005,18.065356849303075,1.1806535684930308,moderada,consumo_fuera_patron
2025-05-27 14:00:00,Duitama,oficinas,14,1,6.652,5.6590314,0.9929686000000002,17.546617606680893,1.175466176066809,moderada,consumo_pico_excesivo
2025-05-27 14:00:00,Tunja,laboratorios,14,1,4.3999,3.8118148,0.5880851999999996,15.427958357263307,1.1542795835726332,moderada,consumo_pico_excesivo
2025-05-27 15:00:00,Tunja,laboratorios,15,1,4.3155,3.6641943,0.6513057,17.774867997584078,1.1777486799758408,moderada,consumo_pico_excesivo
2025-05-27 16:00:00,Sogamoso,comedor,16,1,1.242,1.0303935,0.21160650000000003,20.536474657497358,1.2053647465749735,moderada,consumo_pico_excesivo
2025-05-27 16:00:00,Tunja,comedor,16,1,0.729,0.6026107,0.12638929999999993,20.973623601439524,1.2097362360143953,moderada,consumo_pico_excesivo
2025-05-27 16:00:00,Tunja,salones,16,1,3.4162,2.9612727,0.45492730000000003,15.362560158677722,1.1536256015867772,moderada,consumo_pico_excesivo
2025-05-27 17:00:00,Sogamoso,comedor,17,1,1.3524,1.0805104,0.27188959999999995,25.16307108196274,1.2516307108196274,moderada,consumo_pico_excesivo
2025-05-27 17:00:00,Tunja,comedor,17,1,0.7404,0.6105943,0.1298056999999999,21.25891119520767,1.2125891119520766,moderada,consumo_pico_excesivo
2025-05-27 17:00:00,Tunja,salones,17,1,3.5108,2.951205,0.5595950000000003,18.961576711885495,1.189615767118855,moderada,consumo_pico_excesivo
2025-05-27 19:00:00,Tunja,salones,19,1,1.1256,0.7945839,0.3310160999999999,41.6590494723087,1.416590494723087,critica,consumo_fuera_patron
2025-05-27 19:00:00,Tunja,oficinas,19,1,1.1488,0.81860554,0.3301944600000001,40.336211259943354,1.4033621125994336,critica,consumo_fuera_patron
2025-05-27 20:00:00,Duitama,salones,20,1,3.5177,3.0168226,0.5008774000000003,16.602812508763368,1.1660281250876336,moderada,consumo_fuera_patron
2025-05-27 20:00:00,Sogamoso,salones,20,1,2.9778,2.4832218,0.49457819999999986,19.91679518921749,1.199167951892175,moderada,consumo_fuera_patron
2025-05-27 21:00:00,Duitama,comedor,21,1,0.511,0.44154176,0.06945824,15.73084276332096,1.1573084276332095,moderada,consumo_fuera_patron
2025-05-27 22:00:00,Duitama,comedor,22,1,0.5022,0.4324711,0.06972889999999998,16.123366393731274,1.1612336639373129,moderada,consumo_fuera_patron
2025-05-28 01:00:00,Sogamoso,comedor,1,2,0.507,0.42941663,0.07758336999999998,18.06715543364028,1.1806715543364028,moderada,consumo_nocturno_alto
2025-05-28 03:00:00,Duitama,comedor,3,2,0.5095,0.42367882,0.08582117999999994,20.256188402337397,1.202561884023374,moderada,consumo_nocturno_alto
2025-05-28 07:00:00,Duitama,comedor,7,2,0.9392,0.7377976,0.20140239999999998,27.297784649882296,1.2729778464988228,moderada,consumo_pico_excesivo
2025-05-28 07:00:00,Tunja,comedor,7,2,0.5075,0.38501474,0.12248525999999993,31.813135258146204,1.318131352581462,critica,consumo_pico_excesivo
2025-05-28 08:00:00,Chiquinquirá,oficinas,8,2,3.3374,2.8532333,0.4841667000000003,16.96905402022331,1.169690540202233,moderada,consumo_pico_excesivo
2025-05-28 08:00:00,Sogamoso,comedor,8,2,0.8369,0.7194636,0.1174364,16.32277157593518,1.1632277157593518,moderada,consumo_pico_excesivo
2025-05-28 08:00:00,Sogamoso,salones,8,2,7.5531,6.340411,1.2126890000000001,19.12634685669431,1.191263468566943,moderada,consumo_pico_excesivo
2025-05-28 08:00:00,Tunja,comedor,8,2,0.5257,0.39091676,0.13478323999999997,34.478757063268404,1.344787570632684,critica,consumo_pico_excesivo
2025-05-28 09:00:00,Tunja,comedor,9,2,0.5397,0.46122196,0.07847803999999997,17.01524359334494,1.1701524359334494,moderada,consumo_pico_excesivo
2025-05-28 10:00:00,Duitama,comedor,10,2,1.0523,0.83751535,0.21478465000000002,25.645458319062453,1.2564545831906246,moderada,consumo_pico_excesivo
2025-05-28 11:00:00,Sogamoso,salones,11,2,7.6205,6.4449,1.1756000000000002,18.240779531102117,1.1824077953110212,moderada,consumo_pico_excesivo
2025-05-28 12:00:00,Chiquinquirá,salones,12,2,0.9437,0.78980625,0.15389374999999994,19.48500027696665,1.1948500027696665,moderada,consumo_fuera_patron
2025-05-28 12:00:00,Duitama,laboratorios,12,2,5.9606,5.1789837,0.7816163000000005,15.092078779857921,1.1509207877985792,moderada,consumo_fuera_patron
2025-05-28 12:00:00,Tunja,comedor,12,2,1.9568,1.6681805,0.28861950000000003,17.30145508834326,1.1730145508834326,moderada,consumo_fuera_patron
2025-05-28 13:00:00,Tunja,oficinas,13,2,2.2524,1.9554862,0.2969138000000002,15.183630546715197,1.1518363054671519,moderada,consumo_fuera_patron
2025-05-28 14:00:00,Chiquinquirá,salones,14,2,4.3811,3.7573295,0.6237705,16.60143194787681,1.166014319478768,moderada,consumo_pico_excesivo
2025-05-28 16:00:00,Tunja,salones,16,2,3.5675,2.895493,0.6720069999999998,23.20872473185049,1.232087247318505,moderada,consumo_pico_excesivo
2025-05-28 18:00:00,Duitama,comedor,18,2,0.5218,0.4494227,0.07237730000000003,16.104504734629565,1.1610450473462957,moderada,consumo_fuera_patron
2025-05-28 18:00:00,Duitama,laboratorios,18,2,6.4908,5.466761,1.0240390000000001,18.732097488805532,1.1873209748880553,moderada,consumo_fuera_patron
2025-05-28 18:00:00,Sogamoso,laboratorios,18,2,7.3297,6.1455894,1.1841105999999995,19.26764908830387,1.1926764908830387,moderada,consumo_fuera_patron
2025-05-28 19:00:00,Chiquinquirá,oficinas,19,2,1.1984,0.9644963,0.23390369999999994,24.251383857045376,1.2425138385704537,moderada,consumo_fuera_patron
2025-05-28 19:00:00,Duitama,salones,19,2,3.6145,2.6448345,0.9696655000000001,36.662615373476115,1.366626153734761,critica,consumo_fuera_patron
2025-05-28 19:00:00,Tunja,salones,19,2,1.2213,0.87771773,0.3435822700000001,39.144961786290914,1.3914496178629092,critica,consumo_fuera_patron
2025-05-28 19:00:00,Tunja,laboratorios,19,2,2.8244,2.3556037,0.4687962999999997,19.90132296022458,1.1990132296022458,moderada,consumo_fuera_patron
2025-05-28 19:00:00,Tunja,oficinas,19,2,1.164,0.8707898,0.2932102,33.67175407888333,1.3367175407888332,critica,consumo_fuera_patron
2025-05-28 20:00:00,Duitama,comedor,20,2,0.5047,0.43007907,0.07462093000000003,17.35051417405642,1.1735051417405642,moderada,consumo_fuera_patron
2025-05-28 20:00:00,Tunja,salones,20,2,1.2738,0.72282505,0.5509749500000001,76.22521521632379,1.762252152163238,critica,consumo_fuera_patron
2025-05-28 20:00:00,Tunja,laboratorios,20,2,2.7705,2.158333,0.6121670000000003,28.36295418732885,1.2836295418732886,moderada,consumo_fuera_patron
2025-05-28 22:00:00,Sogamoso,comedor,22,2,0.5037,0.42094213,0.08275787000000001,19.660153760328054,1.1966015376032806,moderada,consumo_fuera_patron
2025-05-28 23:00:00,Duitama,comedor,23,2,0.5097,0.43049967,0.07920033000000004,18.397303301068742,1.1839730330106875,moderada,consumo_fuera_patron
2025-05-28 23:00:00,Duitama,oficinas,23,2,0.9345,0.81005555,0.12444445000000004,15.36245878446238,1.1536245878446238,moderada,consumo_fuera_patron
2025-05-29 04:00:00,Duitama,comedor,4,3,0.512,0.42641947,0.08558052999999999,20.069564365810965,1.2006956436581098,moderada,consumo_nocturno_alto
2025-05-29 05:00:00,Sogamoso,comedor,5,3,0.5042,0.42484015,0.07935984999999995,18.67993173432406,1.1867993173432407,moderada,consumo_nocturno_alto
2025-05-29 07:00:00,Tunja,comedor,7,3,0.5288,0.42519733,0.10360267000000006,24.36578564592587,1.2436578564592586,moderada,consumo_pico_excesivo
2025-05-29 08:00:00,Chiquinquirá,oficinas,8,3,3.4481,2.9470763,0.5010237000000002,17.00070337507041,1.170007033750704,moderada,consumo_pico_excesivo
2025-05-29 08:00:00,Tunja,comedor,8,3,0.5409,0.41813853,0.12276147000000004,29.35904280335037,1.2935904280335038,moderada,consumo_pico_excesivo
2025-05-29 08:00:00,Tunja,oficinas,8,3,3.5184,3.0228033,0.4955967000000001,16.395267928945298,1.163952679289453,moderada,consumo_pico_excesivo
2025-05-29 09:00:00,Duitama,comedor,9,3,1.0679,0.8201025,0.24779750000000011,30.21543038827465,1.3021543038827466,critica,consumo_pico_excesivo
2025-05-29 09:00:00,Tunja,comedor,9,3,0.7009,0.50164044,0.19925956,39.72159022904932,1.3972159022904933,critica,consumo_pico_excesivo
2025-05-29 09:00:00,Tunja,laboratorios,9,3,4.8747,4.106768,0.7679320000000001,18.699181448769448,1.1869918144876945,moderada,consumo_pico_excesivo
2025-05-29 10:00:00,Duitama,comedor,10,3,1.0228,0.7969945,0.22580549999999988,28.33212776248768,1.2833212776248768,moderada,consumo_pico_excesivo
2025-05-29 10:00:00,Sogamoso,salones,10,3,7.7481,6.717895,1.0302049999999996,15.335235218770157,1.1533523521877016,moderada,consumo_pico_excesivo
2025-05-29 10:00:00,Tunja,comedor,10,3,0.6,0.48704132,0.11295867999999998,23.192833002341562,1.2319283300234156,moderada,consumo_pico_excesivo
2025-05-29 10:00:00,Tunja,laboratorios,10,3,4.7653,4.036875,0.7284249999999997,18.04427930020126,1.1804427930020125,moderada,consumo_pico_excesivo
2025-05-29 11:00:00,Sogamoso,salones,11,3,8.089,6.5247726,1.5642274,23.973669212625126,1.2397366921262511,moderada,consumo_pico_excesivo
2025-05-29 13:00:00,Chiquinquirá,comedor,13,3,0.9099,0.76864904,0.14125096000000004,18.376522008015524,1.1837652200801552,moderada,consumo_fuera_patron
2025-05-29 13:00:00,Chiquinquirá,oficinas,13,3,2.0062,1.6645604,0.34163960000000015,20.52431380681651,1.2052431380681652,moderada,consumo_fuera_patron
2025-05-29 13:00:00,Sogamoso,oficinas,13,3,3.9792,3.1854281,0.7937718999999999,24.918845288016385,1.2491884528801638,moderada,consumo_fuera_patron
2025-05-29 13:00:00,Tunja,comedor,13,3,1.852,1.4838984,0.36810160000000014,24.80638836189864,1.2480638836189863,moderada,consumo_fuera_patron
2025-05-29 15:00:00,Tunja,laboratorios,15,3,4.1044,3.3936303,0.7107697000000002,20.944228957408832,1.2094422895740884,moderada,consumo_pico_excesivo
2025-05-29 16:00:00,Sogamoso,comedor,16,3,1.4073,1.1495016,0.2577984,22.426971828486362,1.2242697182848636,moderada,consumo_pico_excesivo
2025-05-29 17:00:00,Tunja,comedor,17,3,0.8475,0.6533921,0.1941079,29.707720677981868,1.2970772067798186,moderada,consumo_pico_excesivo
2025-05-29 17:00:00,Tunja,salones,17,3,3.5529,2.9843771,0.5685229,19.04996858473415,1.1904996858473416,moderada,consumo_pico_excesivo
2025-05-29 18:00:00,Chiquinquirá,salones,18,3,1.9239,1.4579514,0.46594859999999994,31.95913114799299,1.31959131147993,critica,consumo_fuera_patron
2025-05-29 18:00:00,Sogamoso,salones,18,3,2.8159,2.1888146,0.6270853999999999,28.649543912947212,1.286495439129472,moderada,consumo_fuera_patron
2025-05-29 18:00:00,Tunja,laboratorios,18,3,2.7668,2.401789,0.365011,15.197463224288226,1.1519746322428823,moderada,consumo_fuera_patron
2025-05-29 19:00:00,Sogamoso,comedor,19,3,0.5007,0.42613074,0.07456926000000003,17.49915061279081,1.1749915061279081,moderada,consumo_fuera_patron
2025-05-29 19:00:00,Tunja,salones,19,3,1.2881,0.9809772,0.30712280000000003,31.307842832636684,1.3130784283263668,critica,consumo_fuera_patron
2025-05-29 19:00:00,Tunja,oficinas,19,3,1.0305,0.89016503,0.14033496999999995,15.765050891743067,1.1576505089174307,moderada,consumo_fuera_patron
2025-05-29 20:00:00,Sogamoso,laboratorios,20,3,7.3961,6.1834726,1.2126273999999997,19.61078310592012,1.1961078310592013,moderada,consumo_fuera_patron
2025-05-29 21:00:00,Tunja,oficinas,21,3,0.5018,0.4279439,0.07385610000000004,17.258360266380716,1.1725836026638072,moderada,consumo_fuera_patron
2025-05-29 22:00:00,Sogamoso,oficinas,22,3,0.918,0.79407424,0.12392576,15.606319127037793,1.1560631912703778,moderada,consumo_fuera_patron
2025-05-30 01:00:00,Duitama,comedor,1,4,0.5134,0.441034,0.07236599999999999,16.408258773699984,1.1640825877369998,moderada,consumo_nocturno_alto
2025-05-30 02:00:00,Duitama,comedor,2,4,0.5084,0.44091296,0.06748703999999994,15.306204653181421,1.1530620465318142,moderada,consumo_nocturno_alto
2025-05-30 06:00:00,Sogamoso,comedor,6,4,0.5065,0.43147182,0.07502817999999994,17.388894598029587,1.173888945980296,moderada,consumo_nocturno_alto
2025-05-30 07:00:00,Tunja,comedor,7,4,0.5426,0.4225775,0.12002249999999998,28.40248238488797,1.2840248238488798,moderada,consumo_pico_excesivo
2025-05-30 07:00:00,Tunja,laboratorios,7,4,4.9636,4.0886855,0.8749144999999992,21.39842988657355,1.2139842988657354,moderada,consumo_pico_excesivo
2025-05-30 08:00:00,Duitama,oficinas,8,4,6.949,6.028067,0.9209329999999998,15.277418117615477,1.1527741811761547,moderada,consumo_pico_excesivo
2025-05-30 10:00:00,Sogamoso,comedor,10,4,1.0569,0.8407654,0.21613459999999995,25.706885654428685,1.257068856544287,moderada,consumo_pico_excesivo
2025-05-30 10:00:00,Tunja,comedor,10,4,0.5649,0.48565328,0.07924671999999994,16.317550660833575,1.1631755066083358,moderada,consumo_pico_excesivo
2025-05-30 11:00:00,Duitama,salones,11,4,8.0599,6.4704537,1.5894463000000005,24.56468083528672,1.2456468083528671,moderada,consumo_pico_excesivo
2025-05-30 11:00:00,Sogamoso,laboratorios,11,4,11.2875,9.656708,1.6307919999999996,16.887659852612295,1.168876598526123,moderada,consumo_pico_excesivo
2025-05-30 13:00:00,Chiquinquirá,laboratorios,13,4,1.1799,0.9764815,0.20341849999999995,20.831782271348708,1.2083178227134872,moderada,consumo_fuera_patron
2025-05-30 13:00:00,Duitama,salones,13,4,1.3515,0.99544394,0.3560560599999999,35.768569749894695,1.3576856974989469,critica,consumo_fuera_patron
2025-05-30 13:00:00,Duitama,laboratorios,13,4,4.5552,3.827777,0.7274229999999999,19.003797765648308,1.1900379776564831,moderada,consumo_fuera_patron
2025-05-30 13:00:00,Duitama,oficinas,13,4,3.841,2.985611,0.8553890000000002,28.650383455848743,1.2865038345584874,moderada,consumo_fuera_patron
2025-05-30 13:00:00,Tunja,comedor,13,4,1.8852,1.5371449,0.34805510000000006,22.642959684542433,1.2264295968454244,moderada,consumo_fuera_patron
2025-05-30 14:00:00,Sogamoso,oficinas,14,4,4.6741,3.8707786,0.8033214000000002,20.753483549795387,1.2075348354979538,moderada,consumo_pico_excesivo
2025-05-30 14:00:00,Tunja,laboratorios,14,4,4.1331,3.460005,0.6730949999999996,19.45358460464651,1.194535846046465,moderada,consumo_pico_excesivo
2025-05-30 15:00:00,Sogamoso,laboratorios,15,4,10.8855,8.810652,2.074848000000001,23.549312809086107,1.235493128090861,moderada,consumo_pico_excesivo
2025-05-30 15:00:00,Tunja,laboratorios,15,4,4.2371,3.5542786,0.6828213999999999,19.211251475897246,1.1921125147589724,moderada,consumo_pico_excesivo
2025-05-30 16:00:00,Duitama,salones,16,4,4.021,3.295239,0.7257609999999999,22.024532970142676,1.2202453297014269,moderada,consumo_pico_excesivo
2025-05-30 16:00:00,Sogamoso,salones,16,4,3.7861,3.0082765,0.7778234999999998,25.856117281772462,1.2585611728177246,moderada,consumo_pico_excesivo
2025-05-30 17:00:00,Tunja,comedor,17,4,0.8148,0.66392285,0.15087715000000002,22.72510277361293,1.2272510277361293,moderada,consumo_pico_excesivo
2025-05-30 19:00:00,Chiquinquirá,salones,19,4,1.7186,1.449245,0.269355,18.585884374277644,1.1858588437427764,moderada,consumo_fuera_patron
2025-05-30 19:00:00,Sogamoso,oficinas,19,4,2.0999,1.7011869,0.39871309999999993,23.437348359548263,1.2343734835954827,moderada,consumo_fuera_patron
2025-05-30 19:00:00,Tunja,salones,19,4,1.4833,1.0090766,0.4742234000000001,46.995778120313176,1.4699577812031317,critica,consumo_fuera_patron
2025-05-30 19:00:00,Tunja,oficinas,19,4,1.337,1.1081268,0.2288732,20.654062332938793,1.206540623329388,moderada,consumo_fuera_patron
2025-05-30 20:00:00,Duitama,comedor,20,4,0.5229,0.4236319,0.09926810000000003,23.432631017635835,1.2343263101763584,moderada,consumo_fuera_patron
2025-05-30 22:00:00,Duitama,comedor,22,4,0.5188,0.41242576,0.10637424000000006,25.792336540763134,1.2579233654076314,moderada,consumo_fuera_patron
2025-05-31 00:00:00,Sogamoso,oficinas,0,5,0.9144,0.7894901,0.12490990000000002,15.821591683036939,1.1582159168303694,moderada,consumo_nocturno_alto
2025-05-31 01:00:00,Tunja,oficinas,1,5,0.5093,0.43262234,0.07667765999999998,17.723925213848176,1.1772392521384818,moderada,consumo_nocturno_alto
2025-05-31 02:00:00,Duitama,comedor,2,5,0.5164,0.4314756,0.08492439999999996,19.68231807314248,1.1968231807314247,moderada,consumo_nocturno_alto
2025-05-31 06:00:00,Duitama,comedor,6,5,0.5087,0.43317205,0.07552795000000007,17.436016474285466,1.1743601647428545,moderada,consumo_nocturno_alto
2025-05-31 07:00:00,Chiquinquirá,salones,7,5,3.0542,2.5443516,0.5098483999999996,20.038441228012655,1.2003844122801266,moderada,consumo_fin_semana_alto
2025-05-31 07:00:00,Duitama,comedor,7,5,0.5022,0.42931494,0.07288506,16.977061175648814,1.169770611756488,moderada,consumo_fin_semana_alto
2025-05-31 08:00:00,Chiquinquirá,oficinas,8,5,1.3419,1.1222048,0.2196952000000001,19.5771039296927,1.195771039296927,moderada,consumo_fin_semana_alto
2025-05-31 08:00:00,Duitama,oficinas,8,5,2.7455,2.2342901,0.5112098999999999,22.88019357915966,1.2288019357915965,moderada,consumo_fin_semana_alto
2025-05-31 09:00:00,Chiquinquirá,oficinas,9,5,1.4054,1.1398495,0.2655505,23.296979118734537,1.2329697911873454,moderada,consumo_fin_semana_alto
2025-05-31 10:00:00,Chiquinquirá,salones,10,5,3.2122,2.6563897,0.5558103000000001,20.92352262922869,1.209235226292287,moderada,consumo_fin_semana_alto
2025-05-31 10:00:00,Duitama,salones,10,5,6.5156,5.1889973,1.3266027000000005,25.565684915657993,1.25565684915658,moderada,consumo_fin_semana_alto
2025-05-31 12:00:00,Sogamoso,salones,12,5,4.4973,3.734159,0.7631410000000001,20.436756977943364,1.2043675697794336,moderada,consumo_fin_semana_alto
2025-05-31 12:00:00,Tunja,comedor,12,5,1.0238,0.86589444,0.15790556,18.23612125284001,1.1823612125284002,moderada,consumo_fin_semana_alto
2025-05-31 12:00:00,Tunja,laboratorios,12,5,3.6995,2.856227,0.8432729999999999,29.524018924266173,1.2952401892426617,moderada,consumo_fin_semana_alto
2025-05-31 13:00:00,Chiquinquirá,laboratorios,13,5,0.6342,0.5375514,0.09664859999999997,17.979415549843228,1.1797941554984324,moderada,consumo_fin_semana_alto
2025-05-31 13:00:00,Duitama,comedor,13,5,1.5223,1.2721332,0.2501667999999999,19.665141983559575,1.1966514198355958,moderada,consumo_fin_semana_alto
2025-05-31 18:00:00,Sogamoso,oficinas,18,5,0.8919,0.7325027,0.15939730000000008,21.76064333960818,1.2176064333960819,moderada,consumo_fin_semana_alto
2025-05-31 21:00:00,Sogamoso,comedor,21,5,0.5007,0.41730702,0.08339298000000006,19.983603439021962,1.1998360343902197,moderada,consumo_fin_semana_alto
2025-06-01 03:00:00,Duitama,oficinas,3,6,0.9572,0.8241371,0.1330629000000001,16.145723812215238,1.1614572381221524,moderada,consumo_nocturno_alto
2025-06-01 03:00:00,Sogamoso,oficinas,3,6,0.9119,0.78431386,0.12758614000000001,16.267230060170046,1.1626723006017006,moderada,consumo_nocturno_alto
2025-06-01 06:00:00,Sogamoso,oficinas,6,6,0.9249,0.7809045,0.14399550000000005,18.439578719292825,1.1843957871929283,moderada,consumo_nocturno_alto
2025-06-01 07:00:00,Sogamoso,oficinas,7,6,0.9319,0.7681258,0.16377419999999998,21.32127315603772,1.2132127315603771,moderada,consumo_fin_semana_alto
2025-06-01 10:00:00,Duitama,oficinas,10,6,0.9504,0.822012,0.12838800000000006,15.618750091239553,1.1561875009123954,moderada,consumo_fin_semana_alto
2025-06-01 13:00:00,Duitama,oficinas,13,6,0.9498,0.78928375,0.16051625000000003,20.336951064810346,1.2033695106481035,moderada,consumo_fin_semana_alto
2025-06-01 20:00:00,Duitama,oficinas,20,6,0.9298,0.7911587,0.13864129999999997,17.52382928987572,1.1752382928987573,moderada,consumo_fin_semana_alto
2025-06-01 23:00:00,Chiquinquirá,laboratorios,23,6,0.7115,0.6143248,0.09717520000000002,15.818212124921544,1.1581821212492154,moderada,consumo_fin_semana_alto
2025-06-02 00:00:00,Duitama,comedor,0,0,0.5168,0.43798274,0.07881726000000006,17.995517357601823,1.1799551735760183,moderada,consumo_nocturno_alto
2025-06-02 01:00:00,Duitama,comedor,1,0,0.5083,0.43916982,0.06913017999999999,15.74110443199398,1.15741104431994,moderada,consumo_nocturno_alto
2025-06-02 05:00:00,Duitama,comedor,5,0,0.5129,0.44227102,0.07062898000000001,15.96961519206029,1.1596961519206028,moderada,consumo_nocturno_alto
2025-06-02 07:00:00,Tunja,comedor,7,0,0.5111,0.4190659,0.09203410000000001,21.961724874297815,1.2196172487429782,moderada,consumo_pico_excesivo
2025-06-02 07:00:00,Tunja,oficinas,7,0,3.7289,3.1124082,0.6164917999999999,19.807549665239925,1.1980754966523992,moderada,consumo_pico_excesivo
2025-06-02 08:00:00,Tunja,comedor,8,0,0.553,0.44416127,0.10883873000000005,24.504326998164437,1.2450432699816445,moderada,consumo_pico_excesivo
2025-06-02 09:00:00,Duitama,comedor,9,0,0.8875,0.7537428,0.1337571999999999,17.745735017302973,1.1774573501730297,moderada,consumo_pico_excesivo
2025-06-02 09:00:00,Duitama,salones,9,0,8.9586,7.2368703,1.721729700000001,23.791081346310726,1.2379108134631072,moderada,consumo_pico_excesivo
2025-06-02 09:00:00,Tunja,comedor,9,0,0.5332,0.40025333,0.13294667,33.215631210363696,1.3321563121036368,critica,consumo_pico_excesivo
2025-06-02 09:00:00,Tunja,salones,9,0,3.7145,3.0694518,0.6450482000000002,21.01509461722123,1.2101509461722124,moderada,consumo_pico_excesivo
2025-06-02 10:00:00,Chiquinquirá,laboratorios,10,0,2.5373,2.190113,0.3471869999999999,15.852469712749976,1.1585246971274998,moderada,consumo_pico_excesivo
2025-06-02 10:00:00,Tunja,comedor,10,0,0.5672,0.48377216,0.08342784000000003,17.24527513116919,1.172452751311692,moderada,consumo_pico_excesivo
2025-06-02 11:00:00,Chiquinquirá,salones,11,0,4.4173,3.8036718,0.6136282,16.132522264407775,1.1613252226440778,moderada,consumo_pico_excesivo
2025-06-02 11:00:00,Sogamoso,oficinas,11,0,7.3113,5.8294873,1.4818126999999999,25.419262856958273,1.2541926285695828,moderada,consumo_pico_excesivo
2025-06-02 12:00:00,Chiquinquirá,comedor,12,0,0.9311,0.7679069,0.1631931000000001,21.251677775001124,1.2125167777500112,moderada,consumo_fuera_patron
2025-06-02 12:00:00,Chiquinquirá,oficinas,12,0,1.7759,1.3369207,0.43897929999999996,32.835103832261694,1.328351038322617,critica,consumo_fuera_patron
2025-06-02 12:00:00,Tunja,salones,12,0,0.6955,0.5832895,0.11221049999999999,19.237531277350268,1.1923753127735026,moderada,consumo_fuera_patron
2025-06-02 13:00:00,Chiquinquirá,comedor,13,0,1.0842,0.6838904,0.40030960000000004,58.534174481759074,1.5853417448175906,critica,consumo_fuera_patron
2025-06-02 13:00:00,Chiquinquirá,oficinas,13,0,2.1594,1.6655964,0.4938036000000001,29.647254280808973,1.2964725428080897,moderada,consumo_fuera_patron
2025-06-02 13:00:00,Duitama,salones,13,0,1.6326,1.4021037,0.2304963,16.439319003294834,1.1643931900329483,moderada,consumo_fuera_patron
2025-06-02 13:00:00,Tunja,salones,13,0,0.6528,0.46797702,0.18482298000000003,39.49402900168047,1.3949402900168046,critica,consumo_fuera_patron
2025-06-02 13:00:00,Tunja,laboratorios,13,0,2.3253,1.9111006,0.4141994,21.673343621994572,1.2167334362199458,moderada,consumo_fuera_patron
2025-06-02 13:00:00,Tunja,oficinas,13,0,2.2295,1.6447929,0.5847070999999999,35.54898005700292,1.355489800570029,critica,consumo_fuera_patron
2025-06-02 13:00:00,Tunja,salones,13,0,0.6528,0.46797702,0.18482298000000003,39.49402900168047,1.3949402900168046,critica,consumo_fuera_patron
2025-06-02 13:00:00,Tunja,laboratorios,13,0,2.3253,1.9111006,0.4141994,21.673343621994572,1.2167334362199458,moderada,consumo_fuera_patron
2025-06-02 13:00:00,Tunja,oficinas,13,0,2.2295,1.6447929,0.5847070999999999,35.54898005700292,1.355489800570029,critica,consumo_fuera_patron
2025-06-02 15:00:00,Sogamoso,laboratorios,15,0,10.4008,8.941036,1.4597639999999998,16.326564393656394,1.1632656439365638,moderada,consumo_pico_excesivo
2025-06-02 16:00:00,Duitama,oficinas,16,0,6.796,5.907246,0.8887540000000005,15.045149634872166,1.1504514963487216,moderada,consumo_pico_excesivo
2025-06-02 16:00:00,Tunja,oficinas,16,0,3.4556,2.8789892,0.5766108000000001,20.02823768842204,1.2002823768842203,moderada,consumo_pico_excesivo
2025-06-02 18:00:00,Sogamoso,laboratorios,18,0,7.0639,6.048841,1.015059,16.78104946054955,1.1678104946054955,moderada,consumo_fuera_patron
2025-06-02 19:00:00,Sogamoso,laboratorios,19,0,6.3107,5.4738145,0.8368855000000002,15.28889040722882,1.1528889040722883,moderada,consumo_fuera_patron
2025-06-02 19:00:00,Sogamoso,oficinas,19,0,2.3843,1.9434019,0.44089810000000007,22.686923379049905,1.226869233790499,moderada,consumo_fuera_patron
2025-06-02 21:00:00,Duitama,comedor,21,0,0.5038,0.4340045,0.06979550000000001,16.08174569618518,1.160817456961852,moderada,consumo_fuera_patron
2025-06-02 23:00:00,Duitama,comedor,23,0,0.5128,0.43780056,0.07499944000000003,17.130960271042145,1.1713096027104215,moderada,consumo_fuera_patron
2025-06-03 01:00:00,Sogamoso,comedor,1,1,0.505,0.42553693,0.07946307000000002,18.673601372271033,1.1867360137227103,moderada,consumo_nocturno_alto
2025-06-03 03:00:00,Duitama,comedor,3,1,0.5166,0.4286768,0.08792319999999992,20.510370516902228,1.2051037051690223,moderada,consumo_nocturno_alto
2025-06-03 07:00:00,Sogamoso,comedor,7,1,0.8573,0.72550696,0.13179303999999992,18.165647921558175,1.1816564792155817,moderada,consumo_pico_excesivo
2025-06-03 07:00:00,Sogamoso,oficinas,7,1,6.6928,5.7654986,0.9273014000000002,16.08362891632651,1.160836289163265,moderada,consumo_pico_excesivo
2025-06-03 07:00:00,Tunja,comedor,7,1,0.5255,0.4264276,0.09907239999999995,23.233111552816922,1.2323311155281693,moderada,consumo_pico_excesivo
2025-06-03 08:00:00,Sogamoso,comedor,8,1,0.8454,0.72530335,0.12009665000000003,16.55812702367913,1.1655812702367914,moderada,consumo_pico_excesivo
2025-06-03 09:00:00,Chiquinquirá,laboratorios,9,1,2.3631,2.036558,0.32654200000000033,16.034014253461002,1.16034014253461,moderada,consumo_pico_excesivo
2025-06-03 09:00:00,Duitama,comedor,9,1,0.9993,0.85812163,0.14117837,16.45202324057488,1.1645202324057489,moderada,consumo_pico_excesivo
2025-06-03 09:00:00,Tunja,comedor,9,1,0.6132,0.46155992,0.15164007999999995,32.85382318291414,1.3285382318291414,critica,consumo_pico_excesivo
2025-06-03 10:00:00,Sogamoso,comedor,10,1,1.1735,0.844979,0.32852099999999995,38.87919108048838,1.3887919108048838,critica,consumo_pico_excesivo
2025-06-03 10:00:00,Tunja,comedor,10,1,0.5323,0.40221688,0.13008312,32.34153673510669,1.323415367351067,critica,consumo_pico_excesivo
2025-06-03 11:00:00,Chiquinquirá,laboratorios,11,1,2.375,2.018755,0.3562449999999999,17.646767438346895,1.176467674383469,moderada,consumo_pico_excesivo
2025-06-03 11:00:00,Duitama,laboratorios,11,1,10.3131,8.781337,1.5317629999999998,17.44339159287475,1.1744339159287476,moderada,consumo_pico_excesivo
2025-06-03 11:00:00,Tunja,oficinas,11,1,3.6304,3.0207734,0.6096265999999999,20.181143014567063,1.2018114301456706,moderada,consumo_pico_excesivo
2025-06-03 12:00:00,Chiquinquirá,comedor,12,1,1.0454,0.77495337,0.27044663000000013,34.898439115117355,1.3489843911511736,critica,consumo_fuera_patron
2025-06-03 12:00:00,Chiquinquirá,oficinas,12,1,1.9751,1.614866,0.36023400000000017,22.307361725369176,1.2230736172536918,moderada,consumo_fuera_patron
2025-06-03 12:00:00,Duitama,comedor,12,1,2.9967,2.4485326,0.5481674000000001,22.38758838661164,1.2238758838661163,moderada,consumo_fuera_patron
2025-06-03 12:00:00,Sogamoso,oficinas,12,1,4.6008,3.832702,0.7680979999999997,20.040639736666186,1.2004063973666619,moderada,consumo_fuera_patron
2025-06-03 12:00:00,Tunja,salones,12,1,0.7217,0.58125746,0.14044254,24.161847316333798,1.241618473163338,moderada,consumo_fuera_patron
2025-06-03 13:00:00,Tunja,salones,13,1,0.8084,0.6036205,0.2047795,33.925206317545545,1.3392520631754554,critica,consumo_fuera_patron
2025-06-03 14:00:00,Tunja,salones,14,1,3.697,3.084721,0.612279,19.848764280464913,1.1984876428046491,moderada,consumo_pico_excesivo
2025-06-03 15:00:00,Chiquinquirá,salones,15,1,3.916,3.255117,0.6608830000000001,20.302895410518275,1.2030289541051828,moderada,consumo_pico_excesivo
2025-06-03 15:00:00,Tunja,laboratorios,15,1,4.5775,3.9506516,0.6268483999999996,15.866962300598708,1.158669623005987,moderada,consumo_pico_excesivo
2025-06-03 16:00:00,Chiquinquirá,laboratorios,16,1,2.2375,1.8571509,0.3803490999999999,20.480247458620614,1.2048024745862063,moderada,consumo_pico_excesivo
2025-06-03 16:00:00,Duitama,comedor,16,1,1.2146,1.0457937,0.16880629999999996,16.141453137459134,1.1614145313745914,moderada,consumo_pico_excesivo
2025-06-03 16:00:00,Sogamoso,salones,16,1,7.1433,6.1624317,0.9808683,15.916903387343021,1.1591690338734302,moderada,consumo_pico_excesivo
2025-06-03 18:00:00,Tunja,oficinas,18,1,1.2849,1.1129768,0.17192319999999994,15.447150380852499,1.154471503808525,moderada,consumo_fuera_patron
2025-06-03 19:00:00,Chiquinquirá,salones,19,1,1.7834,1.4980503,0.28534970000000004,19.048072017341475,1.1904807201734147,moderada,consumo_fuera_patron
2025-06-03 19:00:00,Duitama,comedor,19,1,0.5172,0.4336518,0.08354820000000002,19.26619467508264,1.1926619467508264,moderada,consumo_fuera_patron
2025-06-03 20:00:00,Duitama,laboratorios,20,1,5.7154,4.9597096,0.7556903999999998,15.23658562590035,1.1523658562590036,moderada,consumo_fuera_patron
2025-06-03 20:00:00,Sogamoso,salones,20,1,3.1202,2.5566194,0.5635805999999999,22.043977292826604,1.220439772928266,moderada,consumo_fuera_patron
2025-06-03 20:00:00,Tunja,laboratorios,20,1,2.7914,2.3367467,0.4546532999999999,19.456678809046778,1.1945667880904678,moderada,consumo_fuera_patron
2025-06-03 22:00:00,Duitama,oficinas,22,1,0.9608,0.8153156,0.14548439999999996,17.843936752835337,1.1784393675283533,moderada,consumo_fuera_patron
2025-06-03 23:00:00,Duitama,comedor,23,1,0.5061,0.42620915,0.07989085000000001,18.744517803055146,1.1874451780305515,moderada,consumo_fuera_patron
2025-06-03 23:00:00,Sogamoso,comedor,23,1,0.5048,0.42473823,0.08006177000000003,18.84967359778281,1.188496735977828,moderada,consumo_fuera_patron
2025-06-04 00:00:00,Sogamoso,oficinas,0,2,0.9282,0.80498534,0.12321466000000003,15.306447692575375,1.1530644769257536,moderada,consumo_nocturno_alto
2025-06-04 01:00:00,Duitama,comedor,1,2,0.5168,0.4350774,0.08172260000000003,18.783462436798608,1.187834624367986,moderada,consumo_nocturno_alto
2025-06-04 02:00:00,Duitama,comedor,2,2,0.5117,0.43491012,0.07678988000000003,17.65649417401463,1.1765649417401463,moderada,consumo_nocturno_alto
2025-06-04 03:00:00,Duitama,comedor,3,2,0.5185,0.4342032,0.08429679999999995,19.414136054271353,1.1941413605427136,moderada,consumo_nocturno_alto
2025-06-04 03:00:00,Sogamoso,comedor,3,2,0.5036,0.42601532,0.07758468000000007,18.211711259585705,1.1821171125958572,moderada,consumo_nocturno_alto
2025-06-04 10:00:00,Sogamoso,comedor,10,2,0.9848,0.794659,0.190141,23.927370104661243,1.2392737010466124,moderada,consumo_pico_excesivo
2025-06-04 11:00:00,Chiquinquirá,salones,11,2,4.5025,3.8185153,0.6839847000000003,17.912320529395295,1.1791232052939529,moderada,consumo_pico_excesivo
2025-06-04 11:00:00,Tunja,salones,11,2,3.9501,3.2860556,0.6640443999999999,20.20794779004956,1.2020794779004955,moderada,consumo_pico_excesivo
2025-06-04 12:00:00,Chiquinquirá,oficinas,12,2,2.2438,1.7243958,0.5194041999999999,30.120938591940426,1.3012093859194043,critica,consumo_fuera_patron
2025-06-04 12:00:00,Sogamoso,laboratorios,12,2,6.2371,5.362035,0.8750650000000002,16.319643568160227,1.1631964356816022,moderada,consumo_fuera_patron
2025-06-04 12:00:00,Tunja,comedor,12,2,1.7966,1.3702707,0.4263292999999999,31.112779394611582,1.311127793946116,critica,consumo_fuera_patron
2025-06-04 12:00:00,Tunja,salones,12,2,0.8415,0.634153,0.20734700000000006,32.696683607899054,1.3269668360789906,critica,consumo_fuera_patron
2025-06-04 13:00:00,Chiquinquirá,oficinas,13,2,1.831,1.4670748,0.36392519999999995,24.806178935116325,1.2480617893511632,moderada,consumo_fuera_patron
2025-06-04 13:00:00,Sogamoso,oficinas,13,2,4.3864,3.444525,0.941875,27.344118564969044,1.2734411856496906,moderada,consumo_fuera_patron
2025-06-04 15:00:00,Chiquinquirá,salones,15,2,4.269,3.255117,1.0138830000000003,31.147359680158974,1.3114735968015898,critica,consumo_pico_excesivo
2025-06-04 15:00:00,Duitama,oficinas,15,2,6.7661,5.717591,1.0485090000000001,18.338300168724906,1.183383001687249,moderada,consumo_pico_excesivo
2025-06-04 16:00:00,Duitama,comedor,16,2,1.2924,1.1098294,0.18257060000000003,16.450330113799474,1.1645033011379948,moderada,consumo_pico_excesivo
2025-06-04 16:00:00,Sogamoso,oficinas,16,2,6.1976,5.3548455,0.8427545000000007,15.73816648865034,1.1573816648865034,moderada,consumo_pico_excesivo
2025-06-04 16:00:00,Tunja,laboratorios,16,2,4.4903,3.7758968,0.7144032000000005,18.92009336695856,1.1892009336695857,moderada,consumo_pico_excesivo
2025-06-04 17:00:00,Sogamoso,comedor,17,2,1.323,1.061206,0.26179399999999986,24.66947981824451,1.246694798182445,moderada,consumo_pico_excesivo
2025-06-04 18:00:00,Sogamoso,salones,18,2,3.1051,2.423241,0.6818590000000002,28.138307333030443,1.2813830733303044,moderada,consumo_fuera_patron
2025-06-04 18:00:00,Sogamoso,oficinas,18,2,2.508,1.761759,0.7462409999999999,42.35772316190806,1.4235772316190807,critica,consumo_fuera_patron
2025-06-04 18:00:00,Tunja,oficinas,18,2,1.0701,0.90429825,0.16580175000000008,18.334852467092585,1.1833485246709259,moderada,consumo_fuera_patron
2025-06-04 19:00:00,Duitama,oficinas,19,2,2.4955,2.1349459,0.3605540999999999,16.88820779955126,1.1688820779955127,moderada,consumo_fuera_patron
2025-06-04 19:00:00,Tunja,oficinas,19,2,1.0909,0.9360164,0.1548836,16.547103234515976,1.1654710323451598,moderada,consumo_fuera_patron
2025-06-04 20:00:00,Duitama,comedor,20,2,0.5099,0.42328373,0.08661627,20.46293392850228,1.204629339285023,moderada,consumo_fuera_patron
2025-06-04 20:00:00,Sogamoso,salones,20,2,2.3324,1.7977718,0.5346281999999998,29.738379476193792,1.297383794761938,moderada,consumo_fuera_patron
2025-06-04 20:00:00,Tunja,laboratorios,20,2,3.111,2.3954203,0.7155797000000002,29.8728244058047,1.298728244058047,moderada,consumo_fuera_patron
2025-06-04 21:00:00,Duitama,comedor,21,2,0.5068,0.42642394,0.08037606000000003,18.84886200338565,1.1884886200338565,moderada,consumo_fuera_patron
2025-06-04 23:00:00,Duitama,comedor,23,2,0.5104,0.44007483,0.07032516999999999,15.980275445428225,1.1598027544542822,moderada,consumo_fuera_patron
2025-06-05 01:00:00,Sogamoso,oficinas,1,3,0.9329,0.80692464,0.12597535999999998,15.611787489845394,1.156117874898454,moderada,consumo_nocturno_alto
2025-06-05 05:00:00,Sogamoso,comedor,5,3,0.5078,0.43194646,0.07585354000000005,17.560866224022316,1.175608662240223,moderada,consumo_nocturno_alto
2025-06-05 06:00:00,Duitama,comedor,6,3,0.5236,0.44253942,0.08106057999999994,18.317143363183312,1.183171433631833,moderada,consumo_nocturno_alto
2025-06-05 07:00:00,Tunja,comedor,7,3,0.5426,0.38173544,0.16086456,42.14032629509065,1.4214032629509066,critica,consumo_pico_excesivo
2025-06-05 09:00:00,Chiquinquirá,oficinas,9,3,3.2981,2.8569455,0.44115449999999967,15.441474119824813,1.1544147411982482,moderada,consumo_pico_excesivo
2025-06-05 09:00:00,Duitama,salones,9,3,8.4565,7.1686463,1.2878537000000003,17.965089168927197,1.179650891689272,moderada,consumo_pico_excesivo
2025-06-05 09:00:00,Tunja,comedor,9,3,0.6531,0.40547684,0.24762316,61.06961867415165,1.6106961867415166,critica,consumo_pico_excesivo
2025-06-05 09:00:00,Tunja,oficinas,9,3,3.8493,3.2944934,0.5548066,16.840422263404747,1.1684042226340474,moderada,consumo_pico_excesivo
2025-06-05 11:00:00,Tunja,laboratorios,11,3,4.7021,4.066898,0.6352019999999996,15.618832830329149,1.1561883283032914,moderada,consumo_pico_excesivo
2025-06-05 12:00:00,Chiquinquirá,comedor,12,3,1.1055,0.9579788,0.1475211999999999,15.39921342726999,1.1539921342727,moderada,consumo_fuera_patron
2025-06-05 13:00:00,Chiquinquirá,comedor,13,3,1.0076,0.84245944,0.1651405600000001,19.602197109928536,1.1960219710992854,moderada,consumo_fuera_patron
2025-06-05 13:00:00,Duitama,oficinas,13,3,3.8603,2.996356,0.863944,28.83315600682963,1.2883315600682963,moderada,consumo_fuera_patron
2025-06-05 15:00:00,Duitama,salones,15,3,8.6048,7.477879,1.1269209999999994,15.07006197880441,1.150700619788044,moderada,consumo_pico_excesivo
2025-06-05 16:00:00,Tunja,comedor,16,3,0.7052,0.61122406,0.09397594000000009,15.375039392264778,1.1537503939226477,moderada,consumo_pico_excesivo
2025-06-05 17:00:00,Sogamoso,comedor,17,3,1.312,1.1135885,0.19841149999999996,17.817308637795733,1.1781730863779574,moderada,consumo_pico_excesivo
2025-06-05 18:00:00,Chiquinquirá,salones,18,3,1.5836,1.3410449,0.2425550999999999,18.08702303703626,1.1808702303703627,moderada,consumo_fuera_patron
2025-06-05 18:00:00,Duitama,laboratorios,18,3,6.348,5.478666,0.8693340000000003,15.867621789683845,1.1586762178968384,moderada,consumo_fuera_patron
2025-06-05 18:00:00,Sogamoso,laboratorios,18,3,6.8216,5.862013,0.959587,16.369581575475863,1.1636958157547586,moderada,consumo_fuera_patron
2025-06-05 18:00:00,Tunja,salones,18,3,1.058,0.7941545,0.26384550000000007,33.22344707484502,1.3322344707484501,critica,consumo_fuera_patron
2025-06-05 18:00:00,Tunja,oficinas,18,3,1.0215,0.752749,0.2687510000000001,35.702604719501466,1.3570260471950146,critica,consumo_fuera_patron
2025-06-05 19:00:00,Chiquinquirá,oficinas,19,3,1.2426,0.9678543,0.2747457,28.387092974634715,1.283870929746347,moderada,consumo_fuera_patron
2025-06-05 19:00:00,Duitama,comedor,19,3,0.5167,0.43856654,0.07813346000000004,17.815645489051683,1.1781564548905168,moderada,consumo_fuera_patron
2025-06-05 19:00:00,Duitama,salones,19,3,3.7481,2.7737577,0.9743423,35.1271598092364,1.351271598092364,critica,consumo_fuera_patron
2025-06-05 19:00:00,Sogamoso,oficinas,19,3,2.3229,1.8750582,0.4478418000000002,23.884154635840112,1.238841546358401,moderada,consumo_fuera_patron
2025-06-05 19:00:00,Tunja,laboratorios,19,3,2.8836,2.458565,0.42503499999999983,17.287930154378664,1.1728793015437866,moderada,consumo_fuera_patron
2025-06-05 20:00:00,Chiquinquirá,salones,20,3,1.7159,1.3220013,0.39389870000000005,29.795636358300104,1.2979563635830011,moderada,consumo_fuera_patron
2025-06-05 22:00:00,Sogamoso,comedor,22,3,0.5046,0.42403972,0.08056028000000004,18.998286292614296,1.1899828629261429,moderada,consumo_fuera_patron
2025-06-06 03:00:00,Sogamoso,oficinas,3,4,0.9282,0.8001339,0.12806610000000007,16.005583565450742,1.1600558356545074,moderada,consumo_nocturno_alto
2025-06-06 06:00:00,Sogamoso,comedor,6,4,0.5042,0.42931524,0.07488476,17.44283757548416,1.1744283757548415,moderada,consumo_nocturno_alto
2025-06-06 07:00:00,Chiquinquirá,oficinas,7,4,3.5625,2.9758716,0.5866283999999999,19.712826319522655,1.1971282631952265,moderada,consumo_pico_excesivo
2025-06-06 07:00:00,Duitama,comedor,7,4,0.9669,0.7466246,0.2202754,29.502831811327944,1.2950283181132793,moderada,consumo_pico_excesivo
2025-06-06 07:00:00,Duitama,oficinas,7,4,6.928,5.945045,0.9829549999999996,16.534021189074256,1.1653402118907425,moderada,consumo_pico_excesivo
2025-06-06 07:00:00,Sogamoso,laboratorios,7,4,11.1363,9.666675,1.4696250000000006,15.203004135341269,1.1520300413534128,moderada,consumo_pico_excesivo
2025-06-06 07:00:00,Tunja,laboratorios,7,4,5.0011,4.0991874,0.9019126000000002,22.002229027148164,1.2200222902714817,moderada,consumo_pico_excesivo
2025-06-06 08:00:00,Sogamoso,comedor,8,4,0.8828,0.73954475,0.14325525000000006,19.370734495782717,1.1937073449578273,moderada,consumo_pico_excesivo
2025-06-06 08:00:00,Tunja,comedor,8,4,0.5598,0.42793363,0.13186636999999996,30.814677967702597,1.308146779677026,critica,consumo_pico_excesivo
2025-06-06 08:00:00,Tunja,laboratorios,8,4,4.6034,4.002226,0.6011739999999994,15.020990818609429,1.1502099081860944,moderada,consumo_pico_excesivo
2025-06-06 09:00:00,Duitama,comedor,9,4,0.9017,0.7740729,0.1276271,16.487736490968743,1.1648773649096875,moderada,consumo_pico_excesivo
2025-06-06 09:00:00,Tunja,comedor,9,4,0.5196,0.40547684,0.11412315999999995,28.145420093537265,1.2814542009353727,moderada,consumo_pico_excesivo
2025-06-06 09:00:00,Tunja,oficinas,9,4,3.8463,3.3092632,0.5370367999999996,16.228289124902474,1.1622828912490248,moderada,consumo_pico_excesivo
2025-06-06 10:00:00,Duitama,comedor,10,4,1.0483,0.8201025,0.22819750000000005,27.825485228980533,1.2782548522898054,moderada,consumo_pico_excesivo
2025-06-06 10:00:00,Sogamoso,comedor,10,4,0.9782,0.8102565,0.1679434999999999,20.727201818189663,1.2072720181818966,moderada,consumo_pico_excesivo
2025-06-06 10:00:00,Tunja,comedor,10,4,0.6588,0.47839335,0.18040665000000006,37.71094435154671,1.3771094435154672,critica,consumo_pico_excesivo
2025-06-06 10:00:00,Tunja,laboratorios,10,4,4.7192,3.9945753,0.7246246999999997,18.140218811246335,1.1814021881124632,moderada,consumo_pico_excesivo
2025-06-06 12:00:00,Chiquinquirá,salones,12,4,0.8633,0.73033726,0.13296273999999997,18.205662956316917,1.1820566295631691,moderada,consumo_fuera_patron
2025-06-06 12:00:00,Sogamoso,salones,12,4,1.6144,1.2908524,0.32354760000000016,25.06464720521108,1.2506464720521109,moderada,consumo_fuera_patron
2025-06-06 12:00:00,Tunja,laboratorios,12,4,2.6505,2.2513494,0.3991506,17.729393758250055,1.1772939375825004,moderada,consumo_fuera_patron
2025-06-06 13:00:00,Chiquinquirá,comedor,13,4,1.0079,0.85321033,0.15468967,18.13030908802991,1.181303090880299,moderada,consumo_fuera_patron
2025-06-06 13:00:00,Chiquinquirá,salones,13,4,0.679,0.56976354,0.10923646000000009,19.172244682416867,1.1917224468241687,moderada,consumo_fuera_patron
2025-06-06 14:00:00,Sogamoso,salones,14,4,3.5393,2.9415205,0.5977794999999997,20.32212592093102,1.2032212592093101,moderada,consumo_pico_excesivo
2025-06-06 14:00:00,Sogamoso,oficinas,14,4,4.7472,3.779788,0.9674120000000004,25.594345502975308,1.255943455029753,moderada,consumo_pico_excesivo
2025-06-06 17:00:00,Duitama,comedor,17,4,1.4195,1.0754753,0.34402470000000007,31.988154446689766,1.3198815444668976,critica,consumo_pico_excesivo
2025-06-06 17:00:00,Tunja,salones,17,4,2.0136,1.5030801,0.5105198999999998,33.9649164405809,1.339649164405809,critica,consumo_pico_excesivo
2025-06-06 18:00:00,Chiquinquirá,oficinas,18,4,0.8178,0.699747,0.11805299999999996,16.8708118791506,1.168708118791506,moderada,consumo_fuera_patron
2025-06-06 18:00:00,Sogamoso,oficinas,18,4,2.5115,2.015123,0.49637699999999985,24.63259066568144,1.2463259066568144,moderada,consumo_fuera_patron
2025-06-06 18:00:00,Tunja,salones,18,4,1.5148,1.2375681,0.27723189999999986,22.401345024972755,1.2240134502497275,moderada,consumo_fuera_patron
2025-06-06 19:00:00,Chiquinquirá,salones,19,4,1.6643,1.4308329,0.23346709999999993,16.316866910175182,1.1631686691017518,moderada,consumo_fuera_patron
2025-06-06 19:00:00,Duitama,salones,19,4,3.3075,2.741058,0.5664419999999999,20.665086255015392,1.206650862550154,moderada,consumo_fuera_patron
2025-06-06 19:00:00,Duitama,oficinas,19,4,2.2383,1.8333613,0.4049387000000002,22.087228523913982,1.2208722852391398,moderada,consumo_fuera_patron
2025-06-06 19:00:00,Sogamoso,salones,19,4,3.0915,2.5003772,0.5911228,23.641344993867325,1.2364134499386732,moderada,consumo_fuera_patron
2025-06-06 19:00:00,Tunja,salones,19,4,0.9178,0.7546351,0.16316489999999995,21.62169504174931,1.2162169504174931,moderada,consumo_fuera_patron
2025-06-06 19:00:00,Tunja,oficinas,19,4,1.3504,0.78191286,0.56848714,72.70466686019206,1.7270466686019206,critica,consumo_fuera_patron
2025-06-06 20:00:00,Duitama,laboratorios,20,4,6.8925,5.8589745,1.0335254999999997,17.64004093207778,1.1764004093207778,moderada,consumo_fuera_patron
2025-06-06 20:00:00,Sogamoso,comedor,20,4,0.5007,0.4079926,0.09270740000000005,22.72281409025557,1.2272281409025556,moderada,consumo_fuera_patron
2025-06-06 20:00:00,Tunja,salones,20,4,1.2015,0.9901241,0.21137590000000006,21.348424909564372,1.2134842490956437,moderada,consumo_fuera_patron
2025-06-06 23:00:00,Sogamoso,oficinas,23,4,0.9223,0.8018109,0.12048910000000002,15.027121731570375,1.1502712173157037,moderada,consumo_fuera_patron
2025-06-07 00:00:00,Sogamoso,comedor,0,5,0.5002,0.4234987,0.07670129999999997,18.11134249054365,1.1811134249054365,moderada,consumo_nocturno_alto
2025-06-07 02:00:00,Sogamoso,oficinas,2,5,0.928,0.78648406,0.14151594,17.993491184042558,1.1799349118404256,moderada,consumo_nocturno_alto
2025-06-07 07:00:00,Duitama,comedor,7,5,0.5033,0.43379435,0.06950564999999997,16.022719060310482,1.1602271906031048,moderada,consumo_fin_semana_alto
2025-06-07 07:00:00,Duitama,salones,7,5,6.4877,5.261862,1.2258380000000004,23.29665810315817,1.2329665810315817,moderada,consumo_fin_semana_alto
2025-06-07 07:00:00,Sogamoso,comedor,7,5,0.5034,0.39216545,0.11123454999999993,28.364189145168172,1.2836418914516818,moderada,consumo_fin_semana_alto
2025-06-07 07:00:00,Tunja,salones,7,5,2.5411,2.1728563,0.3682437000000003,16.947448388556587,1.169474483885566,moderada,consumo_fin_semana_alto
2025-06-07 09:00:00,Chiquinquirá,oficinas,9,5,1.4038,1.1561825,0.24761750000000005,21.416817846663484,1.214168178466635,moderada,consumo_fin_semana_alto
2025-06-07 09:00:00,Duitama,salones,9,5,5.817,4.9159565,0.9010435000000001,18.32895592139597,1.1832895592139596,moderada,consumo_fin_semana_alto
2025-06-07 11:00:00,Tunja,salones,11,5,2.5154,2.1426566,0.37274340000000006,17.39632006360702,1.1739632006360703,moderada,consumo_fin_semana_alto
2025-06-07 12:00:00,Chiquinquirá,salones,12,5,3.0059,2.5867739,0.41912610000000017,16.202656907895978,1.1620265690789597,moderada,consumo_fin_semana_alto
2025-06-07 12:00:00,Duitama,oficinas,12,5,2.9556,2.4399807,0.5156193,21.132105676081782,1.211321056760818,moderada,consumo_fin_semana_alto
2025-06-07 13:00:00,Duitama,comedor,13,5,1.6699,1.2776144,0.3922855999999999,30.704538082851908,1.3070453808285192,critica,consumo_fin_semana_alto
2025-06-07 13:00:00,Tunja,comedor,13,5,1.0269,0.68267184,0.3442281599999999,50.423664758165486,1.5042366475816549,critica,consumo_fin_semana_alto
2025-06-07 14:00:00,Sogamoso,comedor,14,5,0.5071,0.42193267,0.08516732999999999,20.185052273861608,1.201850522738616,moderada,consumo_fin_semana_alto
2025-06-07 14:00:00,Tunja,laboratorios,14,5,1.792,1.4983559,0.2936441000000001,19.59775377799094,1.1959775377799093,moderada,consumo_fin_semana_alto
2025-06-07 15:00:00,Duitama,comedor,15,5,0.5078,0.42293668,0.08486332000000002,20.06525421252184,1.2006525421252183,moderada,consumo_fin_semana_alto
2025-06-07 21:00:00,Duitama,oficinas,21,5,0.9299,0.79656297,0.13333702999999997,16.73904449763714,1.1673904449763715,moderada,consumo_fin_semana_alto
2025-06-07 21:00:00,Sogamoso,comedor,21,5,0.509,0.42668414,0.08231586000000002,19.291989620237587,1.192919896202376,moderada,consumo_fin_semana_alto
2025-06-07 23:00:00,Duitama,oficinas,23,5,0.9557,0.8138418,0.14185820000000005,17.430684931641512,1.174306849316415,moderada,consumo_fin_semana_alto
2025-06-08 00:00:00,Duitama,oficinas,0,6,0.9531,0.8159178,0.13718219999999992,16.813237804102314,1.168132378041023,moderada,consumo_nocturno_alto
2025-06-08 00:00:00,Sogamoso,oficinas,0,6,0.9037,0.785497,0.11820299999999995,15.048179687509938,1.1504817968750993,moderada,consumo_nocturno_alto
2025-06-08 09:00:00,Duitama,oficinas,9,6,0.9559,0.822012,0.133888,16.287840080193476,1.1628784008019348,moderada,consumo_fin_semana_alto
2025-06-08 13:00:00,Tunja,oficinas,13,6,0.5025,0.43242374,0.07007625999999995,16.205460875020403,1.162054608750204,moderada,consumo_fin_semana_alto
2025-06-08 14:00:00,Sogamoso,oficinas,14,6,0.8779,0.74244636,0.13545364000000004,18.244232485697694,1.1824423248569769,moderada,consumo_fin_semana_alto
2025-06-08 15:00:00,Chiquinquirá,laboratorios,15,6,0.7146,0.60688895,0.10771105000000003,17.748065770516998,1.17748065770517,moderada,consumo_fin_semana_alto
2025-06-08 20:00:00,Duitama,oficinas,20,6,0.9062,0.78715235,0.11904765000000006,15.123838479298202,1.1512383847929821,moderada,consumo_fin_semana_alto
2025-06-08 21:00:00,Duitama,oficinas,21,6,0.9266,0.80139375,0.12520624999999996,15.623562075446678,1.1562356207544668,moderada,consumo_fin_semana_alto
2025-06-09 00:00:00,Tunja,laboratorios,0,0,6.807476367802021,3.5633202,3.244156167802021,91.04307179023712,1.9104307179023712,critica,consumo_nocturno_alto
2025-06-09 07:00:00,Sogamoso,comedor,7,0,0.8693,0.71598446,0.15331553999999992,21.413249667457855,1.2141324966745786,moderada,consumo_pico_excesivo
2025-06-09 07:00:00,Sogamoso,oficinas,7,0,6.9974,5.9513984,1.0460015999999994,17.575728084343996,1.17575728084344,moderada,consumo_pico_excesivo
2025-06-09 08:00:00,Tunja,oficinas,8,0,4.0503,3.5029798,0.5473202000000001,15.624417817082477,1.1562441781708248,moderada,consumo_pico_excesivo
2025-06-09 09:00:00,Duitama,comedor,9,0,1.0016,0.83513474,0.16646526000000006,19.932742829019432,1.1993274282901942,moderada,consumo_pico_excesivo
2025-06-09 09:00:00,Sogamoso,comedor,9,0,1.0767,0.794659,0.282041,35.492078992372825,1.3549207899237283,critica,consumo_pico_excesivo
2025-06-09 10:00:00,Duitama,comedor,10,0,1.0564,0.85536057,0.20103943000000002,23.50347175811483,1.2350347175811482,moderada,consumo_pico_excesivo
2025-06-09 10:00:00,Tunja,comedor,10,0,0.507,0.40461656,0.10238343999999999,25.30381850905954,1.2530381850905954,moderada,consumo_pico_excesivo
2025-06-09 12:00:00,Sogamoso,salones,12,0,1.2725,1.0606282,0.21187179999999994,19.9760670138697,1.199760670138697,moderada,consumo_fuera_patron
2025-06-09 13:00:00,Chiquinquirá,salones,13,0,0.7609,0.6546586,0.10624140000000004,16.228519720049512,1.162285197200495,moderada,consumo_fuera_patron
2025-06-09 13:00:00,Tunja,salones,13,0,0.761,0.6094788,0.15152120000000002,24.860782688421654,1.2486078268842165,moderada,consumo_fuera_patron
2025-06-09 13:00:00,Tunja,laboratorios,13,0,2.7263,2.341094,0.38520600000000016,16.45410222742018,1.1645410222742019,moderada,consumo_fuera_patron
2025-06-09 15:00:00,Chiquinquirá,oficinas,15,0,2.7817,2.295371,0.486329,21.187381037749457,1.2118738103774946,moderada,consumo_pico_excesivo
2025-06-09 16:00:00,Chiquinquirá,laboratorios,16,0,2.2681,1.9290856,0.33901439999999994,17.573839128756127,1.1757383912875612,moderada,consumo_pico_excesivo
2025-06-09 16:00:00,Tunja,salones,16,0,3.3992,2.896127,0.5030730000000001,17.37054348790644,1.1737054348790643,moderada,consumo_pico_excesivo
2025-06-09 18:00:00,Chiquinquirá,oficinas,18,0,0.8522,0.72798294,0.12421705999999999,17.063182826784374,1.1706318282678438,moderada,consumo_fuera_patron
2025-06-09 18:00:00,Sogamoso,oficinas,18,0,2.3545,2.0120249,0.3424750999999997,17.021414595813386,1.1702141459581339,moderada,consumo_fuera_patron
2025-06-09 20:00:00,Chiquinquirá,salones,20,0,1.6521,1.3265519,0.3255481,24.54092448248727,1.2454092448248726,moderada,consumo_fuera_patron
2025-06-09 20:00:00,Duitama,comedor,20,0,0.5125,0.38336554,0.12913445999999995,33.68442035765655,1.3368442035765655,critica,consumo_fuera_patron
2025-06-09 20:00:00,Duitama,salones,20,0,3.263,2.5403273,0.7226727,28.448015340385467,1.2844801534038546,moderada,consumo_fuera_patron
2025-06-09 20:00:00,Sogamoso,oficinas,20,0,0.9386,0.80693805,0.13166195000000003,16.3162401376413,1.163162401376413,moderada,consumo_fuera_patron
2025-06-09 20:00:00,Tunja,salones,20,0,1.3556,0.84981716,0.50578284,59.516665914347975,1.5951666591434797,critica,consumo_fuera_patron
2025-06-09 20:00:00,Tunja,laboratorios,20,0,2.4639,2.1035626,0.36033740000000014,17.12986340411263,1.1712986340411262,moderada,consumo_fuera_patron
2025-06-09 23:00:00,Duitama,comedor,23,0,0.5213,0.4421669,0.07913310000000001,17.89665847895897,1.1789665847895896,moderada,consumo_fuera_patron
2025-06-10 00:00:00,Duitama,oficinas,0,1,0.9602,0.8239574,0.1362426000000001,16.53515096775636,1.1653515096775635,moderada,consumo_nocturno_alto
2025-06-10 00:00:00,Sogamoso,comedor,0,1,0.5047,0.42601532,0.07868468000000006,18.46991793628456,1.1846991793628456,moderada,consumo_nocturno_alto
2025-06-10 02:00:00,Sogamoso,comedor,2,1,0.5043,0.42639095,0.07790904999999998,18.271740992626597,1.182717409926266,moderada,consumo_nocturno_alto
2025-06-10 06:00:00,Sogamoso,oficinas,6,1,0.9252,0.800647,0.12455300000000002,15.556543645326846,1.1555654364532684,moderada,consumo_nocturno_alto
2025-06-10 07:00:00,Tunja,comedor,7,1,0.5029,0.4170779,0.08582210000000001,20.576995328690398,1.205769953286904,moderada,consumo_pico_excesivo
2025-06-10 09:00:00,Sogamoso,comedor,9,1,1.0964,0.8098394,0.28656060000000005,35.384867666354594,1.353848676663546,critica,consumo_pico_excesivo
2025-06-10 09:00:00,Tunja,comedor,9,1,0.5453,0.45125723,0.09404277,20.840169142553126,1.2084016914255313,moderada,consumo_pico_excesivo
2025-06-10 09:00:00,Tunja,laboratorios,9,1,4.4609,3.836194,0.6247059999999998,16.284525756518043,1.1628452575651804,moderada,consumo_pico_excesivo
2025-06-10 10:00:00,Duitama,oficinas,10,1,7.0777,5.9570503,1.1206497000000004,18.81215775532398,1.1881215775532399,moderada,consumo_pico_excesivo
2025-06-10 12:00:00,Chiquinquirá,comedor,12,1,0.8348,0.70449746,0.13030253999999997,18.495814023232953,1.1849581402323295,moderada,consumo_fuera_patron
2025-06-10 12:00:00,Chiquinquirá,laboratorios,12,1,1.1692,0.9963226,0.17287740000000007,17.351548584765624,1.1735154858476562,moderada,consumo_fuera_patron
2025-06-10 12:00:00,Chiquinquirá,oficinas,12,1,1.9702,1.380703,0.5894969999999999,42.69542399777504,1.4269542399777504,critica,consumo_fuera_patron
2025-06-10 12:00:00,Sogamoso,comedor,12,1,3.2315,2.5654407,0.6660593000000001,25.962763434758017,1.2596276343475803,moderada,consumo_fuera_patron
2025-06-10 13:00:00,Chiquinquirá,salones,13,1,0.8396,0.72183543,0.11776457000000007,16.314600961052864,1.1631460096105286,moderada,consumo_fuera_patron
2025-06-10 13:00:00,Duitama,comedor,13,1,3.3782,2.6690657,0.7091343000000001,26.568634110430484,1.265686341104305,moderada,consumo_fuera_patron
2025-06-10 13:00:00,Duitama,salones,13,1,1.8293,1.4021037,0.42719629999999986,30.46823854754822,1.304682385475482,critica,consumo_fuera_patron
2025-06-10 13:00:00,Sogamoso,salones,13,1,1.3503,1.1622696,0.18803040000000015,16.177864412869454,1.1617786441286946,moderada,consumo_fuera_patron
2025-06-10 13:00:00,Tunja,comedor,13,1,1.8164,1.5425953,0.2738047000000001,17.74961326538465,1.1774961326538465,moderada,consumo_fuera_patron
2025-06-10 13:00:00,Tunja,salones,13,1,0.647,0.50434005,0.14265994999999998,28.286460692542654,1.2828646069254266,moderada,consumo_fuera_patron
2025-06-10 14:00:00,Duitama,salones,14,1,8.4886,7.1563945,1.3322054999999997,18.6155961636827,1.186155961636827,moderada,consumo_pico_excesivo
2025-06-10 14:00:00,Tunja,salones,14,1,3.7259,3.10993,0.6159700000000004,19.806555131465995,1.1980655513146599,moderada,consumo_pico_excesivo
2025-06-10 15:00:00,Chiquinquirá,salones,15,1,4.2872,3.72429,0.5629100000000005,15.11455874811039,1.1511455874811038,moderada,consumo_pico_excesivo
2025-06-10 16:00:00,Chiquinquirá,laboratorios,16,1,9.176996678323604,5.2739506,3.9030460783236043,74.00611750750195,1.7400611750750195,critica,consumo_pico_excesivo
2025-06-10 16:00:00,Duitama,comedor,16,1,1.4498,1.1408503,0.3089496999999999,27.08065203646787,1.2708065203646788,moderada,consumo_pico_excesivo
2025-06-10 16:00:00,Duitama,salones,16,1,8.5088,7.0766945,1.4321055000000005,20.236927000310672,1.2023692700031068,moderada,consumo_pico_excesivo
2025-06-10 16:00:00,Tunja,comedor,16,1,0.8005,0.5908312,0.2096688,35.48709005211641,1.354870900521164,critica,consumo_pico_excesivo
2025-06-10 17:00:00,Tunja,comedor,17,1,0.7735,0.64998806,0.12351193999999999,19.002185978616282,1.190021859786163,moderada,consumo_pico_excesivo
2025-06-10 18:00:00,Duitama,laboratorios,18,1,6.7546,5.572356,1.1822439999999999,21.216232415875798,1.212162324158758,moderada,consumo_fuera_patron
2025-06-10 18:00:00,Tunja,laboratorios,18,1,2.7738,2.3627386,0.4110613999999999,17.397667266281587,1.1739766726628158,moderada,consumo_fuera_patron
2025-06-10 19:00:00,Duitama,salones,19,1,2.7378,2.3721356,0.3656644,15.414987237660444,1.1541498723766044,moderada,consumo_fuera_patron
2025-06-10 19:00:00,Duitama,oficinas,19,1,2.4193,2.0832365,0.33606349999999985,16.131797805962016,1.1613179780596201,moderada,consumo_fuera_patron
2025-06-10 19:00:00,Sogamoso,laboratorios,19,1,7.4616,6.3095636,1.1520364,18.258574967054773,1.1825857496705479,moderada,consumo_fuera_patron
2025-06-10 19:00:00,Tunja,laboratorios,19,1,2.8443,2.4448845,0.3994154999999999,16.336784007588083,1.163367840075881,moderada,consumo_fuera_patron
2025-06-10 22:00:00,Duitama,comedor,22,1,0.5214,0.43637896,0.08502103999999999,19.483304144636122,1.1948330414463613,moderada,consumo_fuera_patron
2025-06-10 23:00:00,Duitama,comedor,23,1,0.502,0.4334933,0.06850669999999998,15.803404573957652,1.1580340457395766,moderada,consumo_fuera_patron
2025-06-11 02:00:00,Sogamoso,oficinas,2,2,0.9376,0.7750281,0.1625719,20.976258796293966,1.2097625879629397,moderada,consumo_nocturno_alto
2025-06-11 04:00:00,Duitama,comedor,4,2,0.5008,0.42701834,0.07378166000000003,17.278335164714477,1.1727833516471449,moderada,consumo_nocturno_alto
2025-06-11 06:00:00,Sogamoso,comedor,6,2,0.5064,0.43027216,0.07612783999999995,17.692950433976474,1.1769295043397647,moderada,consumo_nocturno_alto
2025-06-11 07:00:00,Tunja,salones,7,2,3.6944,3.1911423,0.5032576999999998,15.77045624070101,1.1577045624070101,moderada,consumo_pico_excesivo
2025-06-11 08:00:00,Chiquinquirá,salones,8,2,4.3767,3.7920673,0.5846326999999998,15.41725538468159,1.154172553846816,moderada,consumo_pico_excesivo
2025-06-11 08:00:00,Sogamoso,salones,8,2,7.8143,6.718367,1.0959330000000005,16.312490818081248,1.1631249081808124,moderada,consumo_pico_excesivo
2025-06-11 08:00:00,Tunja,salones,8,2,3.8668,3.311391,0.555409,16.772679517459583,1.1677267951745958,moderada,consumo_pico_excesivo
2025-06-11 09:00:00,Sogamoso,comedor,9,2,0.9612,0.8098394,0.15136060000000007,18.69019956302448,1.186901995630245,moderada,consumo_pico_excesivo
2025-06-11 09:00:00,Tunja,salones,9,2,3.6903,3.0484302,0.6418698000000003,21.055748627605126,1.2105574862760513,moderada,consumo_pico_excesivo
2025-06-11 11:00:00,Sogamoso,comedor,11,2,0.5111,0.43120468,0.07989531999999999,18.528398161170234,1.1852839816117022,moderada,consumo_pico_excesivo
2025-06-11 12:00:00,Chiquinquirá,comedor,12,2,1.066,0.8375062,0.22849380000000008,27.282639818069416,1.2728263981806942,moderada,consumo_fuera_patron
2025-06-11 12:00:00,Chiquinquirá,laboratorios,12,2,1.2618,0.9790934,0.28270660000000003,28.874323940902887,1.2887432394090288,moderada,consumo_fuera_patron
2025-06-11 12:00:00,Duitama,oficinas,12,2,4.249,3.690277,0.5587229999999996,15.140408159062305,1.151404081590623,moderada,consumo_fuera_patron
2025-06-11 12:00:00,Tunja,comedor,12,2,1.9676,1.5693974,0.3982026000000001,25.372961622085015,1.2537296162208502,moderada,consumo_fuera_patron
2025-06-11 13:00:00,Sogamoso,salones,13,2,1.3335,1.1403993,0.19310070000000001,16.93272698431155,1.1693272698431154,moderada,consumo_fuera_patron
2025-06-11 13:00:00,Tunja,comedor,13,2,1.7708,1.5131019,0.2576980999999998,17.03111337048746,1.1703111337048746,moderada,consumo_fuera_patron
2025-06-11 15:00:00,Chiquinquirá,salones,15,2,3.9299,3.255117,0.6747830000000001,20.729915391674098,1.207299153916741,moderada,consumo_pico_excesivo
2025-06-11 15:00:00,Tunja,salones,15,2,3.481,2.8431072,0.6378927999999999,22.43646669390447,1.2243646669390447,moderada,consumo_pico_excesivo
2025-06-11 16:00:00,Sogamoso,comedor,16,2,1.3966,1.0594922,0.33710780000000007,31.817865199951456,1.3181786519995145,critica,consumo_pico_excesivo
2025-06-11 16:00:00,Tunja,oficinas,16,2,3.592,2.9972932,0.5947068,19.841462290042227,1.1984146229004222,moderada,consumo_pico_excesivo
2025-06-11 17:00:00,Tunja,comedor,17,2,0.7139,0.59349674,0.12040326000000001,20.28709711194033,1.2028709711194032,moderada,consumo_pico_excesivo
2025-06-11 17:00:00,Tunja,oficinas,17,2,3.3412,2.8517663,0.4894337000000002,17.16247576107482,1.1716247576107481,moderada,consumo_pico_excesivo
2025-06-11 18:00:00,Duitama,salones,18,2,2.7468,2.2393155,0.5074844999999999,22.662483245438168,1.2266248324543816,moderada,consumo_fuera_patron
2025-06-11 18:00:00,Sogamoso,salones,18,2,2.855,2.423241,0.431759,17.817418903031108,1.178174189030311,moderada,consumo_fuera_patron
2025-06-11 19:00:00,Chiquinquirá,salones,19,2,1.7085,1.381006,0.32749399999999995,23.714161994951503,1.237141619949515,moderada,consumo_fuera_patron
2025-06-11 19:00:00,Sogamoso,oficinas,19,2,2.5834,1.8426791,0.7407209000000001,40.19804099368143,1.4019804099368143,critica,consumo_fuera_patron
2025-06-11 19:00:00,Tunja,salones,19,2,1.3436,0.87770677,0.46589322999999994,53.080737886982455,1.5308073788698247,critica,consumo_fuera_patron
2025-06-11 19:00:00,Tunja,oficinas,19,2,1.2258,0.8668501,0.35894990000000004,41.40853187881043,1.4140853187881042,critica,consumo_fuera_patron
2025-06-11 20:00:00,Chiquinquirá,laboratorios,20,2,1.2301,1.0325158,0.19758419999999988,19.136191426804302,1.191361914268043,moderada,consumo_fuera_patron
2025-06-11 20:00:00,Duitama,salones,20,2,3.1569,2.730836,0.4260639999999998,15.601962183009151,1.1560196218300915,moderada,consumo_fuera_patron
2025-06-11 20:00:00,Tunja,salones,20,2,1.395,0.85307795,0.54192205,63.52550197786733,1.6352550197786733,critica,consumo_fuera_patron
2025-06-11 20:00:00,Tunja,laboratorios,20,2,3.0982,2.5494149,0.5487850999999999,21.525923457966766,1.2152592345796676,moderada,consumo_fuera_patron
2025-06-11 22:00:00,Duitama,comedor,22,2,0.507,0.43851736,0.06848263999999998,15.61685950129773,1.1561685950129774,moderada,consumo_fuera_patron
2025-06-11 22:00:00,Sogamoso,comedor,22,2,0.5059,0.4273539,0.07854610000000001,18.37963804706123,1.1837963804706124,moderada,consumo_fuera_patron
2025-06-12 01:00:00,Duitama,comedor,1,3,0.5112,0.44091296,0.07028703999999997,15.94125062688109,1.159412506268811,moderada,consumo_nocturno_alto
2025-06-12 01:00:00,Sogamoso,comedor,1,3,0.5094,0.43027216,0.07912783999999995,18.390183552661167,1.1839018355266118,moderada,consumo_nocturno_alto
2025-06-12 04:00:00,Duitama,comedor,4,3,0.515,0.43916982,0.07583018000000002,17.266710176031683,1.1726671017603167,moderada,consumo_nocturno_alto
2025-06-12 05:00:00,Duitama,comedor,5,3,0.5231,0.44091296,0.08218703999999999,18.640196015104657,1.1864019601510465,moderada,consumo_nocturno_alto
2025-06-12 07:00:00,Tunja,comedor,7,3,0.5386,0.43640265,0.10219734999999996,23.418132314274434,1.2341813231427443,moderada,consumo_pico_excesivo
2025-06-12 08:00:00,Duitama,comedor,8,3,0.9083,0.73730505,0.17099494999999998,23.19188645188311,1.231918864518831,moderada,consumo_pico_excesivo
2025-06-12 08:00:00,Sogamoso,salones,8,3,8.1346,6.4596863,1.6749137000000003,25.92871576441723,1.2592871576441722,moderada,consumo_pico_excesivo
2025-06-12 08:00:00,Tunja,comedor,8,3,0.5834,0.4264276,0.1569724,36.811031931329026,1.3681103193132902,critica,consumo_pico_excesivo
2025-06-12 08:00:00,Tunja,oficinas,8,3,3.7698,3.160477,0.6093229999999998,19.279463194954428,1.1927946319495442,moderada,consumo_pico_excesivo
2025-06-12 09:00:00,Tunja,comedor,9,3,0.6641,0.48376793,0.18033207,37.276565645845935,1.3727656564584594,critica,consumo_pico_excesivo
2025-06-12 10:00:00,Tunja,comedor,10,3,0.6161,0.4845235,0.13157649999999999,27.155855185558593,1.2715585518555859,moderada,consumo_pico_excesivo
2025-06-12 11:00:00,Chiquinquirá,laboratorios,11,3,2.3275,1.9451852,0.38231480000000007,19.654416453507874,1.1965441645350787,moderada,consumo_pico_excesivo
2025-06-12 11:00:00,Duitama,laboratorios,11,3,10.6559,8.731661,1.924239,22.03749091953982,1.2203749091953981,moderada,consumo_pico_excesivo
2025-06-12 12:00:00,Chiquinquirá,salones,12,3,0.7876,0.67726415,0.11033585000000001,16.291405650217868,1.1629140565021787,moderada,consumo_fuera_patron
2025-06-12 13:00:00,Duitama,salones,13,3,1.6563,1.4021037,0.25419630000000004,18.129636203085408,1.181296362030854,moderada,consumo_fuera_patron
2025-06-12 14:00:00,Duitama,laboratorios,14,3,9.6999,8.216551,1.4833489999999987,18.05318314217241,1.1805318314217241,moderada,consumo_pico_excesivo
2025-06-12 15:00:00,Tunja,salones,15,3,3.4285,2.9697585,0.4587414999999999,15.447097802733786,1.154470978027338,moderada,consumo_pico_excesivo
2025-06-12 16:00:00,Tunja,oficinas,16,3,3.5199,2.9611115,0.5587884999999999,18.87090371301452,1.1887090371301452,moderada,consumo_pico_excesivo
2025-06-12 17:00:00,Tunja,salones,17,3,3.7466,3.0407515,0.7058485000000001,23.212962321978633,1.2321296232197863,moderada,consumo_pico_excesivo
2025-06-12 18:00:00,Duitama,salones,18,3,3.6996,2.5620244,1.1375756000000004,44.40143505268726,1.4440143505268725,critica,consumo_fuera_patron
2025-06-12 18:00:00,Tunja,laboratorios,18,3,2.8154,2.3643315,0.4510684999999999,19.078056524645547,1.1907805652464554,moderada,consumo_fuera_patron
2025-06-12 19:00:00,Chiquinquirá,salones,19,3,1.7861,1.4350613,0.3510386999999999,24.461582233455808,1.244615822334558,moderada,consumo_fuera_patron
2025-06-12 19:00:00,Duitama,salones,19,3,3.4737,2.7806501,0.6930499000000001,24.924024061855178,1.2492402406185519,moderada,consumo_fuera_patron
2025-06-12 19:00:00,Duitama,oficinas,19,3,2.2567,1.9230217,0.33367829999999987,17.351769873423677,1.1735176987342368,moderada,consumo_fuera_patron
2025-06-12 19:00:00,Sogamoso,oficinas,19,3,2.263,1.929188,0.333812,17.303238460948336,1.1730323846094834,moderada,consumo_fuera_patron
2025-06-12 20:00:00,Chiquinquirá,laboratorios,20,3,1.366,1.1439494,0.2220506000000002,19.410876040496216,1.1941087604049623,moderada,consumo_fuera_patron
2025-06-12 20:00:00,Duitama,comedor,20,3,0.5159,0.4120085,0.10389150000000003,25.215863264956916,1.2521586326495693,moderada,consumo_fuera_patron
2025-06-12 22:00:00,Duitama,comedor,22,3,0.5218,0.43780056,0.08399944000000004,19.186690853022213,1.1918669085302223,moderada,consumo_fuera_patron
2025-06-12 22:00:00,Sogamoso,comedor,22,3,0.5092,0.4260538,0.0831462,19.515422700137872,1.1951542270013786,moderada,consumo_fuera_patron
2025-06-13 01:00:00,Duitama,comedor,1,4,0.5093,0.42849427,0.08080572999999996,18.85806547658151,1.188580654765815,moderada,consumo_nocturno_alto
2025-06-13 01:00:00,Sogamoso,oficinas,1,4,0.9309,0.8035124,0.12738759999999993,15.853843699238485,1.1585384369923848,moderada,consumo_nocturno_alto
2025-06-13 03:00:00,Sogamoso,comedor,3,4,0.5109,0.44414848,0.06675152000000001,15.029100178390795,1.1502910017839079,moderada,consumo_nocturno_alto
2025-06-13 04:00:00,Sogamoso,oficinas,4,4,0.9292,0.8040342,0.1251658,15.567223384278925,1.1556722338427892,moderada,consumo_nocturno_alto
2025-06-13 07:00:00,Duitama,comedor,7,4,0.9552,0.7133828,0.24181720000000007,33.897256844431915,1.3389725684443192,critica,consumo_pico_excesivo
2025-06-13 07:00:00,Tunja,laboratorios,7,4,4.6771,4.0629783,0.6141217000000001,15.115062268484184,1.1511506226848418,moderada,consumo_pico_excesivo
2025-06-13 10:00:00,Sogamoso,comedor,10,4,1.1536,0.8466176,0.3069824,36.2598651386411,1.362598651386411,critica,consumo_pico_excesivo
2025-06-13 10:00:00,Sogamoso,salones,10,4,8.1121,6.7123127,1.3997872999999998,20.854023978948415,1.2085402397894842,moderada,consumo_pico_excesivo
2025-06-13 11:00:00,Duitama,salones,11,4,8.7139,7.4244294,1.2894706000000005,17.36794210744331,1.173679421074433,moderada,consumo_pico_excesivo
2025-06-13 11:00:00,Sogamoso,salones,11,4,7.7632,6.4655094,1.2976906000000001,20.07097228874186,1.2007097228874186,moderada,consumo_pico_excesivo
2025-06-13 12:00:00,Chiquinquirá,oficinas,12,4,1.9088,1.6542672,0.2545328,15.38643817637199,1.15386438176372,moderada,consumo_fuera_patron
2025-06-13 12:00:00,Duitama,comedor,12,4,3.4192,2.7580512,0.6611487999999999,23.971592695596073,1.2397159269559608,moderada,consumo_fuera_patron
2025-06-13 12:00:00,Sogamoso,comedor,12,4,2.9721,2.499019,0.4730810000000001,18.930668394277916,1.1893066839427793,moderada,consumo_fuera_patron
2025-06-13 13:00:00,Tunja,comedor,13,4,1.9117,1.4998897,0.41181029999999996,27.45603893406295,1.2745603893406294,moderada,consumo_fuera_patron
2025-06-13 14:00:00,Chiquinquirá,laboratorios,14,4,2.2322,1.8478366,0.38436340000000024,20.800724479642856,1.2080072447964285,moderada,consumo_pico_excesivo
2025-06-13 15:00:00,Duitama,oficinas,15,4,4.7769,4.1201096,0.6567904000000002,15.941090499145949,1.1594109049914596,moderada,consumo_pico_excesivo
2025-06-13 15:00:00,Sogamoso,salones,15,4,4.0069,3.250503,0.7563969999999998,23.270152342575894,1.232701523425759,moderada,consumo_pico_excesivo
2025-06-13 16:00:00,Duitama,comedor,16,4,1.3042,1.0485977,0.25560230000000006,24.375630425281315,1.243756304252813,moderada,consumo_pico_excesivo
2025-06-13 17:00:00,Chiquinquirá,oficinas,17,4,2.3952,1.8682376,0.5269623999999999,28.206390878761884,1.2820639087876189,moderada,consumo_pico_excesivo
2025-06-13 17:00:00,Sogamoso,salones,17,4,3.8632,2.9515314,0.9116686,30.88798580967155,1.3088798580967156,critica,consumo_pico_excesivo
2025-06-13 17:00:00,Tunja,comedor,17,4,0.7542,0.5422186,0.2119814,39.095191496566144,1.3909519149656615,critica,consumo_pico_excesivo
2025-06-13 18:00:00,Sogamoso,salones,18,4,2.932,2.3688407,0.5631593000000001,23.773624794609454,1.2377362479460945,moderada,consumo_fuera_patron
2025-06-13 18:00:00,Tunja,oficinas,18,4,1.0697,0.87057394,0.1991260600000001,22.87296355321641,1.2287296355321642,moderada,consumo_fuera_patron
2025-06-13 19:00:00,Chiquinquirá,salones,19,4,1.7357,1.4037702,0.33192979999999994,23.645593844348593,1.236455938443486,moderada,consumo_fuera_patron
2025-06-13 19:00:00,Duitama,oficinas,19,4,2.2844,1.818801,0.4655990000000003,25.599227183182787,1.255992271831828,moderada,consumo_fuera_patron
2025-06-13 19:00:00,Tunja,oficinas,19,4,1.0893,0.86236924,0.2269307599999999,26.31480223019085,1.2631480223019085,moderada,consumo_fuera_patron
2025-06-13 20:00:00,Sogamoso,laboratorios,20,4,7.089,6.1261315,0.9628685000000008,15.717398492017365,1.1571739849201736,moderada,consumo_fuera_patron
2025-06-13 20:00:00,Tunja,salones,20,4,1.614,0.8024922,0.8115078000000001,101.12345017185216,2.0112345017185214,critica,consumo_fuera_patron
2025-06-13 22:00:00,Duitama,comedor,22,4,0.5121,0.43031794,0.08178205999999999,19.005031489042725,1.1900503148904273,moderada,consumo_fuera_patron
2025-06-14 00:00:00,Sogamoso,oficinas,0,5,0.9297,0.79426956,0.13543043999999993,17.05094174829008,1.1705094174829007,moderada,consumo_nocturno_alto
2025-06-14 03:00:00,Sogamoso,oficinas,3,5,0.9052,0.77384484,0.13135516000000003,16.97435367017502,1.1697435367017501,moderada,consumo_nocturno_alto
2025-06-14 05:00:00,Sogamoso,comedor,5,5,0.5049,0.42505988,0.07984012000000001,18.78326413680821,1.1878326413680822,moderada,consumo_nocturno_alto
2025-06-14 06:00:00,Duitama,comedor,6,5,0.5064,0.4400155,0.06638449999999996,15.086854894884375,1.1508685489488437,moderada,consumo_nocturno_alto
2025-06-14 08:00:00,Duitama,oficinas,8,5,3.071,2.4186387,0.6523613000000004,26.972250960840093,1.269722509608401,moderada,consumo_fin_semana_alto
2025-06-14 09:00:00,Chiquinquirá,laboratorios,9,5,1.8271,1.5590845,0.26801549999999996,17.190569209045435,1.1719056920904543,moderada,consumo_fin_semana_alto
2025-06-14 09:00:00,Tunja,laboratorios,9,5,3.659,3.148978,0.5100219999999998,16.196429444727773,1.1619642944472777,moderada,consumo_fin_semana_alto
2025-06-14 10:00:00,Sogamoso,oficinas,10,5,2.8764,2.2875822,0.5888177999999997,25.739743909530322,1.257397439095303,moderada,consumo_fin_semana_alto
2025-06-14 11:00:00,Chiquinquirá,oficinas,11,5,1.2757,1.0190144,0.25668559999999996,25.189594965488215,1.251895949654882,moderada,consumo_fin_semana_alto
2025-06-14 11:00:00,Tunja,oficinas,11,5,1.4876,1.2757393,0.21186070000000012,16.60689609546403,1.1660689609546402,moderada,consumo_fin_semana_alto
2025-06-14 12:00:00,Chiquinquirá,laboratorios,12,5,1.7091,1.4304737,0.2786263,19.477904417257022,1.1947790441725703,moderada,consumo_fin_semana_alto
2025-06-14 12:00:00,Duitama,laboratorios,12,5,8.0392,6.9107575,1.1284424999999993,16.328781613303597,1.163287816133036,moderada,consumo_fin_semana_alto
2025-06-14 12:00:00,Tunja,laboratorios,12,5,3.5397,2.7129557,0.8267442999999997,30.473932913832673,1.3047393291383267,critica,consumo_fin_semana_alto
2025-06-14 13:00:00,Duitama,comedor,13,5,1.6819,1.3085074,0.37339259999999985,28.53576525436538,1.2853576525436539,moderada,consumo_fin_semana_alto
2025-06-14 13:00:00,Sogamoso,comedor,13,5,1.4952,1.208303,0.2868970000000002,23.74379605115606,1.2374379605115606,moderada,consumo_fin_semana_alto
2025-06-14 14:00:00,Chiquinquirá,laboratorios,14,5,0.7002,0.5941039,0.10609610000000003,17.858172619301104,1.1785817261930112,moderada,consumo_fin_semana_alto
2025-06-14 15:00:00,Duitama,comedor,15,5,0.5159,0.43697098,0.07892902000000002,18.062760140272935,1.1806276014027293,moderada,consumo_fin_semana_alto
2025-06-14 16:00:00,Duitama,oficinas,16,5,0.9351,0.7758043,0.15929570000000004,20.532974617438963,1.2053297461743897,moderada,consumo_fin_semana_alto
2025-06-14 20:00:00,Duitama,oficinas,20,5,0.9294,0.7953651,0.13403489999999996,16.851996649086054,1.1685199664908605,moderada,consumo_fin_semana_alto
2025-06-15 05:00:00,Chiquinquirá,laboratorios,5,6,0.7019,0.6038139,0.09808609999999995,16.244425641741593,1.162444256417416,moderada,consumo_nocturno_alto
2025-06-15 13:00:00,Sogamoso,oficinas,13,6,0.9209,0.73694897,0.18395103000000002,24.96116250762926,1.2496116250762925,moderada,consumo_fin_semana_alto
2025-06-15 14:00:00,Duitama,oficinas,14,6,0.9638,0.7998522,0.16394779999999998,20.497261869130316,1.2049726186913032,moderada,consumo_fin_semana_alto
2025-06-15 19:00:00,Sogamoso,oficinas,19,6,0.9274,0.7352324,0.1921676,26.13698743417727,1.2613698743417727,moderada,consumo_fin_semana_alto
2025-06-15 21:00:00,Duitama,oficinas,21,6,0.9578,0.79692405,0.16087595,20.187111933690545,1.2018711193369054,moderada,consumo_fin_semana_alto
2025-06-16 00:00:00,Chiquinquirá,laboratorios,0,0,0.7026,0.59477556,0.10782444000000002,18.1285929099037,1.181285929099037,moderada,consumo_nocturno_alto
2025-06-16 01:00:00,Duitama,oficinas,1,0,0.9404,0.7990143,0.14138570000000006,17.695014970320315,1.176950149703203,moderada,consumo_nocturno_alto
2025-06-16 08:00:00,Chiquinquirá,laboratorios,8,0,1.1396,0.82826024,0.31133975999999997,37.58960589488154,1.3758960589488154,critica,consumo_pico_excesivo
2025-06-16 10:00:00,Tunja,laboratorios,10,0,2.219,1.8764317,0.34256829999999994,18.256369256605502,1.182563692566055,moderada,consumo_pico_excesivo
2025-06-16 11:00:00,Sogamoso,oficinas,11,0,5.409,4.670816,0.7381839999999995,15.804176400868702,1.158041764008687,moderada,consumo_pico_excesivo
2025-06-16 11:00:00,Tunja,laboratorios,11,0,2.5526,2.0276887,0.5249112999999999,25.88717390396267,1.2588717390396267,moderada,consumo_pico_excesivo
2025-06-16 12:00:00,Tunja,comedor,12,0,0.7143,0.5804582,0.1338418,23.05795662805694,1.2305795662805694,moderada,consumo_fuera_patron
2025-06-16 14:00:00,Tunja,oficinas,14,0,2.5585,1.9841222,0.5743777999999999,28.94871092113177,1.2894871092113176,moderada,consumo_pico_excesivo
2025-06-16 16:00:00,Chiquinquirá,oficinas,16,0,2.3866,2.0165,0.3700999999999999,18.353582940738896,1.183535829407389,moderada,consumo_pico_excesivo
2025-06-16 17:00:00,Chiquinquirá,laboratorios,17,0,0.6486,0.5162027,0.13239729999999994,25.648316058788524,1.2564831605878852,moderada,consumo_pico_excesivo
2025-06-16 21:00:00,Chiquinquirá,laboratorios,21,0,0.712,0.60616124,0.10583875999999992,17.460496154455523,1.1746049615445553,moderada,consumo_fuera_patron
2025-06-16 21:00:00,Duitama,oficinas,21,0,0.9589,0.8241487,0.13475130000000002,16.350362501330164,1.1635036250133017,moderada,consumo_fuera_patron
2025-06-16 23:00:00,Chiquinquirá,laboratorios,23,0,0.7072,0.60616124,0.10103876,16.668627641054712,1.1666862764105472,moderada,consumo_fuera_patron
2025-06-17 00:00:00,Duitama,comedor,0,1,0.5118,0.44075564,0.07104436000000003,16.118763675945253,1.1611876367594525,moderada,consumo_nocturno_alto
2025-06-17 01:00:00,Duitama,comedor,1,1,0.5139,0.44184744,0.07205256000000004,16.307112699351624,1.1630711269935163,moderada,consumo_nocturno_alto
2025-06-17 03:00:00,Sogamoso,comedor,3,1,0.505,0.43536428,0.06963572000000001,15.994817030005311,1.1599481703000531,moderada,consumo_nocturno_alto
2025-06-17 03:00:00,Tunja,laboratorios,3,1,1.7843,1.4963225,0.2879775,19.245684001944767,1.1924568400194477,moderada,consumo_nocturno_alto
2025-06-17 04:00:00,Sogamoso,comedor,4,1,0.503,0.42436814,0.07863186,18.52916196771982,1.185291619677198,moderada,consumo_nocturno_alto
2025-06-17 07:00:00,Duitama,oficinas,7,1,5.8812,4.9884133,0.8927866999999994,17.897207915791565,1.1789720791579157,moderada,consumo_pico_excesivo
2025-06-17 07:00:00,Sogamoso,comedor,7,1,0.5048,0.41600513,0.08879487000000003,21.344657456507814,1.2134465745650782,moderada,consumo_pico_excesivo
2025-06-17 07:00:00,Tunja,oficinas,7,1,2.884,2.3241212,0.5598787999999999,24.089914071606934,1.2408991407160692,moderada,consumo_pico_excesivo
2025-06-17 08:00:00,Duitama,comedor,8,1,0.5105,0.4407359,0.06976409999999994,15.829003264766936,1.1582900326476693,moderada,consumo_pico_excesivo
2025-06-17 10:00:00,Tunja,oficinas,10,1,2.913,2.5313702,0.3816297999999998,15.076016933437858,1.1507601693343785,moderada,consumo_pico_excesivo
2025-06-17 11:00:00,Chiquinquirá,laboratorios,11,1,0.9987,0.7888434,0.20985660000000006,26.603074830821942,1.2660307483082194,moderada,consumo_pico_excesivo
2025-06-17 12:00:00,Duitama,comedor,12,1,1.0876,0.9091619,0.17843809999999993,19.62665835424911,1.196266583542491,moderada,consumo_fuera_patron
2025-06-17 12:00:00,Duitama,oficinas,12,1,5.4563,4.593757,0.8625429999999996,18.77641764681936,1.1877641764681937,moderada,consumo_fuera_patron
2025-06-17 12:00:00,Tunja,comedor,12,1,0.7079,0.56089926,0.14700073999999996,26.208046699865488,1.262080466998655,moderada,consumo_fuera_patron
2025-06-17 16:00:00,Chiquinquirá,oficinas,16,1,2.7326,2.085569,0.6470310000000001,31.024195315523013,1.31024195315523,critica,consumo_pico_excesivo
2025-06-17 17:00:00,Chiquinquirá,laboratorios,17,1,0.6159,0.5191845,0.09671549999999995,18.628348881755898,1.186283488817559,moderada,consumo_pico_excesivo
2025-06-17 17:00:00,Sogamoso,comedor,17,1,0.5053,0.42261592,0.08268408,19.564828509063265,1.1956482850906327,moderada,consumo_pico_excesivo
2025-06-17 20:00:00,Sogamoso,oficinas,20,1,0.9202,0.76350176,0.15669824,20.523625250058362,1.2052362525005835,moderada,consumo_fuera_patron
2025-06-18 01:00:00,Duitama,comedor,1,2,0.5229,0.44400036,0.07889964000000005,17.770174780939378,1.1777017478093939,moderada,consumo_nocturno_alto
2025-06-18 03:00:00,Duitama,comedor,3,2,0.5168,0.43457142,0.08222858000000005,18.921764344282018,1.18921764344282,moderada,consumo_nocturno_alto
2025-06-18 08:00:00,Duitama,oficinas,8,2,5.602,4.7420216,0.8599784000000001,18.135269565199792,1.181352695651998,moderada,consumo_pico_excesivo
2025-06-18 08:00:00,Tunja,laboratorios,8,2,2.2881,1.9528452,0.33525479999999996,17.167505135583706,1.1716750513558372,moderada,consumo_pico_excesivo
2025-06-18 11:00:00,Sogamoso,oficinas,11,2,5.1466,4.343644,0.802956,18.485769091573804,1.184857690915738,moderada,consumo_pico_excesivo
2025-06-18 12:00:00,Tunja,oficinas,12,2,2.8536,1.9295352,0.9240648000000002,47.89053861261511,1.4789053861261512,critica,consumo_fuera_patron
2025-06-18 13:00:00,Sogamoso,comedor,13,2,1.1492,0.9985724,0.15062759999999997,15.084294338597779,1.1508429433859777,moderada,consumo_fuera_patron
2025-06-18 13:00:00,Tunja,comedor,13,2,0.7089,0.54828614,0.16061386,29.29380268485357,1.2929380268485358,moderada,consumo_fuera_patron
2025-06-18 14:00:00,Tunja,oficinas,14,2,2.8015,2.3160105,0.4854894999999999,20.9623186077956,1.209623186077956,moderada,consumo_pico_excesivo
2025-06-18 15:00:00,Chiquinquirá,oficinas,15,2,2.6318,2.2391593,0.3926407000000003,17.535183852260992,1.17535183852261,moderada,consumo_pico_excesivo
2025-06-18 16:00:00,Tunja,oficinas,16,2,2.9706,2.3794937,0.5911063000000003,24.84168375818773,1.2484168375818774,moderada,consumo_pico_excesivo
2025-06-19 00:00:00,Chiquinquirá,laboratorios,0,3,0.6928,0.5930533,0.09974669999999997,16.81917965889406,1.1681917965889406,moderada,consumo_nocturno_alto
2025-06-19 02:00:00,Chiquinquirá,laboratorios,2,3,0.6763,0.5800968,0.09620320000000004,16.58399080980968,1.1658399080980968,moderada,consumo_nocturno_alto
2025-06-19 03:00:00,Sogamoso,comedor,3,3,0.5081,0.43758518,0.07051481999999998,16.114535688800057,1.1611453568880006,moderada,consumo_nocturno_alto
2025-06-19 08:00:00,Chiquinquirá,laboratorios,8,3,1.1632,0.9116032,0.25159680000000006,27.599376570858908,1.2759937657085891,moderada,consumo_pico_excesivo
2025-06-19 08:00:00,Tunja,laboratorios,8,3,2.2265,1.8618163,0.36468370000000006,19.587523215904813,1.1958752321590482,moderada,consumo_pico_excesivo
2025-06-19 10:00:00,Chiquinquirá,laboratorios,10,3,1.1213,0.8056264,0.3156736,39.18362158936202,1.3918362158936202,critica,consumo_pico_excesivo
2025-06-19 12:00:00,Tunja,comedor,12,3,0.6558,0.5289039,0.12689610000000007,23.99227912669959,1.239922791266996,moderada,consumo_fuera_patron
2025-06-19 13:00:00,Chiquinquirá,laboratorios,13,3,0.9926,0.8501085,0.1424915,16.761566317711207,1.1676156631771122,moderada,consumo_fuera_patron
2025-06-19 15:00:00,Sogamoso,comedor,15,3,0.5112,0.42768976,0.08351024000000001,19.52589185207521,1.195258918520752,moderada,consumo_pico_excesivo
2025-06-19 15:00:00,Tunja,oficinas,15,3,2.8869,2.4486048,0.4382951999999998,17.899793384379535,1.1789979338437953,moderada,consumo_pico_excesivo
2025-06-19 16:00:00,Chiquinquirá,laboratorios,16,3,1.2299,0.94097286,0.28892713999999997,30.705151262279763,1.3070515126227975,critica,consumo_pico_excesivo
2025-06-19 16:00:00,Sogamoso,oficinas,16,3,5.652,4.81133,0.8406700000000003,17.472715444586015,1.1747271544458602,moderada,consumo_pico_excesivo
2025-06-19 17:00:00,Chiquinquirá,laboratorios,17,3,0.7125,0.54073924,0.17176076000000007,31.764064320540168,1.3176406432054018,critica,consumo_pico_excesivo
2025-06-19 23:00:00,Sogamoso,comedor,23,3,0.5068,0.4329914,0.0738086,17.046204612839887,1.1704620461283988,moderada,consumo_fuera_patron
2025-06-20 01:00:00,Sogamoso,comedor,1,4,0.5111,0.431757,0.079343,18.376772119502405,1.183767721195024,moderada,consumo_nocturno_alto
2025-06-20 02:00:00,Duitama,comedor,2,4,0.5111,0.44184744,0.06925256000000002,15.673409808598194,1.156734098085982,moderada,consumo_nocturno_alto
2025-06-20 05:00:00,Sogamoso,comedor,5,4,0.5061,0.43407953,0.07202047,16.591537960797183,1.1659153796079718,moderada,consumo_nocturno_alto
2025-06-20 06:00:00,Tunja,laboratorios,6,4,1.7756,1.5429918,0.23260820000000004,15.075141682541673,1.1507514168254167,moderada,consumo_nocturno_alto
2025-06-20 07:00:00,Sogamoso,oficinas,7,4,4.4933,3.8305542,0.6627457999999997,17.301564353272948,1.1730156435327295,moderada,consumo_pico_excesivo
2025-06-20 09:00:00,Chiquinquirá,laboratorios,9,4,1.0721,0.9118821,0.16021790000000002,17.57002358089933,1.1757002358089934,moderada,consumo_pico_excesivo
2025-06-20 09:00:00,Tunja,laboratorios,9,4,2.461,1.988526,0.47247399999999984,23.760011184163538,1.2376001118416353,moderada,consumo_pico_excesivo
2025-06-20 11:00:00,Chiquinquirá,laboratorios,11,4,1.0323,0.87733084,0.15496916000000005,17.66370825400371,1.1766370825400372,moderada,consumo_pico_excesivo
2025-06-20 11:00:00,Sogamoso,comedor,11,4,0.505,0.4257427,0.07925730000000003,18.616244036597703,1.186162440365977,moderada,consumo_pico_excesivo
2025-06-20 12:00:00,Duitama,comedor,12,4,1.1254,0.7965809,0.3288190999999999,41.278807965393085,1.4127880796539307,critica,consumo_fuera_patron
2025-06-20 12:00:00,Tunja,comedor,12,4,0.6293,0.5328142,0.09648579999999995,18.108714069557447,1.1810871406955745,moderada,consumo_fuera_patron
2025-06-20 13:00:00,Tunja,comedor,13,4,0.6668,0.51116955,0.15563044999999998,30.44595477175821,1.3044595477175822,critica,consumo_fuera_patron
2025-06-20 14:00:00,Chiquinquirá,laboratorios,14,4,0.9969,0.86602455,0.13087545,15.112210156167052,1.1511221015616706,moderada,consumo_pico_excesivo
2025-06-20 14:00:00,Tunja,oficinas,14,4,2.6503,1.8785096,0.7717904000000002,41.085251840075784,1.4108525184007579,critica,consumo_pico_excesivo
2025-06-20 15:00:00,Sogamoso,oficinas,15,4,5.726,4.5535946,1.1724053999999997,25.746811101717306,1.257468111017173,moderada,consumo_pico_excesivo
2025-06-20 15:00:00,Tunja,oficinas,15,4,3.0565,2.4445612,0.6119388000000003,25.03266434892284,1.2503266434892284,moderada,consumo_pico_excesivo
2025-06-20 17:00:00,Chiquinquirá,laboratorios,17,4,0.6096,0.52748245,0.08211754999999998,15.56782600065651,1.1556782600065652,moderada,consumo_pico_excesivo
2025-06-20 17:00:00,Sogamoso,comedor,17,4,0.509,0.39376634,0.11523366000000002,29.26447699922752,1.2926447699922752,moderada,consumo_pico_excesivo
2025-06-20 20:00:00,Chiquinquirá,laboratorios,20,4,0.7022,0.59725654,0.1049434600000001,17.57091852020576,1.1757091852020576,moderada,consumo_fuera_patron
2025-06-20 22:00:00,Chiquinquirá,laboratorios,22,4,0.7122,0.59725654,0.11494346000000011,19.24524091439838,1.1924524091439839,moderada,consumo_fuera_patron
2025-06-21 00:00:00,Duitama,oficinas,0,5,0.94,0.8145124,0.12548759999999992,15.406468950012291,1.154064689500123,moderada,consumo_nocturno_alto
2025-06-21 07:00:00,Chiquinquirá,laboratorios,7,5,0.6836,0.58208966,0.10151034000000003,17.438952617711855,1.1743895261771184,moderada,consumo_fin_semana_alto
2025-06-21 07:00:00,Tunja,laboratorios,7,5,1.4961,1.2660675,0.23003250000000008,18.169054967448425,1.1816905496744843,moderada,consumo_fin_semana_alto
2025-06-21 08:00:00,Chiquinquirá,laboratorios,8,5,1.0827,0.90328693,0.17941306999999995,19.862245765030604,1.198622457650306,moderada,consumo_fin_semana_alto
2025-06-21 08:00:00,Duitama,oficinas,8,5,2.9724,2.4966538,0.4757462000000001,19.055353209163407,1.190553532091634,moderada,consumo_fin_semana_alto
2025-06-21 09:00:00,Chiquinquirá,oficinas,9,5,1.4169,1.1421793,0.27472070000000004,24.052326985789364,1.2405232698578936,moderada,consumo_fin_semana_alto
2025-06-21 09:00:00,Duitama,comedor,9,5,0.5169,0.4400808,0.07681920000000003,17.455703588977304,1.174557035889773,moderada,consumo_fin_semana_alto
2025-06-21 09:00:00,Sogamoso,comedor,9,5,0.5066,0.43757442,0.06902558000000003,15.774592125380643,1.1577459212538064,moderada,consumo_fin_semana_alto
2025-06-21 09:00:00,Sogamoso,oficinas,9,5,2.9589,1.8527316,1.1061683999999998,59.704730032132005,1.5970473003213201,critica,consumo_fin_semana_alto
2025-06-21 09:00:00,Tunja,laboratorios,9,5,2.7169,2.1871336,0.5297663999999997,24.221949678794186,1.2422194967879419,moderada,consumo_fin_semana_alto
2025-06-21 10:00:00,Chiquinquirá,oficinas,10,5,1.313,1.0944868,0.21851319999999985,19.96490044466501,1.1996490044466501,moderada,consumo_fin_semana_alto
2025-06-21 11:00:00,Chiquinquirá,oficinas,11,5,1.1703,0.98744094,0.18285905999999985,18.51848071035011,1.1851848071035012,moderada,consumo_fin_semana_alto
2025-06-21 11:00:00,Duitama,oficinas,11,5,2.8232,2.3592048,0.46399519999999983,19.667440486726704,1.196674404867267,moderada,consumo_fin_semana_alto
2025-06-21 12:00:00,Sogamoso,oficinas,12,5,2.7679,2.3401904,0.4277096,18.276700904336675,1.1827670090433668,moderada,consumo_fin_semana_alto
2025-06-21 12:00:00,Tunja,comedor,12,5,0.6356,0.51138854,0.12421146000000005,24.289058178738234,1.2428905817873823,moderada,consumo_fin_semana_alto
2025-06-21 13:00:00,Sogamoso,comedor,13,5,1.192,0.94561106,0.24638894,26.05605522422718,1.2605605522422718,moderada,consumo_fin_semana_alto
2025-06-21 13:00:00,Tunja,comedor,13,5,0.7094,0.45684248,0.25255752000000004,55.283282763021525,1.5528328276302152,critica,consumo_fin_semana_alto
2025-06-21 13:00:00,Tunja,laboratorios,13,5,2.5499,1.9358686,0.6140314,31.718650739001603,1.317186507390016,critica,consumo_fin_semana_alto
2025-06-21 14:00:00,Duitama,laboratorios,14,5,5.1914,4.376096,0.8153039999999994,18.630852705242283,1.1863085270524227,moderada,consumo_fin_semana_alto
2025-06-21 14:00:00,Sogamoso,comedor,14,5,0.5098,0.43290994,0.07689006000000004,17.761213798879286,1.177612137988793,moderada,consumo_fin_semana_alto
2025-06-21 14:00:00,Sogamoso,oficinas,14,5,0.8437,0.6733479,0.1703521,25.29926951580305,1.2529926951580306,moderada,consumo_fin_semana_alto
2025-06-21 14:00:00,Tunja,laboratorios,14,5,2.5149,2.0270472,0.48785279999999975,24.067165283571086,1.240671652835711,moderada,consumo_fin_semana_alto
2025-06-21 15:00:00,Duitama,laboratorios,15,5,5.6639,4.729259,0.934641,19.762948064379643,1.1976294806437964,moderada,consumo_fin_semana_alto
2025-06-21 15:00:00,Sogamoso,laboratorios,15,5,5.687,4.738982,0.9480180000000002,20.004676109763665,1.2000467610976366,moderada,consumo_fin_semana_alto
2025-06-21 15:00:00,Sogamoso,oficinas,15,5,0.8347,0.52136004,0.31333996,60.10049408466364,1.6010049408466362,critica,consumo_fin_semana_alto
2025-06-21 15:00:00,Tunja,laboratorios,15,5,2.1919,1.7810781,0.41082189999999996,23.065911595903625,1.2306591159590363,moderada,consumo_fin_semana_alto
2025-06-21 16:00:00,Chiquinquirá,laboratorios,16,5,1.1692,1.0039512,0.16524880000000008,16.459843864920934,1.1645984386492094,moderada,consumo_fin_semana_alto
2025-06-21 16:00:00,Duitama,laboratorios,16,5,5.3872,4.6105413,0.7766586999999996,16.84528235328896,1.1684528235328897,moderada,consumo_fin_semana_alto
2025-06-21 17:00:00,Tunja,oficinas,17,5,0.5056,0.4090019,0.09659810000000008,23.618007642507305,1.236180076425073,moderada,consumo_fin_semana_alto
2025-06-22 01:00:00,Duitama,oficinas,1,6,0.9515,0.82381576,0.12768424,15.499125678294865,1.1549912567829486,moderada,consumo_nocturno_alto
2025-06-22 02:00:00,Tunja,laboratorios,2,6,1.7876,1.5409725,0.2466275,16.004665884692944,1.1600466588469294,moderada,consumo_nocturno_alto
2025-06-22 04:00:00,Duitama,oficinas,4,6,0.927,0.79053164,0.13646836000000007,17.262858701012913,1.1726285870101292,moderada,consumo_nocturno_alto
2025-06-22 06:00:00,Chiquinquirá,laboratorios,6,6,0.676,0.54618704,0.1298129600000001,23.767125635203666,1.2376712563520367,moderada,consumo_nocturno_alto
2025-06-22 07:00:00,Tunja,laboratorios,7,6,1.6404,1.4139988,0.2264012000000002,16.01141387107261,1.160114138710726,moderada,consumo_fin_semana_alto
2025-06-22 10:00:00,Tunja,oficinas,10,6,0.5045,0.41903514,0.08546485999999998,20.395630781704842,1.2039563078170483,moderada,consumo_fin_semana_alto
2025-06-22 11:00:00,Chiquinquirá,laboratorios,11,6,0.7073,0.61294115,0.09435885,15.394438764635069,1.1539443876463507,moderada,consumo_fin_semana_alto
2025-06-22 13:00:00,Duitama,oficinas,13,6,0.8974,0.72423506,0.17316493999999993,23.910046553117702,1.239100465531177,moderada,consumo_fin_semana_alto
2025-06-23 03:00:00,Chiquinquirá,laboratorios,3,0,0.6987,0.5937796,0.10492040000000002,17.669923318349102,1.1766992331834911,moderada,consumo_nocturno_alto
2025-06-23 05:00:00,Sogamoso,comedor,5,0,0.5073,0.4332731,0.07402689999999995,17.085505654516737,1.1708550565451674,moderada,consumo_nocturno_alto
2025-06-23 07:00:00,Duitama,comedor,7,0,0.516,0.42546943,0.09053057000000003,21.277808372742555,1.2127780837274256,moderada,consumo_pico_excesivo
2025-06-23 08:00:00,Chiquinquirá,laboratorios,8,0,1.1874,1.0014079,0.1859921,18.573060987435788,1.1857306098743579,moderada,consumo_pico_excesivo
2025-06-23 08:00:00,Duitama,comedor,8,0,0.5124,0.4350084,0.07739159999999995,17.790828866752907,1.177908288667529,moderada,consumo_pico_excesivo
2025-06-23 10:00:00,Tunja,laboratorios,10,0,2.5309,2.1665156,0.36438440000000005,16.818914204910413,1.1681891420491042,moderada,consumo_pico_excesivo
2025-06-23 11:00:00,Duitama,comedor,11,0,0.5005,0.42063338,0.07986661999999994,18.987228260391493,1.189872282603915,moderada,consumo_pico_excesivo
2025-06-23 12:00:00,Tunja,comedor,12,0,0.5917,0.49868134,0.09301866000000003,18.652925734097057,1.1865292573409705,moderada,consumo_fuera_patron
2025-06-23 13:00:00,Sogamoso,comedor,13,0,1.1327,0.91290605,0.21979395000000002,24.076294597894275,1.2407629459789427,moderada,consumo_fuera_patron
2025-06-23 13:00:00,Tunja,comedor,13,0,0.7057,0.57677126,0.12892874,22.353530583337317,1.223535305833373,moderada,consumo_fuera_patron
2025-06-23 16:00:00,Tunja,laboratorios,16,0,2.5187,2.1863005,0.33239949999999974,15.203742577930148,1.1520374257793016,moderada,consumo_pico_excesivo
2025-06-23 17:00:00,Tunja,laboratorios,17,0,1.7626,1.4888282,0.2737718,18.388407742411115,1.183884077424111,moderada,consumo_pico_excesivo
2025-06-23 19:00:00,Sogamoso,comedor,19,0,0.5087,0.4285502,0.08014980000000005,18.702546399464996,1.18702546399465,moderada,consumo_fuera_patron
2025-06-23 20:00:00,Tunja,laboratorios,20,0,1.7815,1.5325354,0.2489646000000001,16.245275639309874,1.1624527563930986,moderada,consumo_fuera_patron
2025-06-24 00:00:00,Tunja,laboratorios,0,1,1.7697,1.5383515,0.23134849999999996,15.03872814503057,1.1503872814503058,moderada,consumo_nocturno_alto
2025-06-24 02:00:00,Duitama,comedor,2,1,0.5197,0.4465146,0.07318540000000007,16.390371109925645,1.1639037110992565,moderada,consumo_nocturno_alto
2025-06-24 04:00:00,Duitama,comedor,4,1,0.5195,0.44814688,0.07135311999999994,15.921815633303066,1.1592181563330306,moderada,consumo_nocturno_alto
2025-06-24 06:00:00,Chiquinquirá,laboratorios,6,1,0.6805,0.5772877,0.10321230000000003,17.878832339576963,1.1787883233957697,moderada,consumo_nocturno_alto
2025-06-24 07:00:00,Chiquinquirá,oficinas,7,1,2.8383,2.1805134,0.6577865999999997,30.166592876705074,1.3016659287670507,critica,consumo_pico_excesivo
2025-06-24 08:00:00,Chiquinquirá,laboratorios,8,1,1.1496,0.9098022,0.23979779999999995,26.35713564992478,1.263571356499248,moderada,consumo_pico_excesivo
2025-06-24 11:00:00,Chiquinquirá,laboratorios,11,1,1.0998,0.861045,0.23875500000000016,27.72851593122313,1.2772851593122312,moderada,consumo_pico_excesivo
2025-06-24 12:00:00,Sogamoso,comedor,12,1,1.1764,0.98337156,0.19302843999999986,19.629247768768078,1.1962924776876809,moderada,consumo_fuera_patron
2025-06-24 13:00:00,Sogamoso,comedor,13,1,1.0762,0.92116004,0.1550399600000001,16.83094720435334,1.1683094720435334,moderada,consumo_fuera_patron
2025-06-24 13:00:00,Sogamoso,oficinas,13,1,4.4718,3.6050546,0.8667454000000001,24.04250409966052,1.240425040996605,moderada,consumo_fuera_patron
2025-06-24 13:00:00,Tunja,comedor,13,1,0.688,0.5708353,0.1171646999999999,20.525132205383915,1.2052513220538392,moderada,consumo_fuera_patron
2025-06-24 13:00:00,Tunja,laboratorios,13,1,2.5436,2.1342523,0.4093477000000001,19.179911390982223,1.1917991139098223,moderada,consumo_fuera_patron
2025-06-24 14:00:00,Tunja,laboratorios,14,1,2.549,2.1979136,0.3510863999999998,15.973621529071924,1.1597362152907194,moderada,consumo_pico_excesivo
2025-06-24 15:00:00,Tunja,oficinas,15,1,2.6387,2.2223682,0.41633180000000003,18.733700383221827,1.1873370038322182,moderada,consumo_pico_excesivo
2025-06-24 16:00:00,Chiquinquirá,laboratorios,16,1,1.0408,0.8438199,0.1969801,23.343855720871243,1.2334385572087125,moderada,consumo_pico_excesivo
2025-06-24 16:00:00,Duitama,comedor,16,1,0.5156,0.44200847,0.07359152999999996,16.649348371084375,1.1664934837108438,moderada,consumo_pico_excesivo
2025-06-24 17:00:00,Chiquinquirá,laboratorios,17,1,0.6577,0.42976362,0.22793637999999994,53.03761635291511,1.530376163529151,critica,consumo_pico_excesivo
2025-06-24 17:00:00,Sogamoso,comedor,17,1,0.5093,0.42261592,0.08668408,20.51131438683143,1.2051131438683143,moderada,consumo_pico_excesivo
2025-06-24 18:00:00,Chiquinquirá,laboratorios,18,1,0.6919,0.58690846,0.10499154,17.88891235270318,1.1788891235270318,moderada,consumo_fuera_patron
2025-06-25 00:00:00,Chiquinquirá,laboratorios,0,2,0.6983,0.5935438,0.10475620000000008,17.649278789535007,1.1764927878953502,moderada,consumo_nocturno_alto
2025-06-25 02:00:00,Chiquinquirá,laboratorios,2,2,0.681,0.58984584,0.0911541600000001,15.453895546673705,1.1545389554667371,moderada,consumo_nocturno_alto
2025-06-25 08:00:00,Chiquinquirá,laboratorios,8,2,1.2631,0.96832776,0.2947722399999999,30.44137038888567,1.3044137038888568,critica,consumo_pico_excesivo
2025-06-25 08:00:00,Tunja,laboratorios,8,2,2.6103,2.2310326,0.37926740000000025,16.999635056879058,1.1699963505687905,moderada,consumo_pico_excesivo
2025-06-25 09:00:00,Chiquinquirá,laboratorios,9,2,1.0083,0.83735114,0.17094885999999998,20.415432885181236,1.2041543288518124,moderada,consumo_pico_excesivo
2025-06-25 09:00:00,Duitama,laboratorios,9,2,5.9331,5.041265,0.8918349999999995,17.690698663926604,1.176906986639266,moderada,consumo_pico_excesivo
2025-06-25 09:00:00,Tunja,oficinas,9,2,3.0436,2.6359632,0.40763680000000013,15.464434404850575,1.1546443440485057,moderada,consumo_pico_excesivo
2025-06-25 10:00:00,Chiquinquirá,laboratorios,10,2,1.0558,0.8999028,0.15589720000000007,17.323782079575714,1.1732378207957572,moderada,consumo_pico_excesivo
2025-06-25 11:00:00,Chiquinquirá,laboratorios,11,2,1.1138,0.91711926,0.1966807399999999,21.44549226891167,1.2144549226891166,moderada,consumo_pico_excesivo
2025-06-25 11:00:00,Duitama,comedor,11,2,0.5144,0.41960016,0.09479983999999997,22.59289891595846,1.2259289891595846,moderada,consumo_pico_excesivo
2025-06-25 11:00:00,Duitama,laboratorios,11,2,5.9712,5.0727,0.8984999999999994,17.712460819681812,1.177124608196818,moderada,consumo_pico_excesivo
2025-06-25 11:00:00,Sogamoso,oficinas,11,2,4.9754,3.1655128,1.8098871999999995,57.1751660584029,1.571751660584029,critica,consumo_pico_excesivo
2025-06-25 11:00:00,Tunja,laboratorios,11,2,2.5387,2.1161067,0.42259329999999995,19.970320967274475,1.1997032096727447,moderada,consumo_pico_excesivo
2025-06-25 12:00:00,Tunja,comedor,12,2,0.6692,0.53692764,0.13227235999999998,24.635043932549266,1.2463504393254927,moderada,consumo_fuera_patron
2025-06-25 13:00:00,Sogamoso,comedor,13,2,1.1644,0.9601571,0.20424290000000012,21.27182103845299,1.21271821038453,moderada,consumo_fuera_patron
2025-06-25 13:00:00,Tunja,comedor,13,2,0.6767,0.58637303,0.09032697,15.40435275476432,1.1540435275476433,moderada,consumo_fuera_patron
2025-06-25 13:00:00,Tunja,laboratorios,13,2,2.6277,2.0585477,0.5691522999999998,27.648244439514315,1.2764824443951432,moderada,consumo_fuera_patron
2025-06-25 14:00:00,Duitama,comedor,14,2,0.5116,0.430599,0.08100100000000005,18.811237369339,1.18811237369339,moderada,consumo_pico_excesivo
2025-06-25 14:00:00,Duitama,oficinas,14,2,5.5037,4.7009206,0.8027794000000004,17.07706784071189,1.1707706784071188,moderada,consumo_pico_excesivo
2025-06-25 14:00:00,Tunja,oficinas,14,2,2.6232,1.9230291,0.7001709000000003,36.40979223871341,1.3640979223871341,critica,consumo_pico_excesivo
2025-06-25 15:00:00,Sogamoso,comedor,15,2,0.5082,0.43368405,0.07451595,17.182082209387225,1.1718208220938722,moderada,consumo_pico_excesivo
2025-06-25 17:00:00,Chiquinquirá,laboratorios,17,2,0.6526,0.54067683,0.11192316999999996,20.700567102163404,1.2070056710216341,moderada,consumo_pico_excesivo
2025-06-25 17:00:00,Sogamoso,comedor,17,2,0.5053,0.40960327,0.09569672999999995,23.36327295433944,1.2336327295433944,moderada,consumo_pico_excesivo
2025-06-25 17:00:00,Tunja,laboratorios,17,2,1.7767,1.5428132,0.23388679999999984,15.159761402093256,1.1515976140209325,moderada,consumo_pico_excesivo
2025-06-25 20:00:00,Duitama,oficinas,20,2,0.9414,0.799478,0.141922,17.751833071078877,1.1775183307107888,moderada,consumo_fuera_patron
2025-06-26 00:00:00,Sogamoso,comedor,0,3,0.5107,0.43149403,0.07920597000000007,18.35621456917957,1.1835621456917957,moderada,consumo_nocturno_alto
2025-06-26 02:00:00,Duitama,comedor,2,3,0.5168,0.4239177,0.09288230000000003,21.910455732327293,1.219104557323273,moderada,consumo_nocturno_alto
2025-06-26 04:00:00,Chiquinquirá,laboratorios,4,3,0.6932,0.5937796,0.09942040000000008,16.743653705853163,1.1674365370585316,moderada,consumo_nocturno_alto
2025-06-26 04:00:00,Tunja,laboratorios,4,3,1.7434,1.4963225,0.24707750000000006,16.512316028128968,1.1651231602812897,moderada,consumo_nocturno_alto
2025-06-26 06:00:00,Duitama,oficinas,6,3,0.9436,0.7911633,0.15243669999999998,19.26741293485175,1.1926741293485175,moderada,consumo_nocturno_alto
2025-06-26 07:00:00,Duitama,comedor,7,3,0.5071,0.42829072,0.07880927999999998,18.400884333893572,1.1840088433389357,moderada,consumo_pico_excesivo
2025-06-26 07:00:00,Duitama,oficinas,7,3,5.4049,4.542053,0.8628469999999995,18.996850102805922,1.1899685010280592,moderada,consumo_pico_excesivo
2025-06-26 07:00:00,Tunja,oficinas,7,3,2.8297,2.324744,0.504956,21.720929272212334,1.2172092927221234,moderada,consumo_pico_excesivo
2025-06-26 10:00:00,Chiquinquirá,laboratorios,10,3,0.953,0.8056264,0.1473736,18.29304501441363,1.1829304501441362,moderada,consumo_pico_excesivo
2025-06-26 10:00:00,Tunja,oficinas,10,3,2.7104,2.195368,0.5150319999999997,23.459939290360417,1.234599392903604,moderada,consumo_pico_excesivo
2025-06-26 11:00:00,Chiquinquirá,oficinas,11,3,2.732,2.3695438,0.3624562,15.296454954746984,1.1529645495474699,moderada,consumo_pico_excesivo
2025-06-26 12:00:00,Tunja,laboratorios,12,3,2.6899,2.0832362,0.6066638000000002,29.121220147768177,1.291212201477682,moderada,consumo_fuera_patron
2025-06-26 15:00:00,Tunja,oficinas,15,3,2.8181,2.4060187,0.41208129999999965,17.127102960587948,1.1712710296058795,moderada,consumo_pico_excesivo
2025-06-26 16:00:00,Duitama,oficinas,16,3,4.5975,3.7285337,0.8689663000000003,23.305845405125353,1.2330584540512535,moderada,consumo_pico_excesivo
2025-06-26 17:00:00,Chiquinquirá,laboratorios,17,3,0.6702,0.4651429,0.2050571,44.08475330914435,1.4408475330914434,critica,consumo_pico_excesivo
2025-06-26 20:00:00,Duitama,comedor,20,3,0.5155,0.43586412,0.07963587999999994,18.2708042130194,1.182708042130194,moderada,consumo_fuera_patron
2025-06-26 21:00:00,Duitama,comedor,21,3,0.5167,0.44634238,0.07035762000000007,15.763150252503486,1.1576315025250348,moderada,consumo_fuera_patron
2025-06-26 22:00:00,Duitama,oficinas,22,3,0.9501,0.8112259,0.1388740999999999,17.119041687401733,1.1711904168740173,moderada,consumo_fuera_patron
2025-06-26 23:00:00,Duitama,comedor,23,3,0.5059,0.43278983,0.07311017000000003,16.892765248203737,1.1689276524820373,moderada,consumo_fuera_patron
2025-06-27 03:00:00,Tunja,laboratorios,3,4,1.793,1.5425261,0.2504739,16.23790352720774,1.1623790352720775,moderada,consumo_nocturno_alto
2025-06-27 06:00:00,Chiquinquirá,laboratorios,6,4,0.6345,0.5432373,0.09126269999999992,16.7997852872032,1.167997852872032,moderada,consumo_nocturno_alto
2025-06-27 06:00:00,Tunja,oficinas,6,4,0.5032,0.4331212,0.0700788,16.17995147778497,1.1617995147778497,moderada,consumo_nocturno_alto
2025-06-27 07:00:00,Chiquinquirá,laboratorios,7,4,0.6086,0.4528287,0.15577130000000006,34.39960850537964,1.3439960850537964,critica,consumo_pico_excesivo
2025-06-27 08:00:00,Duitama,oficinas,8,4,0.9232,0.77811784,0.14508216000000007,18.645268433891722,1.1864526843389172,moderada,consumo_pico_excesivo
2025-06-27 09:00:00,Chiquinquirá,laboratorios,9,4,0.7018,0.6018454,0.0999546,16.608019268735795,1.1660801926873579,moderada,consumo_pico_excesivo
2025-06-27 11:00:00,Chiquinquirá,laboratorios,11,4,0.6967,0.5870666,0.10963339999999999,18.67478068076092,1.1867478068076092,moderada,consumo_pico_excesivo
2025-06-27 11:00:00,Sogamoso,oficinas,11,4,0.9202,0.73464954,0.18555045999999997,25.257003495843737,1.2525700349584374,moderada,consumo_pico_excesivo
2025-06-27 11:00:00,Tunja,laboratorios,11,4,1.7961,1.5388671,0.2572329,16.715731982313482,1.1671573198231349,moderada,consumo_pico_excesivo
2025-06-27 17:00:00,Duitama,oficinas,17,4,0.8472,0.7059207,0.1412793,20.013480267684457,1.2001348026768446,moderada,consumo_pico_excesivo
2025-06-27 17:00:00,Sogamoso,oficinas,17,4,0.9121,0.6954457,0.21665429999999997,31.153302119777283,1.3115330211977727,critica,consumo_pico_excesivo
2025-06-27 18:00:00,Sogamoso,oficinas,18,4,0.9218,0.8005669,0.12123309999999998,15.143406503566409,1.151434065035664,moderada,consumo_fuera_patron
2025-06-28 08:00:00,Chiquinquirá,laboratorios,8,5,1.1675,0.77191496,0.39558503999999994,51.247230653490625,1.5124723065349064,critica,consumo_fin_semana_alto
2025-06-28 08:00:00,Chiquinquirá,oficinas,8,5,1.1747,1.0125992,0.16210080000000016,16.008387128885758,1.1600838712888577,moderada,consumo_fin_semana_alto
2025-06-28 08:00:00,Sogamoso,oficinas,8,5,2.8947,2.4313548,0.4633452,19.057078794094554,1.1905707879409455,moderada,consumo_fin_semana_alto
2025-06-28 08:00:00,Tunja,laboratorios,8,5,2.5483,2.143494,0.4048059999999998,18.88533394541808,1.1888533394541807,moderada,consumo_fin_semana_alto
2025-06-28 09:00:00,Chiquinquirá,oficinas,9,5,1.2763,1.073224,0.20307600000000003,18.92205168725262,1.1892205168725263,moderada,consumo_fin_semana_alto
2025-06-28 09:00:00,Tunja,oficinas,9,5,1.4015,1.2100359,0.19146409999999991,15.823009879293656,1.1582300987929366,moderada,consumo_fin_semana_alto
2025-06-28 10:00:00,Chiquinquirá,laboratorios,10,5,1.1064,0.94585896,0.16054104000000002,16.973042154191788,1.1697304215419178,moderada,consumo_fin_semana_alto
2025-06-28 10:00:00,Tunja,laboratorios,10,5,2.332,1.862632,0.4693679999999998,25.1991805144548,1.251991805144548,moderada,consumo_fin_semana_alto
2025-06-28 11:00:00,Duitama,comedor,11,5,0.5107,0.4336382,0.07706180000000007,17.770989732915613,1.1777098973291562,moderada,consumo_fin_semana_alto
2025-06-28 12:00:00,Chiquinquirá,oficinas,12,5,1.307,1.0726291,0.23437090000000005,21.850134403401892,1.2185013440340189,moderada,consumo_fin_semana_alto
2025-06-28 12:00:00,Sogamoso,comedor,12,5,1.0131,0.85911834,0.1539816599999999,17.92321881988923,1.1792321881988923,moderada,consumo_fin_semana_alto
2025-06-28 12:00:00,Tunja,comedor,12,5,0.6972,0.43575782,0.26144218,59.99712868032982,1.5999712868032983,critica,consumo_fin_semana_alto
2025-06-28 12:00:00,Tunja,oficinas,12,5,1.1865,1.0176703,0.16882970000000008,16.589822853236463,1.1658982285323647,moderada,consumo_fin_semana_alto
2025-06-28 13:00:00,Sogamoso,comedor,13,5,1.154,0.98075575,0.17324424999999988,17.664362406236197,1.176643624062362,moderada,consumo_fin_semana_alto
2025-06-28 13:00:00,Sogamoso,laboratorios,13,5,5.3209,4.5297985,0.7911014999999999,17.46438610900683,1.1746438610900682,moderada,consumo_fin_semana_alto
2025-06-28 13:00:00,Tunja,laboratorios,13,5,2.4574,1.959162,0.49823799999999974,25.431179249087094,1.2543117924908709,moderada,consumo_fin_semana_alto
2025-06-28 14:00:00,Tunja,laboratorios,14,5,2.5146,2.044826,0.46977400000000014,22.973788478824122,1.2297378847882412,moderada,consumo_fin_semana_alto
2025-06-28 15:00:00,Chiquinquirá,laboratorios,15,5,0.9317,0.67322963,0.25847036999999995,38.39260164470181,1.3839260164470182,critica,consumo_fin_semana_alto
2025-06-28 15:00:00,Sogamoso,comedor,15,5,0.5055,0.42418852,0.08131147999999994,19.16871300524586,1.1916871300524585,moderada,consumo_fin_semana_alto
2025-06-28 15:00:00,Sogamoso,laboratorios,15,5,5.7509,4.6251345,1.1257655,24.340167837281275,1.2434016783728128,moderada,consumo_fin_semana_alto
2025-06-28 15:00:00,Sogamoso,oficinas,15,5,0.8407,0.57281244,0.26788756,46.76706392759208,1.467670639275921,critica,consumo_fin_semana_alto
2025-06-28 15:00:00,Tunja,laboratorios,15,5,2.4508,2.052064,0.398736,19.430972913125512,1.1943097291312552,moderada,consumo_fin_semana_alto
2025-06-28 16:00:00,Chiquinquirá,laboratorios,16,5,1.1073,0.87339306,0.2339069399999999,26.781405842633998,1.26781405842634,moderada,consumo_fin_semana_alto
2025-06-28 17:00:00,Sogamoso,oficinas,17,5,0.8278,0.60290617,0.22489382999999996,37.301630202258494,1.373016302022585,critica,consumo_fin_semana_alto
2025-06-28 21:00:00,Sogamoso,comedor,21,5,0.5074,0.43696743,0.07043256999999997,16.118494231938516,1.1611849423193852,moderada,consumo_fin_semana_alto
2025-06-29 07:00:00,Tunja,laboratorios,7,6,1.7886,1.5022104,0.2863895999999999,19.064546484300728,1.1906454648430074,moderada,consumo_fin_semana_alto
2025-06-29 08:00:00,Tunja,oficinas,8,6,0.5032,0.43278426,0.07041574,16.27040225538702,1.16270402255387,moderada,consumo_fin_semana_alto
2025-06-29 09:00:00,Tunja,oficinas,9,6,0.5137,0.43649063,0.07720937000000005,17.688666077436775,1.1768866607743678,moderada,consumo_fin_semana_alto
2025-06-29 11:00:00,Chiquinquirá,laboratorios,11,6,0.6199,0.53463006,0.08526993999999999,15.949335134653667,1.1594933513465366,moderada,consumo_fin_semana_alto
2025-06-29 15:00:00,Tunja,oficinas,15,6,0.5046,0.3691682,0.13543180000000005,36.685662524561984,1.3668566252456198,critica,consumo_fin_semana_alto
2025-06-29 17:00:00,Chiquinquirá,laboratorios,17,6,0.6441,0.54195255,0.10214745000000003,18.848043062072506,1.188480430620725,moderada,consumo_fin_semana_alto
2025-06-29 18:00:00,Duitama,oficinas,18,6,0.8805,0.7615268,0.1189732,15.622982671128582,1.1562298267112858,moderada,consumo_fin_semana_alto
2025-06-29 20:00:00,Sogamoso,oficinas,20,6,0.9255,0.79966027,0.12583973000000004,15.736649014712217,1.1573664901471221,moderada,consumo_fin_semana_alto
2025-06-29 21:00:00,Duitama,oficinas,21,6,0.9635,0.81988394,0.14361606000000005,17.51663290294478,1.1751663290294478,moderada,consumo_fin_semana_alto
2025-06-30 02:00:00,Duitama,comedor,2,0,0.5188,0.43660632,0.08219368000000005,18.825581819337852,1.1882558181933784,moderada,consumo_nocturno_alto
2025-06-30 07:00:00,Duitama,oficinas,7,0,5.4747,4.708494,0.7662060000000004,16.27284647702642,1.1627284647702643,moderada,consumo_pico_excesivo
2025-06-30 07:00:00,Tunja,oficinas,7,0,2.5288,2.1978338,0.33096619999999977,15.058745570297432,1.1505874557029743,moderada,consumo_pico_excesivo
2025-06-30 09:00:00,Chiquinquirá,laboratorios,9,0,1.1399,0.8999028,0.2399971999999999,26.66923583302551,1.2666923583302552,moderada,consumo_pico_excesivo
2025-06-30 09:00:00,Tunja,laboratorios,9,0,2.4472,2.1161067,0.33109330000000003,15.646342407970263,1.1564634240797027,moderada,consumo_pico_excesivo
2025-06-30 11:00:00,Tunja,laboratorios,11,0,2.5513,2.128661,0.42263899999999976,19.85468799400185,1.1985468799400185,moderada,consumo_pico_excesivo
2025-06-30 12:00:00,Chiquinquirá,oficinas,12,0,2.4942,2.0164692,0.47773080000000023,23.691450382678806,1.2369145038267881,moderada,consumo_fuera_patron
2025-06-30 12:00:00,Tunja,laboratorios,12,0,2.5997,2.236054,0.3636459999999997,16.262845172790982,1.1626284517279097,moderada,consumo_fuera_patron
2025-06-30 13:00:00,Tunja,oficinas,13,0,3.1756,2.5288043,0.6467957000000002,25.57713540743347,1.2557713540743347,moderada,consumo_fuera_patron
2025-06-30 14:00:00,Chiquinquirá,laboratorios,14,0,1.225,1.0180827,0.2069173000000002,20.324213347304713,1.2032421334730472,moderada,consumo_pico_excesivo
2025-06-30 15:00:00,Duitama,comedor,15,0,0.5223,0.44559062,0.07670938,17.21521426999518,1.1721521426999517,moderada,consumo_pico_excesivo
2025-06-30 15:00:00,Tunja,oficinas,15,0,3.0926,2.5400817,0.5525183,21.75198931593421,1.217519893159342,moderada,consumo_pico_excesivo
2025-06-30 16:00:00,Duitama,oficinas,16,0,5.5091,4.5992517,0.9098483000000002,19.782528970962822,1.1978252897096282,moderada,consumo_pico_excesivo
2025-06-30 17:00:00,Chiquinquirá,laboratorios,17,0,0.6581,0.57156235,0.08653765000000002,15.140544159355496,1.151405441593555,moderada,consumo_pico_excesivo
2025-06-30 17:00:00,Sogamoso,comedor,17,0,0.5106,0.4265539,0.08404610000000007,19.703512264217974,1.1970351226421798,moderada,consumo_pico_excesivo
2025-06-30 17:00:00,Sogamoso,oficinas,17,0,0.8941,0.7646342,0.12946579999999996,16.931730231266133,1.1693173023126613,moderada,consumo_pico_excesivo
2025-06-30 18:00:00,Sogamoso,oficinas,18,0,0.9058,0.7614037,0.14439630000000003,18.96448625085484,1.1896448625085485,moderada,consumo_fuera_patron
2025-06-30 21:00:00,Duitama,comedor,21,0,0.5151,0.43263483,0.08246516999999998,19.061149098883227,1.1906114909888323,moderada,consumo_fuera_patron
2025-06-30 21:00:00,Sogamoso,comedor,21,0,0.5006,0.43348,0.06712000000000007,15.483990034142305,1.1548399003414231,moderada,consumo_fuera_patron
2025-06-30 22:00:00,Duitama,comedor,22,0,0.5184,0.42310616,0.09529383999999996,22.522442121854233,1.2252244212185424,moderada,consumo_fuera_patron
2025-07-01 00:00:00,Sogamoso,oficinas,0,1,0.9752,0.8340749,0.1411251,16.919955270204152,1.1691995527020416,moderada,consumo_nocturno_alto
2025-07-01 03:00:00,Sogamoso,comedor,3,1,0.5285,0.43645573,0.09204426999999998,21.08902774629628,1.2108902774629628,moderada,consumo_nocturno_alto
2025-07-01 04:00:00,Duitama,comedor,4,1,0.5286,0.45957872,0.06902127999999996,15.018380311429555,1.1501838031142955,moderada,consumo_nocturno_alto
2025-07-01 06:00:00,Sogamoso,comedor,6,1,0.5264,0.4500237,0.07637629999999995,16.971617272601407,1.1697161727260141,moderada,consumo_nocturno_alto
2025-07-01 07:00:00,Chiquinquirá,oficinas,7,1,2.7009,2.2379732,0.46292679999999997,20.68509131387275,1.2068509131387275,moderada,consumo_pico_excesivo
2025-07-01 07:00:00,Duitama,comedor,7,1,0.5226,0.45143542,0.07116457999999998,15.764066541344935,1.1576406654134495,moderada,consumo_pico_excesivo
2025-07-01 08:00:00,Sogamoso,laboratorios,8,1,6.6391,5.7055516,0.9335484000000003,16.362105988139696,1.163621059881397,moderada,consumo_pico_excesivo
2025-07-01 09:00:00,Duitama,comedor,9,1,0.5331,0.45037633,0.08272367000000003,18.367677093509784,1.183676770935098,moderada,consumo_pico_excesivo
2025-07-01 10:00:00,Chiquinquirá,laboratorios,10,1,1.0783,0.90784395,0.17045605000000008,18.775919583976968,1.1877591958397697,moderada,consumo_pico_excesivo
2025-07-01 11:00:00,Duitama,salones,11,1,0.5032,0.42976788,0.07343211999999999,17.086460719214287,1.170864607192143,moderada,consumo_pico_excesivo
2025-07-01 12:00:00,Sogamoso,comedor,12,1,1.2474,0.99125206,0.2561479400000001,25.840848189510957,1.2584084818951096,moderada,consumo_fuera_patron
2025-07-01 13:00:00,Sogamoso,comedor,13,1,1.114,0.89967585,0.21432415000000005,23.822374469649265,1.2382237446964928,moderada,consumo_fuera_patron
2025-07-01 14:00:00,Duitama,comedor,14,1,0.529,0.44480821,0.08419179000000004,18.92766097999856,1.1892766097999856,moderada,consumo_pico_excesivo
2025-07-01 14:00:00,Sogamoso,comedor,14,1,0.5136,0.4378593,0.07574069999999994,17.2979539317767,1.172979539317767,moderada,consumo_pico_excesivo
2025-07-01 14:00:00,Sogamoso,oficinas,14,1,5.6217,4.878645,0.743055,15.230765919635475,1.1523076591963548,moderada,consumo_pico_excesivo
2025-07-01 14:00:00,Tunja,laboratorios,14,1,2.4465,2.0580761,0.3884238999999998,18.873155370688178,1.1887315537068819,moderada,consumo_pico_excesivo
2025-07-01 15:00:00,Chiquinquirá,oficinas,15,1,2.1794,1.7571024,0.42229759999999983,24.033750110409038,1.2403375011040905,moderada,consumo_pico_excesivo
2025-07-01 15:00:00,Duitama,comedor,15,1,0.5399,0.44534808,0.09455192000000007,21.23101552385722,1.2123101552385722,moderada,consumo_pico_excesivo
2025-07-01 16:00:00,Duitama,comedor,16,1,0.5292,0.4363975,0.09280250000000001,21.2655892849982,1.212655892849982,moderada,consumo_pico_excesivo
2025-07-01 16:00:00,Sogamoso,comedor,16,1,0.5167,0.432714,0.08398600000000006,19.409124733657812,1.1940912473365781,moderada,consumo_pico_excesivo
2025-07-01 17:00:00,Chiquinquirá,laboratorios,17,1,0.5952,0.43659297,0.15860702999999993,36.3283517826684,1.363283517826684,critica,consumo_pico_excesivo
2025-07-01 19:00:00,Duitama,comedor,19,1,0.5409,0.43638143,0.10451857000000003,23.951195631766463,1.2395119563176646,moderada,consumo_fuera_patron
2025-07-01 20:00:00,Duitama,comedor,20,1,0.5246,0.45423383,0.07036616999999995,15.491177748693872,1.1549117774869386,moderada,consumo_fuera_patron
2025-07-01 20:00:00,Sogamoso,comedor,20,1,0.5266,0.43855175,0.08804824999999994,20.077049059774573,1.2007704905977457,moderada,consumo_fuera_patron
2025-07-01 20:00:00,Sogamoso,oficinas,20,1,0.9771,0.7844315,0.19266850000000002,24.56154552691982,1.2456154552691983,moderada,consumo_fuera_patron
2025-07-02 04:00:00,Sogamoso,comedor,4,2,0.5131,0.4352768,0.07782319999999998,17.879013997529842,1.1787901399752985,moderada,consumo_nocturno_alto
2025-07-02 06:00:00,Sogamoso,comedor,6,2,0.5084,0.43831503,0.07008496999999997,15.98963421354727,1.1598963421354727,moderada,consumo_nocturno_alto
2025-07-02 07:00:00,Chiquinquirá,oficinas,7,2,2.4811,2.0746799,0.40642010000000006,19.589532823834656,1.1958953282383467,moderada,consumo_pico_excesivo
2025-07-02 07:00:00,Duitama,comedor,7,2,0.5302,0.45112044,0.07907956,17.529589215687054,1.1752958921568706,moderada,consumo_pico_excesivo
2025-07-02 07:00:00,Duitama,oficinas,7,2,6.0251,5.0676775,0.9574224999999998,18.892727487098377,1.1889272748709838,moderada,consumo_pico_excesivo
2025-07-02 08:00:00,Sogamoso,oficinas,8,2,6.0164,5.035149,0.9812510000000003,19.488023095245055,1.1948802309524504,moderada,consumo_pico_excesivo
2025-07-02 08:00:00,Tunja,oficinas,8,2,2.5328,2.11341,0.41938999999999993,19.844232780198823,1.1984423278019882,moderada,consumo_pico_excesivo
2025-07-02 09:00:00,Chiquinquirá,laboratorios,9,2,1.154,0.97698754,0.17701245999999993,18.118190125536294,1.1811819012553628,moderada,consumo_pico_excesivo
2025-07-02 09:00:00,Sogamoso,laboratorios,9,2,6.5476,5.6299396,0.9176603999999999,16.299649111688513,1.162996491116885,moderada,consumo_pico_excesivo
2025-07-02 09:00:00,Tunja,laboratorios,9,2,2.468,2.0387454,0.42925460000000015,21.054840884006417,1.2105484088400642,moderada,consumo_pico_excesivo
2025-07-02 12:00:00,Duitama,oficinas,12,2,5.7685,4.854708,0.9137920000000008,18.822800465033136,1.1882280046503313,moderada,consumo_fuera_patron
2025-07-02 12:00:00,Tunja,comedor,12,2,0.6568,0.5506082,0.10619180000000006,19.28627288878009,1.1928627288878009,moderada,consumo_fuera_patron
2025-07-02 12:00:00,Tunja,laboratorios,12,2,2.2736,1.969088,0.3045120000000001,15.46462118503592,1.1546462118503593,moderada,consumo_fuera_patron
2025-07-02 13:00:00,Chiquinquirá,laboratorios,13,2,1.1315,0.84629416,0.28520583999999993,33.70055631720298,1.33700556317203,critica,consumo_fuera_patron
2025-07-02 14:00:00,Chiquinquirá,laboratorios,14,2,1.1273,0.94462556,0.18267444,19.33829103671512,1.1933829103671512,moderada,consumo_pico_excesivo
2025-07-02 14:00:00,Sogamoso,comedor,14,2,0.5217,0.438357,0.08334300000000006,19.012585632258652,1.1901258563225865,moderada,consumo_pico_excesivo
2025-07-02 15:00:00,Duitama,oficinas,15,2,5.6921,4.855312,0.8367880000000003,17.23448462220348,1.1723448462220347,moderada,consumo_pico_excesivo
2025-07-02 16:00:00,Duitama,comedor,16,2,0.5199,0.43705344,0.08284656000000001,18.955704821817672,1.1895570482181768,moderada,consumo_pico_excesivo
2025-07-02 18:00:00,Duitama,comedor,18,2,0.5307,0.43211463,0.09858536999999995,22.81463370032159,1.228146337003216,moderada,consumo_fuera_patron
2025-07-02 20:00:00,Duitama,oficinas,20,2,0.9754,0.84454894,0.13085106000000002,15.493603011330523,1.1549360301133051,moderada,consumo_fuera_patron
2025-07-02 20:00:00,Sogamoso,comedor,20,2,0.5223,0.43855175,0.08374824999999997,19.096549038967456,1.1909654903896745,moderada,consumo_fuera_patron
2025-07-02 20:00:00,Sogamoso,oficinas,20,2,0.9188,0.7844315,0.1343685,17.129411554737413,1.1712941155473742,moderada,consumo_fuera_patron
2025-07-02 22:00:00,Duitama,oficinas,22,2,0.9755,0.83102614,0.14447386000000007,17.384995855846373,1.1738499585584636,moderada,consumo_fuera_patron
2025-07-02 22:00:00,Sogamoso,oficinas,22,2,0.9336,0.7943829,0.13921709999999998,17.52518841984136,1.1752518841984136,moderada,consumo_fuera_patron
2025-07-02 23:00:00,Duitama,oficinas,23,2,0.9834,0.8482798,0.13512020000000002,15.928730119472375,1.1592873011947238,moderada,consumo_fuera_patron
2025-07-03 04:00:00,Sogamoso,comedor,4,3,0.5126,0.43228275,0.08031724999999995,18.57979528445212,1.1857979528445213,moderada,consumo_nocturno_alto
2025-07-03 04:00:00,Sogamoso,oficinas,4,3,0.939,0.80659395,0.13240604999999994,16.415452905393096,1.164154529053931,moderada,consumo_nocturno_alto
2025-07-03 08:00:00,Chiquinquirá,laboratorios,8,3,1.0477,0.81907713,0.22862287000000003,27.912251682573537,1.2791225168257354,moderada,consumo_pico_excesivo
2025-07-03 09:00:00,Duitama,salones,9,3,0.5062,0.42700297,0.07919703,18.547184812321095,1.185471848123211,moderada,consumo_pico_excesivo
2025-07-03 10:00:00,Duitama,comedor,10,3,0.5278,0.43893495,0.08886505000000006,20.245608147631,1.2024560814763101,moderada,consumo_pico_excesivo
2025-07-03 11:00:00,Duitama,comedor,11,3,0.5367,0.45434934,0.08235065999999996,18.12496525250812,1.181249652525081,moderada,consumo_pico_excesivo
2025-07-03 11:00:00,Sogamoso,comedor,11,3,0.5337,0.41240647,0.12129352999999993,29.411160789984674,1.2941116078998467,moderada,consumo_pico_excesivo
2025-07-03 12:00:00,Duitama,comedor,12,3,1.2286,0.92327106,0.3053289399999999,33.07034664337902,1.3307034664337902,critica,consumo_fuera_patron
2025-07-03 12:00:00,Duitama,oficinas,12,3,5.2276,4.3931446,0.8344553999999995,18.994489732935254,1.1899448973293525,moderada,consumo_fuera_patron
2025-07-03 12:00:00,Tunja,laboratorios,12,3,2.4005,2.0300136,0.3704863999999999,18.250439307401678,1.1825043930740167,moderada,consumo_fuera_patron
2025-07-03 13:00:00,Tunja,comedor,13,3,0.6322,0.5390569,0.09314310000000003,17.278899500219744,1.1727889950021975,moderada,consumo_fuera_patron
2025-07-03 13:00:00,Tunja,oficinas,13,3,2.4465,2.0094485,0.4370514999999999,21.74982339681758,1.217498233968176,moderada,consumo_fuera_patron
2025-07-03 14:00:00,Tunja,oficinas,14,3,2.7968,2.3973994,0.3994006000000003,16.659743887480758,1.1665974388748075,moderada,consumo_pico_excesivo
2025-07-03 15:00:00,Chiquinquirá,laboratorios,15,3,1.0527,0.8438199,0.2088801,24.75410925957068,1.2475410925957067,moderada,consumo_pico_excesivo
2025-07-03 16:00:00,Chiquinquirá,oficinas,16,3,2.6471,2.242525,0.4045749999999999,18.0410474799612,1.180410474799612,moderada,consumo_pico_excesivo
2025-07-03 16:00:00,Tunja,oficinas,16,3,2.9099,1.7172991,1.1926009,69.44631252645506,1.6944631252645506,critica,consumo_pico_excesivo
2025-07-03 17:00:00,Duitama,comedor,17,3,0.5417,0.43971974,0.10198025999999993,23.192104134328815,1.2319210413432882,moderada,consumo_pico_excesivo
2025-07-03 18:00:00,Chiquinquirá,laboratorios,18,3,0.6528,0.56038755,0.09241245000000009,16.49081068985207,1.1649081068985208,moderada,consumo_fuera_patron
2025-07-03 20:00:00,Sogamoso,oficinas,20,3,0.9383,0.7783559,0.15994410000000003,20.54896738111705,1.2054896738111704,moderada,consumo_fuera_patron
2025-07-03 23:00:00,Duitama,comedor,23,3,0.5147,0.44446203,0.07023797000000004,15.802917968043309,1.1580291796804332,moderada,consumo_fuera_patron
2025-07-04 03:00:00,Duitama,comedor,3,4,0.5269,0.4452039,0.08169610000000005,18.35026602417455,1.1835026602417456,moderada,consumo_nocturno_alto
2025-07-04 06:00:00,Duitama,salones,6,4,0.5021,0.4337351,0.0683649,15.761901676852993,1.1576190167685299,moderada,consumo_nocturno_alto
2025-07-04 08:00:00,Chiquinquirá,laboratorios,8,4,1.0907,0.86000884,0.23069116,26.82427775974954,1.2682427775974954,moderada,consumo_pico_excesivo
2025-07-04 08:00:00,Sogamoso,comedor,8,4,0.5051,0.43795487,0.06714513,15.331518062580281,1.1533151806258028,moderada,consumo_pico_excesivo
2025-07-04 08:00:00,Sogamoso,laboratorios,8,4,6.4063,5.4069724,0.9993276,18.482202720324594,1.184822027203246,moderada,consumo_pico_excesivo
2025-07-04 09:00:00,Chiquinquirá,laboratorios,9,4,1.0766,0.9053726,0.17122740000000003,18.91236823380783,1.1891236823380784,moderada,consumo_pico_excesivo
2025-07-04 09:00:00,Duitama,comedor,9,4,0.5132,0.44080606,0.07239393999999999,16.423081842386647,1.1642308184238666,moderada,consumo_pico_excesivo
2025-07-04 09:00:00,Sogamoso,comedor,9,4,0.5208,0.44036928,0.08043072000000007,18.26438029464727,1.1826438029464728,moderada,consumo_pico_excesivo
2025-07-04 10:00:00,Chiquinquirá,oficinas,10,4,2.5526,2.2043717,0.34822830000000016,15.797167964005354,1.1579716796400534,moderada,consumo_pico_excesivo
2025-07-04 10:00:00,Sogamoso,comedor,10,4,0.5316,0.4562721,0.07532789999999995,16.509424968127558,1.1650942496812755,moderada,consumo_pico_excesivo
2025-07-04 11:00:00,Duitama,oficinas,11,4,5.9787,4.8198223,1.1588776999999997,24.043992244278375,1.2404399224427838,moderada,consumo_pico_excesivo
2025-07-04 12:00:00,Chiquinquirá,oficinas,12,4,1.8152,1.4535062,0.36169379999999984,24.884228220010332,1.2488422822001033,moderada,consumo_fuera_patron
2025-07-04 12:00:00,Sogamoso,oficinas,12,4,5.6813,4.81257,0.8687300000000002,18.051269903606602,1.180512699036066,moderada,consumo_fuera_patron
2025-07-04 12:00:00,Tunja,oficinas,12,4,2.471,2.0404348,0.4305652000000002,21.101639709340393,1.211016397093404,moderada,consumo_fuera_patron
2025-07-04 13:00:00,Tunja,comedor,13,4,0.6238,0.53185594,0.09194406,17.287399290868123,1.1728739929086813,moderada,consumo_fuera_patron
2025-07-04 13:00:00,Tunja,oficinas,13,4,2.7582,2.1200023,0.6381977000000001,30.103632434738405,1.301036324347384,critica,consumo_fuera_patron
2025-07-04 14:00:00,Chiquinquirá,oficinas,14,4,2.2853,1.9275655,0.35773449999999984,18.558876468789247,1.1855887646878924,moderada,consumo_pico_excesivo
2025-07-04 15:00:00,Duitama,oficinas,15,4,5.4988,4.6379843,0.8608156999999999,18.560125354456243,1.1856012535445624,moderada,consumo_pico_excesivo
2025-07-04 15:00:00,Tunja,oficinas,15,4,2.812,2.3705904,0.4414095999999996,18.620239076307723,1.1862023907630772,moderada,consumo_pico_excesivo
2025-07-04 16:00:00,Tunja,oficinas,16,4,2.1805,1.575719,0.6047809999999998,38.38127229537752,1.3838127229537753,critica,consumo_pico_excesivo
2025-07-04 17:00:00,Duitama,salones,17,4,0.5001,0.41649345,0.08360655,20.073917128828796,1.200739171288288,moderada,consumo_pico_excesivo
2025-07-04 20:00:00,Duitama,comedor,20,4,0.5392,0.4663542,0.07284580000000002,15.620273174338307,1.1562027317433832,moderada,consumo_fuera_patron
2025-07-04 21:00:00,Duitama,salones,21,4,0.504,0.4138013,0.09019870000000002,21.797587392789733,1.2179758739278974,moderada,consumo_fuera_patron
2025-07-04 22:00:00,Duitama,salones,22,4,0.5026,0.4138013,0.08879870000000006,21.459260761143106,1.214592607611431,moderada,consumo_fuera_patron
2025-07-05 01:00:00,Sogamoso,comedor,1,5,0.5266,0.45089397,0.07570602999999998,16.790206797398508,1.167902067973985,moderada,consumo_nocturno_alto
2025-07-05 04:00:00,Duitama,comedor,4,5,0.5407,0.4497108,0.09098919999999994,20.232825184540808,1.2023282518454081,moderada,consumo_nocturno_alto
2025-07-05 05:00:00,Sogamoso,comedor,5,5,0.5331,0.4495455,0.08355450000000003,18.5864389700264,1.185864389700264,moderada,consumo_nocturno_alto
2025-07-05 07:00:00,Tunja,laboratorios,7,5,1.6289,1.4140846,0.2148154,15.19112788584219,1.1519112788584218,moderada,consumo_fin_semana_alto
2025-07-05 08:00:00,Chiquinquirá,oficinas,8,5,1.1581,0.92767394,0.23042605999999988,24.839121814718638,1.2483912181471863,moderada,consumo_fin_semana_alto
2025-07-05 08:00:00,Duitama,laboratorios,8,5,5.3852,4.3879027,0.9972973000000005,22.728336706281123,1.2272833670628112,moderada,consumo_fin_semana_alto
2025-07-05 09:00:00,Sogamoso,laboratorios,9,5,6.2465,4.901215,1.3452850000000005,27.447989937189053,1.2744798993718907,moderada,consumo_fin_semana_alto
2025-07-05 10:00:00,Chiquinquirá,laboratorios,10,5,1.1453,0.90970147,0.23559852999999997,25.898444464424138,1.2589844446442413,moderada,consumo_fin_semana_alto
2025-07-05 10:00:00,Sogamoso,comedor,10,5,0.5111,0.3848045,0.1262955,32.82069206571129,1.328206920657113,critica,consumo_fin_semana_alto
2025-07-05 10:00:00,Tunja,laboratorios,10,5,2.3754,2.0124586,0.36294139999999997,18.034726279586568,1.1803472627958658,moderada,consumo_fin_semana_alto
2025-07-05 11:00:00,Chiquinquirá,laboratorios,11,5,1.157,0.90618396,0.25081604,27.678269652885934,1.2767826965288593,moderada,consumo_fin_semana_alto
2025-07-05 11:00:00,Sogamoso,laboratorios,11,5,6.1209,5.033019,1.0878809999999994,21.61487965771636,1.2161487965771636,moderada,consumo_fin_semana_alto
2025-07-05 12:00:00,Duitama,comedor,12,5,1.1125,0.9067282,0.20577180000000006,22.693878937480942,1.2269387893748094,moderada,consumo_fin_semana_alto
2025-07-05 12:00:00,Duitama,oficinas,12,5,1.9282,1.6254411,0.30275889999999994,18.62626089619611,1.1862626089619612,moderada,consumo_fin_semana_alto
2025-07-05 12:00:00,Tunja,comedor,12,5,0.5711,0.4219184,0.14918160000000003,35.35792703044001,1.3535792703044,critica,consumo_fin_semana_alto
2025-07-05 12:00:00,Tunja,oficinas,12,5,1.4622,0.8911425,0.5710575,64.08150211666485,1.6408150211666486,critica,consumo_fin_semana_alto
2025-07-05 13:00:00,Duitama,laboratorios,13,5,5.1549,4.468337,0.6865629999999996,15.365067585546917,1.1536506758554692,moderada,consumo_fin_semana_alto
2025-07-05 13:00:00,Sogamoso,comedor,13,5,1.1671,0.9950428,0.17205720000000002,17.291437112051867,1.1729143711205186,moderada,consumo_fin_semana_alto
2025-07-05 13:00:00,Tunja,comedor,13,5,0.6542,0.5164942,0.1377058,26.66163530974791,1.266616353097479,moderada,consumo_fin_semana_alto
2025-07-05 13:00:00,Tunja,laboratorios,13,5,2.5793,1.9617604,0.6175396,31.47884930290162,1.3147884930290161,critica,consumo_fin_semana_alto
2025-07-05 14:00:00,Chiquinquirá,laboratorios,14,5,1.133,0.98415846,0.14884154000000005,15.12373728921662,1.1512373728921663,moderada,consumo_fin_semana_alto
2025-07-05 14:00:00,Duitama,comedor,14,5,0.534,0.40206507,0.13193493,32.81432281595613,1.3281432281595613,critica,consumo_fin_semana_alto
2025-07-05 14:00:00,Sogamoso,comedor,14,5,0.5008,0.39520884,0.10559116000000002,26.717813295876685,1.2671781329587668,moderada,consumo_fin_semana_alto
2025-07-05 15:00:00,Chiquinquirá,laboratorios,15,5,1.178,0.7668534,0.4111465999999999,53.614758700945956,1.5361475870094596,critica,consumo_fin_semana_alto
2025-07-05 15:00:00,Sogamoso,laboratorios,15,5,5.7709,4.622477,1.1484230000000002,24.844320480123542,1.2484432048012355,moderada,consumo_fin_semana_alto
2025-07-05 15:00:00,Sogamoso,oficinas,15,5,0.9284,0.6514618,0.2769382,42.51027458555514,1.4251027458555514,critica,consumo_fin_semana_alto
2025-07-05 15:00:00,Tunja,laboratorios,15,5,2.3275,1.9838324,0.3436676000000001,17.32341905495646,1.1732341905495647,moderada,consumo_fin_semana_alto
2025-07-05 16:00:00,Duitama,salones,16,5,0.5056,0.41162318,0.09397682000000007,22.830789072665947,1.2283078907266594,moderada,consumo_fin_semana_alto
2025-07-05 16:00:00,Sogamoso,laboratorios,16,5,6.4947,5.3526354,1.1420646000000003,21.336491553301023,1.2133649155330102,moderada,consumo_fin_semana_alto
2025-07-05 16:00:00,Sogamoso,oficinas,16,5,0.9724,0.5059097,0.4664903,92.20821423269805,1.9220821423269805,critica,consumo_fin_semana_alto
2025-07-05 17:00:00,Duitama,comedor,17,5,0.5333,0.4416741,0.09162589999999998,20.745137647872035,1.2074513764787203,moderada,consumo_fin_semana_alto
2025-07-05 19:00:00,Tunja,laboratorios,19,5,5.660161704372831,3.7709234,1.8892383043728307,50.10015065203475,1.5010015065203475,critica,consumo_fin_semana_alto
2025-07-05 20:00:00,Duitama,comedor,20,5,0.5143,0.44547877,0.06882122999999996,15.448823745293172,1.1544882374529317,moderada,consumo_fin_semana_alto
2025-07-05 21:00:00,Duitama,comedor,21,5,0.5296,0.45406446,0.07553553999999996,16.635422204151357,1.1663542220415135,moderada,consumo_fin_semana_alto
2025-07-06 00:00:00,Sogamoso,oficinas,0,6,0.9715,0.8417748,0.12972519999999998,15.410915128369249,1.1541091512836925,moderada,consumo_nocturno_alto
2025-07-06 01:00:00,Sogamoso,oficinas,1,6,0.9775,0.8484241,0.12907590000000002,15.21360602557141,1.152136060255714,moderada,consumo_nocturno_alto
2025-07-06 05:00:00,Chiquinquirá,laboratorios,5,6,0.6222,0.53318006,0.08901994000000002,16.696036982328263,1.1669603698232827,moderada,consumo_nocturno_alto
2025-07-06 08:00:00,Chiquinquirá,laboratorios,8,6,0.6174,0.5291888,0.08821119999999993,16.66913585472707,1.1666913585472707,moderada,consumo_fin_semana_alto
2025-07-06 12:00:00,Duitama,oficinas,12,6,0.9904,0.8200104,0.17038959999999992,20.7789559742169,1.207789559742169,moderada,consumo_fin_semana_alto
2025-07-06 16:00:00,Duitama,oficinas,16,6,0.9714,0.827867,0.14353300000000002,17.337688300173824,1.1733768830017381,moderada,consumo_fin_semana_alto
2025-07-06 17:00:00,Duitama,oficinas,17,6,0.9743,0.80850685,0.16579315000000006,20.506090950249842,1.2050609095024984,moderada,consumo_fin_semana_alto
2025-07-06 17:00:00,Sogamoso,oficinas,17,6,0.9729,0.78726315,0.18563684999999996,23.580025306658893,1.235800253066589,moderada,consumo_fin_semana_alto
2025-07-06 18:00:00,Duitama,oficinas,18,6,0.9876,0.80283314,0.1847668600000001,23.014353891768856,1.2301435389176885,moderada,consumo_fin_semana_alto
2025-07-06 21:00:00,Duitama,oficinas,21,6,0.9861,0.8481083,0.13799169999999994,16.270528186081886,1.1627052818608188,moderada,consumo_fin_semana_alto
2025-07-06 23:00:00,Duitama,oficinas,23,6,0.9618,0.81840646,0.14339354000000004,17.521066488160425,1.1752106648816043,moderada,consumo_fin_semana_alto
2025-07-06 23:00:00,Sogamoso,oficinas,23,6,0.9774,0.8387947,0.13860530000000004,16.524341415128163,1.1652434141512817,moderada,consumo_fin_semana_alto
2025-07-07 03:00:00,Sogamoso,comedor,3,0,0.5121,0.44503066,0.06706933999999998,15.070723441841057,1.1507072344184106,moderada,consumo_nocturno_alto
2025-07-07 06:00:00,Chiquinquirá,laboratorios,6,0,0.6582,0.5485702,0.1096298,19.98464371560832,1.1998464371560833,moderada,consumo_nocturno_alto
2025-07-07 08:00:00,Duitama,comedor,8,0,0.5321,0.44458175,0.08751825000000002,19.68552465322745,1.1968552465322744,moderada,consumo_pico_excesivo
2025-07-07 08:00:00,Sogamoso,comedor,8,0,0.5199,0.44285527,0.07704473,17.397270670393063,1.1739727067039307,moderada,consumo_pico_excesivo
2025-07-07 08:00:00,Tunja,laboratorios,8,0,2.3022,1.8967583,0.4054417000000001,21.375506831840415,1.2137550683184042,moderada,consumo_pico_excesivo
2025-07-07 09:00:00,Chiquinquirá,laboratorios,9,0,0.9624,0.8340058,0.1283942,15.394880946871115,1.1539488094687111,moderada,consumo_pico_excesivo
2025-07-07 09:00:00,Duitama,oficinas,9,0,5.5418,4.744646,0.7971539999999999,16.801126996618923,1.1680112699661893,moderada,consumo_pico_excesivo
2025-07-07 10:00:00,Chiquinquirá,laboratorios,10,0,1.0447,0.84226793,0.20243206999999996,24.034165707816985,1.2403416570781698,moderada,consumo_pico_excesivo
2025-07-07 10:00:00,Duitama,oficinas,10,0,5.9709,5.088681,0.8822190000000001,17.33688946113934,1.1733688946113934,moderada,consumo_pico_excesivo
2025-07-07 10:00:00,Sogamoso,laboratorios,10,0,6.6632,5.666124,0.9970759999999999,17.597144008849785,1.175971440088498,moderada,consumo_pico_excesivo
2025-07-07 11:00:00,Sogamoso,laboratorios,11,0,5.8134,4.97277,0.84063,16.904662793573806,1.169046627935738,moderada,consumo_pico_excesivo
2025-07-07 12:00:00,Duitama,laboratorios,12,0,5.9905,5.0980873,0.8924126999999995,17.504853241724586,1.175048532417246,moderada,consumo_fuera_patron
2025-07-07 12:00:00,Tunja,oficinas,12,0,2.5841,2.168806,0.41529399999999983,19.14850844197221,1.191485084419722,moderada,consumo_fuera_patron
2025-07-07 14:00:00,Duitama,comedor,14,0,0.539,0.43232948,0.10667052000000005,24.673431938992465,1.2467343193899247,moderada,consumo_pico_excesivo
2025-07-07 14:00:00,Sogamoso,comedor,14,0,0.517,0.4336116,0.08338840000000003,19.231127580535215,1.1923112758053522,moderada,consumo_pico_excesivo
2025-07-07 14:00:00,Tunja,oficinas,14,0,2.8887,1.9530567,0.9356433,47.90661223506721,1.479066122350672,critica,consumo_pico_excesivo
2025-07-07 15:00:00,Sogamoso,laboratorios,15,0,6.485,5.446328,1.038672,19.071051174295782,1.1907105117429577,moderada,consumo_pico_excesivo
2025-07-07 16:00:00,Duitama,oficinas,16,0,5.6372,4.4100723,1.2271276999999996,27.825568755414725,1.2782556875541473,moderada,consumo_pico_excesivo
2025-07-07 16:00:00,Sogamoso,oficinas,16,0,5.671,4.90762,0.7633800000000006,15.554994070445566,1.1555499407044556,moderada,consumo_pico_excesivo
2025-07-07 16:00:00,Tunja,oficinas,16,0,2.6421,1.881112,0.7609880000000002,40.45415690293828,1.4045415690293828,critica,consumo_pico_excesivo
2025-07-07 17:00:00,Chiquinquirá,laboratorios,17,0,0.665,0.5395368,0.1254632,23.253872581073246,1.2325387258107325,moderada,consumo_pico_excesivo
2025-07-07 17:00:00,Sogamoso,comedor,17,0,0.5081,0.42140722,0.08669277999999997,20.572210414430007,1.2057221041443,moderada,consumo_pico_excesivo
2025-07-07 21:00:00,Sogamoso,oficinas,21,0,0.9597,0.81734943,0.14235056999999995,17.416121523446826,1.1741612152344683,moderada,consumo_fuera_patron
2025-07-07 22:00:00,Chiquinquirá,laboratorios,22,0,2.6215645854896263,1.419625,1.2019395854896264,84.66599175765617,1.8466599175765617,critica,consumo_fuera_patron
2025-07-07 22:00:00,Duitama,salones,22,0,0.5058,0.42495733,0.08084267,19.02371468683691,1.190237146868369,moderada,consumo_fuera_patron
2025-07-08 03:00:00,Sogamoso,comedor,3,1,0.5078,0.43312111,0.07467889000000005,17.242034219943715,1.1724203421994372,moderada,consumo_nocturno_alto
2025-07-08 08:00:00,Duitama,comedor,8,1,0.5172,0.43839166,0.07880833999999998,17.976696910703087,1.179766969107031,moderada,consumo_pico_excesivo
2025-07-08 09:00:00,Duitama,comedor,9,1,0.5301,0.4411393,0.0889607,20.16612439653416,1.2016612439653416,moderada,consumo_pico_excesivo
2025-07-08 09:00:00,Sogamoso,oficinas,9,1,5.3084,4.607312,0.7010879999999995,15.216855294366855,1.1521685529436685,moderada,consumo_pico_excesivo
2025-07-08 09:00:00,Tunja,laboratorios,9,1,2.3603,1.8889254,0.4713746000000001,24.954643523772834,1.2495464352377283,moderada,consumo_pico_excesivo
2025-07-08 10:00:00,Duitama,laboratorios,10,1,6.0354,4.9121795,1.1232205000000004,22.866031259647585,1.228660312596476,moderada,consumo_pico_excesivo
2025-07-08 11:00:00,Sogamoso,oficinas,11,1,5.8543,4.856075,0.9982250000000006,20.556210519812826,1.2055621051981282,moderada,consumo_pico_excesivo
2025-07-08 12:00:00,Duitama,salones,12,1,0.5048,0.41276932,0.09203068000000003,22.295910946094548,1.2229591094609455,moderada,consumo_fuera_patron
2025-07-08 12:00:00,Sogamoso,comedor,12,1,1.1775,1.0135459,0.1639541,16.176287625454357,1.1617628762545436,moderada,consumo_fuera_patron
2025-07-08 12:00:00,Tunja,oficinas,12,1,2.5739,2.0619662,0.5119338,24.827458374438923,1.2482745837443892,moderada,consumo_fuera_patron
2025-07-08 15:00:00,Chiquinquirá,laboratorios,15,1,1.1012,0.9166951,0.18450489999999997,20.127182964106602,1.201271829641066,moderada,consumo_pico_excesivo
2025-07-08 15:00:00,Duitama,comedor,15,1,0.5218,0.45274046,0.06905954000000003,15.253670944275674,1.1525367094427568,moderada,consumo_pico_excesivo
2025-07-08 15:00:00,Sogamoso,comedor,15,1,0.5242,0.4228447,0.10135529999999998,23.969864113231164,1.2396986411323117,moderada,consumo_pico_excesivo
2025-07-08 16:00:00,Duitama,oficinas,16,1,5.6144,4.7082324,0.9061675999999999,19.24645011151106,1.1924645011151107,moderada,consumo_pico_excesivo
2025-07-08 17:00:00,Sogamoso,comedor,17,1,0.5063,0.43014938,0.07615061999999995,17.703296468775555,1.1770329646877555,moderada,consumo_pico_excesivo
2025-07-08 18:00:00,Duitama,salones,18,1,0.504,0.43405968,0.06994032,16.11306537386748,1.1611306537386747,moderada,consumo_fuera_patron
2025-07-08 19:00:00,Sogamoso,comedor,19,1,0.528,0.45838758,0.06961242000000001,15.186366960466078,1.1518636696046607,moderada,consumo_fuera_patron
2025-07-08 21:00:00,Duitama,comedor,21,1,0.5215,0.44668403,0.07481596999999995,16.749192936223835,1.1674919293622383,moderada,consumo_fuera_patron
2025-07-08 22:00:00,Duitama,salones,22,1,0.5044,0.42997468,0.07442531999999996,17.309233185544777,1.1730923318554478,moderada,consumo_fuera_patron
2025-07-08 23:00:00,Sogamoso,oficinas,23,1,0.9817,0.83138573,0.15031426999999997,18.079967526024287,1.180799675260243,moderada,consumo_fuera_patron
2025-07-09 00:00:00,Duitama,oficinas,0,2,0.979,0.8452422,0.13375779999999993,15.82478962834557,1.1582478962834557,moderada,consumo_nocturno_alto
2025-07-09 03:00:00,Duitama,salones,3,2,0.5019,0.4204117,0.08148830000000001,19.382976258748272,1.1938297625874827,moderada,consumo_nocturno_alto
2025-07-09 05:00:00,Duitama,comedor,5,2,0.5287,0.423299,0.10540099999999997,24.899893455925948,1.2489989345592594,moderada,consumo_nocturno_alto
2025-07-09 06:00:00,Duitama,comedor,6,2,0.5421,0.4474057,0.09469430000000001,21.16519749301361,1.2116519749301362,moderada,consumo_nocturno_alto
2025-07-09 07:00:00,Duitama,comedor,7,2,0.54,0.45291427,0.08708573000000003,19.227861820295487,1.192278618202955,moderada,consumo_pico_excesivo
2025-07-09 08:00:00,Chiquinquirá,laboratorios,8,2,1.1323,0.8836755,0.24862450000000014,28.13527137506926,1.2813527137506926,moderada,consumo_pico_excesivo
2025-07-09 09:00:00,Chiquinquirá,laboratorios,9,2,1.0849,0.7991169,0.28578309999999996,35.76236468031147,1.3576236468031146,critica,consumo_pico_excesivo
2025-07-09 09:00:00,Sogamoso,comedor,9,2,0.5188,0.44455233,0.07424767000000004,16.70167154449512,1.1670167154449511,moderada,consumo_pico_excesivo
2025-07-09 10:00:00,Duitama,comedor,10,2,0.5088,0.43313047,0.07566953000000004,17.470377920999194,1.174703779209992,moderada,consumo_pico_excesivo
2025-07-09 11:00:00,Chiquinquirá,laboratorios,11,2,0.948,0.8092048,0.1387952,17.152048529618217,1.1715204852961822,moderada,consumo_pico_excesivo
2025-07-09 11:00:00,Duitama,comedor,11,2,0.5201,0.44580582,0.07429417999999999,16.66514358201963,1.1666514358201963,moderada,consumo_pico_excesivo
2025-07-09 11:00:00,Tunja,oficinas,11,2,2.7405,2.2563455,0.4841544999999998,21.457462963894482,1.2145746296389448,moderada,consumo_pico_excesivo
2025-07-09 12:00:00,Sogamoso,comedor,12,2,1.1342,0.97806203,0.15613797000000007,15.964015083992175,1.1596401508399217,moderada,consumo_fuera_patron
2025-07-09 12:00:00,Tunja,laboratorios,12,2,2.5752,2.146566,0.4286340000000002,19.96835876465015,1.1996835876465015,moderada,consumo_fuera_patron
2025-07-09 13:00:00,Duitama,oficinas,13,2,6.0187,5.088187,0.9305130000000004,18.287712303026606,1.1828771230302662,moderada,consumo_fuera_patron
2025-07-09 13:00:00,Tunja,laboratorios,13,2,2.268,1.969088,0.29891199999999984,15.180225566353553,1.1518022556635354,moderada,consumo_fuera_patron
2025-07-09 15:00:00,Chiquinquirá,laboratorios,15,2,1.0286,0.8402896,0.1883104,22.41017858604938,1.224101785860494,moderada,consumo_pico_excesivo
2025-07-09 15:00:00,Sogamoso,laboratorios,15,2,6.3597,5.5077095,0.8519905000000003,15.469052970204771,1.1546905297020478,moderada,consumo_pico_excesivo
2025-07-09 16:00:00,Sogamoso,oficinas,16,2,5.4569,4.526655,0.9302450000000002,20.55038433456935,1.2055038433456935,moderada,consumo_pico_excesivo
2025-07-09 17:00:00,Sogamoso,comedor,17,2,0.5007,0.40876484,0.09193516000000002,22.49096571026021,1.2249096571026021,moderada,consumo_pico_excesivo
2025-07-09 19:00:00,Duitama,comedor,19,2,0.5391,0.4237683,0.11533170000000004,27.215745019153164,1.2721574501915316,moderada,consumo_fuera_patron
2025-07-09 19:00:00,Sogamoso,oficinas,19,2,0.9639,0.8008858,0.1630142,20.354237770228913,1.2035423777022891,moderada,consumo_fuera_patron
2025-07-09 20:00:00,Sogamoso,comedor,20,2,0.5105,0.44027117,0.07022882999999996,15.951267033905484,1.1595126703390548,moderada,consumo_fuera_patron
2025-07-09 21:00:00,Duitama,comedor,21,2,0.5367,0.45378166,0.08291833999999998,18.272739361039843,1.1827273936103984,moderada,consumo_fuera_patron
2025-07-09 22:00:00,Duitama,oficinas,22,2,0.9934,0.863601,0.129799,15.02997333259225,1.1502997333259226,moderada,consumo_fuera_patron
2025-07-10 05:00:00,Duitama,comedor,5,3,0.5146,0.4430226,0.07157739999999996,16.156602394550518,1.1615660239455052,moderada,consumo_nocturno_alto
2025-07-10 07:00:00,Duitama,comedor,7,3,0.5066,0.4311922,0.07540780000000002,17.488210593790896,1.1748821059379089,moderada,consumo_pico_excesivo
2025-07-10 07:00:00,Sogamoso,oficinas,7,3,4.8764,4.064564,0.8118360000000004,19.973507613608753,1.1997350761360874,moderada,consumo_pico_excesivo
2025-07-10 09:00:00,Duitama,salones,9,3,0.5013,0.42700297,0.07429702999999999,17.399651810384363,1.1739965181038436,moderada,consumo_pico_excesivo
2025-07-10 11:00:00,Chiquinquirá,laboratorios,11,3,0.957,0.8092048,0.14779520000000002,18.264251521988008,1.18264251521988,moderada,consumo_pico_excesivo
2025-07-10 11:00:00,Sogamoso,comedor,11,3,0.5099,0.43151125,0.07838875000000001,18.166096480682718,1.1816609648068273,moderada,consumo_pico_excesivo
2025-07-10 12:00:00,Sogamoso,comedor,12,3,1.2043,0.989001,0.2152989999999999,21.769340981455013,1.2176934098145502,moderada,consumo_fuera_patron
2025-07-10 12:00:00,Sogamoso,comedor,12,3,1.2043,0.989001,0.2152989999999999,21.769340981455013,1.2176934098145502,moderada,consumo_fuera_patron
2025-07-10 12:00:00,Tunja,laboratorios,12,3,2.4092,2.072648,0.33655199999999974,16.237778918562135,1.1623777891856213,moderada,consumo_fuera_patron
2025-07-10 13:00:00,Sogamoso,comedor,13,3,1.2274,1.0350783,0.19232170000000015,18.580401115548472,1.1858040111554848,moderada,consumo_fuera_patron
2025-07-10 13:00:00,Tunja,laboratorios,13,3,2.4399,2.085129,0.3547710000000004,17.01434299748363,1.1701434299748363,moderada,consumo_fuera_patron
2025-07-10 14:00:00,Sogamoso,laboratorios,14,3,6.364,5.288417,1.075583,20.33846801415244,1.2033846801415244,moderada,consumo_pico_excesivo
2025-07-10 16:00:00,Tunja,laboratorios,16,3,2.4223,2.019333,0.40296699999999985,19.95545063642301,1.19955450636423,moderada,consumo_pico_excesivo
2025-07-10 17:00:00,Chiquinquirá,laboratorios,17,3,0.6662,0.545656,0.12054399999999998,22.091574178603366,1.2209157417860337,moderada,consumo_pico_excesivo
2025-07-10 17:00:00,Duitama,comedor,17,3,0.5356,0.41098326,0.12461673999999995,30.32160969281327,1.3032160969281326,critica,consumo_pico_excesivo
2025-07-10 18:00:00,Sogamoso,comedor,18,3,0.5265,0.43665612,0.08984387999999999,20.575431302783525,1.2057543130278352,moderada,consumo_fuera_patron
2025-07-10 20:00:00,Duitama,comedor,20,3,0.5417,0.46292448,0.07877551999999993,17.016926821411545,1.1701692682141154,moderada,consumo_fuera_patron
2025-07-10 20:00:00,Sogamoso,comedor,20,3,0.5319,0.43544725,0.09645275000000003,22.15027193305275,1.2215027193305275,moderada,consumo_fuera_patron
2025-07-10 23:00:00,Chiquinquirá,laboratorios,23,3,0.6833,0.57627445,0.10702555000000002,18.57197555782666,1.1857197555782666,moderada,consumo_fuera_patron
2025-07-11 01:00:00,Duitama,comedor,1,4,0.5281,0.4550886,0.0730114,16.043337495160284,1.160433374951603,moderada,consumo_nocturno_alto
2025-07-11 02:00:00,Duitama,comedor,2,4,0.5157,0.44686085,0.06883915000000007,15.405052825728651,1.1540505282572866,moderada,consumo_nocturno_alto
2025-07-11 07:00:00,Duitama,comedor,7,4,0.5422,0.4240551,0.1181449,27.860742625191865,1.2786074262519187,moderada,consumo_pico_excesivo
2025-07-11 07:00:00,Sogamoso,comedor,7,4,0.5263,0.4552092,0.07109080000000001,15.617171181953267,1.1561717118195327,moderada,consumo_pico_excesivo
2025-07-11 08:00:00,Chiquinquirá,laboratorios,8,4,0.9856,0.84779227,0.13780773000000002,16.25489343043904,1.1625489343043904,moderada,consumo_pico_excesivo
2025-07-11 08:00:00,Tunja,oficinas,8,4,2.6155,2.256385,0.3591150000000001,15.91550200874408,1.1591550200874408,moderada,consumo_pico_excesivo
2025-07-11 09:00:00,Chiquinquirá,laboratorios,9,4,1.1743,0.8996201,0.27467989999999987,30.532877155590437,1.3053287715559043,critica,consumo_pico_excesivo
2025-07-11 09:00:00,Duitama,salones,9,4,0.5004,0.4293495,0.07105049999999996,16.548406368238457,1.1654840636823844,moderada,consumo_pico_excesivo
2025-07-11 09:00:00,Sogamoso,comedor,9,4,0.5275,0.44728655,0.08021344999999996,17.933347202145907,1.179333472021459,moderada,consumo_pico_excesivo
2025-07-11 10:00:00,Duitama,salones,10,4,0.5024,0.4269313,0.07546869999999994,17.677012671593754,1.1767701267159376,moderada,consumo_pico_excesivo
2025-07-11 10:00:00,Sogamoso,oficinas,10,4,5.8271,4.6730976,1.1540023999999995,24.694592297836866,1.2469459229783686,moderada,consumo_pico_excesivo
2025-07-11 11:00:00,Chiquinquirá,laboratorios,11,4,1.0667,0.8714316,0.1952684,22.407771304139075,1.2240777130413907,moderada,consumo_pico_excesivo
2025-07-11 11:00:00,Tunja,oficinas,11,4,2.5205,2.136417,0.3840830000000004,17.97790412639482,1.1797790412639482,moderada,consumo_pico_excesivo
2025-07-11 12:00:00,Duitama,comedor,12,4,1.2618,1.0367501,0.22504990000000014,21.707246519677227,1.2170724651967724,moderada,consumo_fuera_patron
2025-07-11 12:00:00,Sogamoso,comedor,12,4,1.1851,1.0143522,0.1707478,16.833186737308797,1.168331867373088,moderada,consumo_fuera_patron
2025-07-11 15:00:00,Chiquinquirá,oficinas,15,4,2.0742,1.6504949,0.42370509999999983,25.671397106407284,1.256713971064073,moderada,consumo_pico_excesivo
2025-07-11 15:00:00,Duitama,comedor,15,4,0.5305,0.45966446,0.07083553999999997,15.41027122262182,1.1541027122262182,moderada,consumo_pico_excesivo
2025-07-11 15:00:00,Sogamoso,laboratorios,15,4,6.7387,5.835962,0.9027379999999994,15.468538006244717,1.1546853800624473,moderada,consumo_pico_excesivo
2025-07-11 16:00:00,Sogamoso,oficinas,16,4,5.2453,4.5551405,0.6901595,15.151223107168704,1.151512231071687,moderada,consumo_pico_excesivo
2025-07-11 18:00:00,Sogamoso,laboratorios,18,4,14.155156226900557,10.621264,3.533892226900557,33.27186130483676,1.3327186130483675,critica,consumo_fuera_patron
2025-07-11 19:00:00,Sogamoso,comedor,19,4,0.5315,0.44165227,0.08984772999999996,20.343545386962454,1.2034354538696246,moderada,consumo_fuera_patron
2025-07-11 21:00:00,Chiquinquirá,laboratorios,21,4,0.688,0.58005756,0.10794243999999997,18.608918742477897,1.186089187424779,moderada,consumo_fuera_patron
2025-07-11 23:00:00,Sogamoso,oficinas,23,4,0.9629,0.83138573,0.13151426999999993,15.818682622806135,1.1581868262280612,moderada,consumo_fuera_patron
2025-07-12 00:00:00,Sogamoso,oficinas,0,5,0.9495,0.8160421,0.13345790000000002,16.35429103473951,1.163542910347395,moderada,consumo_nocturno_alto
2025-07-12 01:00:00,Sogamoso,comedor,1,5,0.5142,0.41036022,0.10383977999999999,25.30454340822802,1.25304543408228,moderada,consumo_nocturno_alto
2025-07-12 02:00:00,Sogamoso,comedor,2,5,0.515,0.43940696,0.07559304,17.203423450552535,1.1720342345055252,moderada,consumo_nocturno_alto
2025-07-12 03:00:00,Duitama,comedor,3,5,0.5152,0.4453739,0.0698261,15.678085312138856,1.1567808531213886,moderada,consumo_nocturno_alto
2025-07-12 07:00:00,Sogamoso,comedor,7,5,0.5312,0.41135085,0.11984915000000002,29.135505615218744,1.2913550561521874,moderada,consumo_fin_semana_alto
2025-07-12 08:00:00,Duitama,comedor,8,5,0.5354,0.42838067,0.10701932999999997,24.982296703537056,1.2498229670353707,moderada,consumo_fin_semana_alto
2025-07-12 08:00:00,Duitama,laboratorios,8,5,6.2051,5.340465,0.8646349999999998,16.190256840930513,1.1619025684093052,moderada,consumo_fin_semana_alto
2025-07-12 08:00:00,Sogamoso,oficinas,8,5,2.7909,2.4157333,0.3751667000000003,15.530137370710595,1.155301373707106,moderada,consumo_fin_semana_alto
2025-07-12 10:00:00,Duitama,oficinas,10,5,3.0025,2.403211,0.5992889999999997,24.93701135688875,1.2493701135688875,moderada,consumo_fin_semana_alto
2025-07-12 11:00:00,Chiquinquirá,laboratorios,11,5,1.2118,1.0223812,0.1894187999999999,18.527218614739773,1.1852721861473978,moderada,consumo_fin_semana_alto
2025-07-12 12:00:00,Sogamoso,oficinas,12,5,3.0657,2.329145,0.7365550000000001,31.62340687247896,1.3162340687247895,critica,consumo_fin_semana_alto
2025-07-12 12:00:00,Tunja,comedor,12,5,0.6292,0.40085477,0.22834522999999995,56.96457846815692,1.5696457846815692,critica,consumo_fin_semana_alto
2025-07-12 13:00:00,Chiquinquirá,laboratorios,13,5,1.0254,0.8907589,0.13464110000000007,15.115324696727708,1.1511532469672772,moderada,consumo_fin_semana_alto
2025-07-12 13:00:00,Duitama,comedor,13,5,1.1161,0.8886572,0.22744280000000006,25.593986072469793,1.2559398607246979,moderada,consumo_fin_semana_alto
2025-07-12 13:00:00,Tunja,comedor,13,5,0.5466,0.4429913,0.1036087,23.388427718557907,1.2338842771855791,moderada,consumo_fin_semana_alto
2025-07-12 13:00:00,Tunja,laboratorios,13,5,2.1095,1.7983142,0.31118580000000007,17.30430644433548,1.1730430644433547,moderada,consumo_fin_semana_alto
2025-07-12 14:00:00,Duitama,salones,14,5,0.5046,0.43075863,0.07384137000000007,17.142168457542006,1.17142168457542,moderada,consumo_fin_semana_alto
2025-07-12 14:00:00,Duitama,oficinas,14,5,0.9813,0.83844477,0.14285523,17.03812047154877,1.1703812047154878,moderada,consumo_fin_semana_alto
2025-07-12 14:00:00,Sogamoso,comedor,14,5,0.5326,0.42672616,0.10587383999999994,24.810721704992243,1.2481072170499226,moderada,consumo_fin_semana_alto
2025-07-12 14:00:00,Tunja,laboratorios,14,5,2.3982,1.8157881,0.5824119000000001,32.07488252621548,1.3207488252621549,critica,consumo_fin_semana_alto
2025-07-12 15:00:00,Sogamoso,laboratorios,15,5,5.9548,5.0580516,0.8967483999999999,17.729127160347673,1.1772912716034767,moderada,consumo_fin_semana_alto
2025-07-12 16:00:00,Duitama,laboratorios,16,5,5.6088,4.67629,0.9325099999999997,19.94123546657713,1.1994123546657713,moderada,consumo_fin_semana_alto
2025-07-12 16:00:00,Duitama,oficinas,16,5,0.9089,0.5896858,0.3192142,54.13292977378801,1.54132929773788,critica,consumo_fin_semana_alto
2025-07-12 16:00:00,Sogamoso,laboratorios,16,5,5.587,4.844143,0.7428569999999999,15.335158355151776,1.1533515835515178,moderada,consumo_fin_semana_alto
2025-07-12 16:00:00,Sogamoso,oficinas,16,5,0.8756,0.50964797,0.3659520300000001,71.80486365912536,1.7180486365912537,critica,consumo_fin_semana_alto
2025-07-12 17:00:00,Sogamoso,comedor,17,5,0.5179,0.42959946,0.08830054000000004,20.554155258947496,1.205541552589475,moderada,consumo_fin_semana_alto
2025-07-12 18:00:00,Sogamoso,comedor,18,5,0.5185,0.4486613,0.06983869999999998,15.566018285954234,1.1556601828595423,moderada,consumo_fin_semana_alto
2025-07-12 19:00:00,Duitama,comedor,19,5,0.5368,0.4478568,0.08894320000000006,19.859740881460336,1.1985974088146034,moderada,consumo_fin_semana_alto
2025-07-12 20:00:00,Sogamoso,oficinas,20,5,0.9188,0.72423965,0.19456034999999994,26.864084284808204,1.268640842848082,moderada,consumo_fin_semana_alto
2025-07-12 21:00:00,Sogamoso,comedor,21,5,0.5342,0.457716,0.076484,16.709924931616985,1.1670992493161698,moderada,consumo_fin_semana_alto
2025-07-12 22:00:00,Duitama,salones,22,5,0.5039,0.4056299,0.09827010000000003,24.226542471351355,1.2422654247135136,moderada,consumo_fin_semana_alto
2025-07-12 22:00:00,Sogamoso,comedor,22,5,0.519,0.43681028,0.08218972000000002,18.815885010764863,1.1881588501076485,moderada,consumo_fin_semana_alto
2025-07-12 23:00:00,Sogamoso,comedor,23,5,0.5313,0.44758087,0.08371912999999997,18.704805234414952,1.1870480523441496,moderada,consumo_fin_semana_alto
2025-07-13 04:00:00,Chiquinquirá,laboratorios,4,6,0.6234,0.5360379,0.0873621,16.297746857078575,1.1629774685707859,moderada,consumo_nocturno_alto
2025-07-13 06:00:00,Duitama,salones,6,6,0.5019,0.42880633,0.07309367,17.045846781226388,1.1704584678122638,moderada,consumo_nocturno_alto
2025-07-13 07:00:00,Tunja,laboratorios,7,6,1.6424,1.4028637,0.23953630000000015,17.07480919208332,1.1707480919208333,moderada,consumo_fin_semana_alto
2025-07-13 13:00:00,Sogamoso,oficinas,13,6,0.9822,0.7728366,0.20936339999999998,27.090254265908207,1.270902542659082,moderada,consumo_fin_semana_alto
2025-07-13 20:00:00,Duitama,salones,20,6,0.5032,0.40726185,0.09593815,23.556871334744468,1.2355687133474447,moderada,consumo_fin_semana_alto
2025-07-13 21:00:00,Sogamoso,oficinas,21,6,0.9465,0.82059884,0.12590115999999996,15.342595414831436,1.1534259541483143,moderada,consumo_fin_semana_alto
2025-07-13 23:00:00,Duitama,salones,23,6,0.5059,0.42736894,0.07853106000000004,18.375472021902212,1.1837547202190222,moderada,consumo_fin_semana_alto
2025-07-14 03:00:00,Chiquinquirá,laboratorios,3,0,0.6825,0.5881818,0.09431820000000002,16.03555227312372,1.1603555227312372,moderada,consumo_nocturno_alto
2025-07-14 04:00:00,Duitama,comedor,4,0,0.528,0.4430226,0.08497740000000004,19.18127878803475,1.1918127878803475,moderada,consumo_nocturno_alto
2025-07-14 05:00:00,Duitama,comedor,5,0,0.5345,0.46145454,0.07304545999999995,15.829394592152013,1.15829394592152,moderada,consumo_nocturno_alto
2025-07-14 06:00:00,Duitama,comedor,6,0,0.5225,0.44497615,0.07752384999999995,17.422023629805768,1.1742202362980576,moderada,consumo_nocturno_alto
2025-07-14 06:00:00,Duitama,salones,6,0,0.5038,0.4362241,0.06757590000000002,15.491097351109218,1.154910973511092,moderada,consumo_nocturno_alto
2025-07-14 07:00:00,Duitama,salones,7,0,0.5002,0.4349298,0.0652702,15.007065508042908,1.1500706550804292,moderada,consumo_pico_excesivo
2025-07-14 08:00:00,Sogamoso,comedor,8,0,0.5353,0.4357473,0.0995527,22.846429570533193,1.228464295705332,moderada,consumo_pico_excesivo
2025-07-14 08:00:00,Tunja,oficinas,8,0,2.7308,2.3587134,0.3720865999999998,15.774981394517868,1.1577498139451787,moderada,consumo_pico_excesivo
2025-07-14 09:00:00,Chiquinquirá,laboratorios,9,0,1.0196,0.84584635,0.1737536500000001,20.541987324293604,1.205419873242936,moderada,consumo_pico_excesivo
2025-07-14 10:00:00,Tunja,laboratorios,10,0,2.2744,1.9707171,0.30368289999999987,15.40976632313181,1.154097663231318,moderada,consumo_pico_excesivo
2025-07-14 11:00:00,Chiquinquirá,laboratorios,11,0,1.0239,0.8056264,0.21827360000000007,27.093650357038957,1.2709365035703895,moderada,consumo_pico_excesivo
2025-07-14 11:00:00,Duitama,comedor,11,0,0.5414,0.4611848,0.08021519999999999,17.393287896739004,1.17393287896739,moderada,consumo_pico_excesivo
2025-07-14 11:00:00,Tunja,oficinas,11,0,2.6653,2.2447793,0.42052069999999997,18.733275917146955,1.1873327591714695,moderada,consumo_pico_excesivo
2025-07-14 12:00:00,Chiquinquirá,oficinas,12,0,2.4284,1.9426975,0.4857024999999999,25.001447729252753,1.2500144772925275,moderada,consumo_fuera_patron
2025-07-14 12:00:00,Sogamoso,oficinas,12,0,5.3665,4.6124287,0.7540713000000006,16.348681986130227,1.1634868198613022,moderada,consumo_fuera_patron
2025-07-14 13:00:00,Duitama,laboratorios,13,0,6.0877,5.2840357,0.8036643000000003,15.209289747985624,1.1520928974798563,moderada,consumo_fuera_patron
2025-07-14 13:00:00,Sogamoso,comedor,13,0,1.2423,0.9800797,0.26222029999999996,26.754997578258173,1.2675499757825817,moderada,consumo_fuera_patron
2025-07-14 13:00:00,Tunja,comedor,13,0,0.6468,0.48114803,0.16565197000000004,34.42848347524151,1.344284834752415,critica,consumo_fuera_patron
2025-07-14 14:00:00,Chiquinquirá,laboratorios,14,0,1.2076,0.8438199,0.36378010000000005,43.1111070028095,1.431111070028095,critica,consumo_pico_excesivo
2025-07-14 14:00:00,Sogamoso,laboratorios,14,0,6.3999,5.4481206,0.9517793999999995,17.469866581147258,1.1746986658114726,moderada,consumo_pico_excesivo
2025-07-14 14:00:00,Sogamoso,oficinas,14,0,5.9735,4.7456574,1.2278425999999998,25.87297178258169,1.258729717825817,moderada,consumo_pico_excesivo
2025-07-14 14:00:00,Tunja,laboratorios,14,0,2.3098,1.9566672,0.3531328,18.04766799382133,1.1804766799382134,moderada,consumo_pico_excesivo
2025-07-14 15:00:00,Chiquinquirá,oficinas,15,0,1.7248,1.4782233,0.2465767000000001,16.680612462271437,1.1668061246227144,moderada,consumo_pico_excesivo
2025-07-14 15:00:00,Tunja,oficinas,15,0,2.9091,2.4236207,0.48547930000000017,20.031158340907066,1.2003115834090707,moderada,consumo_pico_excesivo
2025-07-14 17:00:00,Sogamoso,comedor,17,0,0.5342,0.41213998,0.12206001999999999,29.616156141901108,1.296161561419011,moderada,consumo_pico_excesivo
2025-07-14 18:00:00,Sogamoso,oficinas,18,0,0.9551,0.8278895,0.1272105,15.365637563950262,1.1536563756395026,moderada,consumo_fuera_patron
2025-07-14 19:00:00,Sogamoso,comedor,19,0,0.5085,0.43665612,0.07184387999999997,16.45319433516699,1.1645319433516699,moderada,consumo_fuera_patron
2025-07-14 20:00:00,Sogamoso,oficinas,20,0,0.9319,0.7783559,0.15354409999999996,19.726721413687486,1.197267214136875,moderada,consumo_fuera_patron
2025-07-14 21:00:00,Sogamoso,comedor,21,0,0.5212,0.43614456,0.08505543999999998,19.501662476312895,1.1950166247631289,moderada,consumo_fuera_patron
2025-07-14 22:00:00,Duitama,comedor,22,0,0.5381,0.44898435,0.08911565000000005,19.848275335209355,1.1984827533520936,moderada,consumo_fuera_patron
2025-07-14 23:00:00,Duitama,salones,23,0,0.5034,0.43366846,0.06973153999999998,16.079458487712014,1.1607945848771202,moderada,consumo_fuera_patron
2025-07-15 00:00:00,Duitama,comedor,0,1,0.5286,0.42426395,0.10433604999999996,24.592249706815757,1.2459224970681575,moderada,consumo_nocturno_alto
2025-07-15 00:00:00,Sogamoso,comedor,0,1,0.5178,0.43546724,0.08233276000000006,18.906763227470353,1.1890676322747036,moderada,consumo_nocturno_alto
2025-07-15 02:00:00,Duitama,comedor,2,1,0.5184,0.44531006,0.07308993999999996,16.413269441970378,1.164132694419704,moderada,consumo_nocturno_alto
2025-07-15 07:00:00,Tunja,oficinas,7,1,2.8192,2.0929062,0.7262938000000001,34.70264458101372,1.347026445810137,critica,consumo_pico_excesivo
2025-07-15 08:00:00,Sogamoso,laboratorios,8,1,6.5254,5.395461,1.1299390000000002,20.942399546581843,1.2094239954658184,moderada,consumo_pico_excesivo
2025-07-15 09:00:00,Sogamoso,comedor,9,1,0.5295,0.45328036,0.07621963999999998,16.815120778672163,1.1681512077867215,moderada,consumo_pico_excesivo
2025-07-15 10:00:00,Tunja,oficinas,10,1,2.5049,2.0668185,0.4380815,21.195934718021924,1.2119593471802192,moderada,consumo_pico_excesivo
2025-07-15 12:00:00,Tunja,comedor,12,1,0.664,0.5588369,0.10516310000000006,18.81820974957095,1.1881820974957096,moderada,consumo_fuera_patron
2025-07-15 12:00:00,Tunja,oficinas,12,1,2.7218,2.3446698,0.37713019999999986,16.084576173583155,1.1608457617358316,moderada,consumo_fuera_patron
2025-07-15 13:00:00,Chiquinquirá,oficinas,13,1,2.0169,1.5029019,0.5139981000000002,34.20037595268196,1.3420037595268195,critica,consumo_fuera_patron
2025-07-15 13:00:00,Sogamoso,oficinas,13,1,5.5818,4.8501024,0.7316976000000004,15.086229931970104,1.150862299319701,moderada,consumo_fuera_patron
2025-07-15 13:00:00,Tunja,comedor,13,1,0.5638,0.35037968,0.21342031999999994,60.911157861665934,1.6091115786166592,critica,consumo_fuera_patron
2025-07-15 15:00:00,Chiquinquirá,oficinas,15,1,2.2156,1.5569543,0.6586456999999999,42.30347030738153,1.4230347030738153,critica,consumo_pico_excesivo
2025-07-15 15:00:00,Duitama,comedor,15,1,0.5178,0.43714884,0.08065116000000006,18.44935926171051,1.1844935926171052,moderada,consumo_pico_excesivo
2025-07-15 15:00:00,Duitama,oficinas,15,1,5.8682,4.9104886,0.9577114,19.503383023840033,1.1950338302384003,moderada,consumo_pico_excesivo
2025-07-15 16:00:00,Chiquinquirá,laboratorios,16,1,1.1675,0.94097286,0.22652713999999996,24.073716642582013,1.2407371664258202,moderada,consumo_pico_excesivo
2025-07-15 16:00:00,Duitama,comedor,16,1,0.5162,0.43597573,0.08022426999999999,18.40108622560251,1.184010862256025,moderada,consumo_pico_excesivo
2025-07-15 17:00:00,Chiquinquirá,laboratorios,17,1,0.6719,0.5738202,0.09807980000000005,17.092427209777565,1.1709242720977757,moderada,consumo_pico_excesivo
2025-07-15 18:00:00,Sogamoso,comedor,18,1,0.5094,0.44036266,0.06903733999999995,15.67738281897015,1.1567738281897015,moderada,consumo_fuera_patron
2025-07-15 19:00:00,Sogamoso,comedor,19,1,0.533,0.4423196,0.09068040000000005,20.501103726807507,1.2050110372680751,moderada,consumo_fuera_patron
2025-07-15 21:00:00,Duitama,comedor,21,1,0.5361,0.45355392,0.08254608000000002,18.199838290450675,1.1819983829045067,moderada,consumo_fuera_patron
2025-07-15 22:00:00,Sogamoso,comedor,22,1,0.5183,0.4498738,0.06842619999999999,15.210087806847165,1.1521008780684716,moderada,consumo_fuera_patron
2025-07-15 23:00:00,Duitama,comedor,23,1,0.5355,0.44301108,0.09248891999999997,20.87733787606395,1.2087733787606396,moderada,consumo_fuera_patron
2025-07-15 23:00:00,Sogamoso,oficinas,23,1,0.974,0.84541285,0.12858714999999998,15.209982909533487,1.1520998290953348,moderada,consumo_fuera_patron
2025-07-16 00:00:00,Duitama,comedor,0,2,0.5327,0.44697082,0.08572917999999996,19.180039538151497,1.191800395381515,moderada,consumo_nocturno_alto
2025-07-16 01:00:00,Chiquinquirá,laboratorios,1,2,0.6833,0.5899653,0.09333469999999999,15.82037113030207,1.1582037113030206,moderada,consumo_nocturno_alto
2025-07-16 02:00:00,Duitama,comedor,2,2,0.5314,0.44849312,0.08290687999999996,18.485652578126498,1.1848565257812649,moderada,consumo_nocturno_alto
2025-07-16 05:00:00,Duitama,comedor,5,2,0.5375,0.4452039,0.09229609999999999,20.731197547910067,1.2073119754791006,moderada,consumo_nocturno_alto
2025-07-16 05:00:00,Sogamoso,comedor,5,2,0.5072,0.4388801,0.06831989999999999,15.566871225193394,1.155668712251934,moderada,consumo_nocturno_alto
2025-07-16 06:00:00,Chiquinquirá,laboratorios,6,2,0.6893,0.57435554,0.11494446000000003,20.012771183507695,1.200127711835077,moderada,consumo_nocturno_alto
2025-07-16 07:00:00,Duitama,oficinas,7,2,5.5067,4.749287,0.7574130000000006,15.94793071044139,1.1594793071044138,moderada,consumo_pico_excesivo
2025-07-16 08:00:00,Duitama,comedor,8,2,0.5282,0.42658895,0.10161104999999998,23.819428515436226,1.2381942851543621,moderada,consumo_pico_excesivo
2025-07-16 08:00:00,Sogamoso,laboratorios,8,2,6.7502,5.543961,1.206239,21.757710777546958,1.2175771077754696,moderada,consumo_pico_excesivo
2025-07-16 09:00:00,Tunja,laboratorios,9,2,8.408698820540174,7.164907,1.2437918205401735,17.359497067305597,1.173594970673056,moderada,consumo_pico_excesivo
2025-07-16 10:00:00,Chiquinquirá,laboratorios,10,2,1.0881,0.835813,0.25228700000000004,30.1846226368817,1.301846226368817,critica,consumo_pico_excesivo
2025-07-16 10:00:00,Duitama,salones,10,2,0.5001,0.42700297,0.07309703000000001,17.118623320114146,1.1711862332011416,moderada,consumo_pico_excesivo
2025-07-16 11:00:00,Tunja,laboratorios,11,2,2.4747,1.9975528,0.4771471999999999,23.886587628622376,1.2388658762862237,moderada,consumo_pico_excesivo
2025-07-16 12:00:00,Duitama,salones,12,2,0.5036,0.423115,0.08048500000000003,19.022015291351057,1.1902201529135106,moderada,consumo_fuera_patron
2025-07-16 14:00:00,Chiquinquirá,laboratorios,14,2,1.035,0.8870573,0.14794269999999987,16.677919227991232,1.1667791922799122,moderada,consumo_pico_excesivo
2025-07-16 15:00:00,Chiquinquirá,laboratorios,15,2,0.9734,0.8438199,0.1295801000000001,15.356369291598845,1.1535636929159885,moderada,consumo_pico_excesivo
2025-07-16 15:00:00,Duitama,oficinas,15,2,5.8117,4.9303145,0.8813855000000004,17.87686160791569,1.1787686160791568,moderada,consumo_pico_excesivo
2025-07-16 15:00:00,Sogamoso,comedor,15,2,0.5061,0.4136146,0.0924854,22.360284187260312,1.223602841872603,moderada,consumo_pico_excesivo
2025-07-16 15:00:00,Tunja,laboratorios,15,2,2.5064,2.019333,0.48706700000000014,24.12019216246157,1.2412019216246157,moderada,consumo_pico_excesivo
2025-07-16 16:00:00,Tunja,oficinas,16,2,2.6446,2.2391143,0.4054857000000003,18.109200588822123,1.1810920058882213,moderada,consumo_pico_excesivo
2025-07-16 19:00:00,Duitama,comedor,19,2,0.5275,0.44673786,0.08076213999999998,18.07819467103146,1.1807819467103147,moderada,consumo_fuera_patron
2025-07-16 19:00:00,Sogamoso,comedor,19,2,0.5286,0.4545001,0.07409989999999994,16.303604773684306,1.163036047736843,moderada,consumo_fuera_patron
2025-07-16 21:00:00,Duitama,salones,21,2,0.5048,0.43366846,0.07113154000000005,16.402285746120445,1.1640228574612044,moderada,consumo_fuera_patron
2025-07-16 23:00:00,Duitama,salones,23,2,0.5026,0.42229652,0.08030348000000004,19.015899065424463,1.1901589906542447,moderada,consumo_fuera_patron
2025-07-17 06:00:00,Duitama,comedor,6,3,0.5245,0.43452543,0.08997456999999998,20.70639916287523,1.2070639916287522,moderada,consumo_nocturno_alto
2025-07-17 06:00:00,Sogamoso,comedor,6,3,0.5299,0.4450245,0.08487550000000005,19.072096030667986,1.19072096030668,moderada,consumo_nocturno_alto
2025-07-17 07:00:00,Duitama,comedor,7,3,0.5382,0.45759314,0.08060686,17.61539956652322,1.1761539956652323,moderada,consumo_pico_excesivo
2025-07-17 07:00:00,Sogamoso,comedor,7,3,0.506,0.42698744,0.07901256000000001,18.504656717771372,1.1850465671777137,moderada,consumo_pico_excesivo
2025-07-17 08:00:00,Duitama,comedor,8,3,0.513,0.42658895,0.08641104999999999,20.256279493409284,1.202562794934093,moderada,consumo_pico_excesivo
2025-07-17 08:00:00,Tunja,oficinas,8,3,2.5312,2.0332537,0.4979463000000002,24.49012142459154,1.2449012142459155,moderada,consumo_pico_excesivo
2025-07-17 09:00:00,Chiquinquirá,laboratorios,9,3,1.094,0.9427186,0.15128140000000012,16.047354958308887,1.160473549583089,moderada,consumo_pico_excesivo
2025-07-17 10:00:00,Sogamoso,comedor,10,3,0.5069,0.4402802,0.0666198,15.1312277953903,1.151312277953903,moderada,consumo_pico_excesivo
2025-07-17 11:00:00,Duitama,comedor,11,3,0.5359,0.38670453,0.14919547000000005,38.581257374978264,1.3858125737497826,critica,consumo_pico_excesivo
2025-07-17 12:00:00,Tunja,comedor,12,3,0.55,0.47611707,0.07388293000000007,15.5178074165667,1.155178074165667,moderada,consumo_fuera_patron
2025-07-17 12:00:00,Tunja,oficinas,12,3,2.6329,2.2582843,0.37461569999999966,16.588509250141783,1.165885092501418,moderada,consumo_fuera_patron
2025-07-17 13:00:00,Duitama,comedor,13,3,1.2185,1.0166246,0.20187539999999982,19.857418362687643,1.1985741836268764,moderada,consumo_fuera_patron
2025-07-17 14:00:00,Chiquinquirá,oficinas,14,3,2.3136,1.9092718,0.40432820000000014,21.177089610813933,1.2117708961081393,moderada,consumo_pico_excesivo
2025-07-17 14:00:00,Tunja,laboratorios,14,3,2.4892,2.0745287,0.41467129999999974,19.988699119949498,1.199886991199495,moderada,consumo_pico_excesivo
2025-07-17 15:00:00,Sogamoso,oficinas,15,3,6.0109,5.0422244,0.9686756000000001,19.21127508724126,1.1921127508724125,moderada,consumo_pico_excesivo
2025-07-17 16:00:00,Chiquinquirá,laboratorios,16,3,1.0602,0.8438199,0.21638010000000008,25.642924515053515,1.2564292451505352,moderada,consumo_pico_excesivo
2025-07-17 16:00:00,Duitama,laboratorios,16,3,6.2739,5.4001737,0.8737263000000004,16.179596222988167,1.1617959622298817,moderada,consumo_pico_excesivo
2025-07-17 17:00:00,Chiquinquirá,laboratorios,17,3,0.6342,0.43309692,0.20110308,46.43373589449678,1.4643373589449677,critica,consumo_pico_excesivo
2025-07-17 17:00:00,Duitama,comedor,17,3,0.5094,0.44275174,0.06664825999999996,15.05318985307657,1.1505318985307658,moderada,consumo_pico_excesivo
2025-07-17 17:00:00,Sogamoso,oficinas,17,3,0.9326,0.78278,0.14981999999999995,19.139477247757984,1.1913947724775797,moderada,consumo_pico_excesivo
2025-07-17 19:00:00,Duitama,salones,19,3,0.5059,0.43635237,0.06954763000000003,15.93841005149119,1.159384100514912,moderada,consumo_fuera_patron
2025-07-17 21:00:00,Duitama,comedor,21,3,0.537,0.45464492,0.08235508000000002,18.11415378841141,1.1811415378841141,moderada,consumo_fuera_patron
2025-07-17 22:00:00,Duitama,comedor,22,3,0.5388,0.45225638,0.08654361999999993,19.135964427964495,1.191359644279645,moderada,consumo_fuera_patron
2025-07-17 22:00:00,Sogamoso,comedor,22,3,0.5255,0.43866804,0.08683195999999999,19.79445778634796,1.1979445778634796,moderada,consumo_fuera_patron
2025-07-18 00:00:00,Duitama,comedor,0,4,0.5386,0.45452353,0.08407646999999996,18.49771561881515,1.1849771561881515,moderada,consumo_nocturno_alto
2025-07-18 04:00:00,Duitama,comedor,4,4,0.5241,0.44279486,0.08130514,18.361807542210403,1.183618075422104,moderada,consumo_nocturno_alto
2025-07-18 06:00:00,Sogamoso,comedor,6,4,0.5192,0.44778213,0.07141787,15.949245227807548,1.1594924522780754,moderada,consumo_nocturno_alto
2025-07-18 07:00:00,Sogamoso,oficinas,7,4,5.8023,4.641281,1.1610189999999996,25.0150551108627,1.250150551108627,moderada,consumo_pico_excesivo
2025-07-18 08:00:00,Sogamoso,comedor,8,4,0.5096,0.41667017,0.09292983000000005,22.302971676614153,1.2230297167661415,moderada,consumo_pico_excesivo
2025-07-18 09:00:00,Sogamoso,comedor,9,4,0.5177,0.442647,0.07505300000000004,16.955497269833533,1.1695549726983354,moderada,consumo_pico_excesivo
2025-07-18 10:00:00,Duitama,comedor,10,4,0.5305,0.4574956,0.07300439999999997,15.9573993717098,1.159573993717098,moderada,consumo_pico_excesivo
2025-07-18 10:00:00,Sogamoso,comedor,10,4,0.5178,0.44473937,0.07306063000000002,16.427740588830712,1.1642774058883072,moderada,consumo_pico_excesivo
2025-07-18 11:00:00,Duitama,oficinas,11,4,5.9525,4.900516,1.051984,21.466800638953124,1.2146680063895312,moderada,consumo_pico_excesivo
2025-07-18 11:00:00,Sogamoso,comedor,11,4,0.528,0.43941998,0.08858002000000004,20.15839607475291,1.2015839607475292,moderada,consumo_pico_excesivo
2025-07-18 11:00:00,Tunja,oficinas,11,4,2.5922,2.2457588,0.3464412000000001,15.426465210778654,1.1542646521077866,moderada,consumo_pico_excesivo
2025-07-18 12:00:00,Tunja,oficinas,12,4,2.3747,2.0619662,0.31273379999999973,15.166776254625306,1.151667762546253,moderada,consumo_fuera_patron
2025-07-18 13:00:00,Sogamoso,comedor,13,4,1.1479,0.98088604,0.1670139599999999,17.026846462204713,1.1702684646220471,moderada,consumo_fuera_patron
2025-07-18 13:00:00,Tunja,comedor,13,4,0.5661,0.48203182,0.08406818000000005,17.440379765800536,1.1744037976580053,moderada,consumo_fuera_patron
2025-07-18 14:00:00,Sogamoso,comedor,14,4,0.533,0.43568993,0.09731007000000003,22.33470716204068,1.223347071620407,moderada,consumo_pico_excesivo
2025-07-18 14:00:00,Tunja,oficinas,14,4,2.5699,2.1509862,0.4189137999999999,19.475429456497668,1.1947542945649767,moderada,consumo_pico_excesivo
2025-07-18 15:00:00,Chiquinquirá,oficinas,15,4,1.8415,1.456213,0.38528699999999994,26.458148636222855,1.2645814863622287,moderada,consumo_pico_excesivo
2025-07-18 16:00:00,Chiquinquirá,laboratorios,16,4,1.1583,0.9561222,0.20217780000000007,21.145602518171845,1.2114560251817186,moderada,consumo_pico_excesivo
2025-07-18 16:00:00,Duitama,oficinas,16,4,5.8851,4.756778,1.1283220000000007,23.72029974911591,1.2372029974911591,moderada,consumo_pico_excesivo
2025-07-18 16:00:00,Tunja,oficinas,16,4,2.1924,1.5440332,0.6483668,41.99176546203799,1.41991765462038,critica,consumo_pico_excesivo
2025-07-18 17:00:00,Sogamoso,comedor,17,4,0.5056,0.43027353,0.07532647000000003,17.506647457490594,1.175066474574906,moderada,consumo_pico_excesivo
2025-07-18 19:00:00,Chiquinquirá,laboratorios,19,4,0.6805,0.59070474,0.08979526000000004,15.201377933754188,1.1520137793375418,moderada,consumo_fuera_patron
2025-07-18 21:00:00,Sogamoso,comedor,21,4,0.5308,0.4399261,0.09087390000000006,20.656628465553663,1.2065662846555365,moderada,consumo_fuera_patron
2025-07-18 22:00:00,Duitama,comedor,22,4,0.5091,0.4380026,0.07109739999999998,16.232186749576368,1.1623218674957636,moderada,consumo_fuera_patron
2025-07-19 00:00:00,Duitama,comedor,0,5,0.5349,0.45317677,0.08172323000000004,18.033411112401023,1.1803341111240102,moderada,consumo_nocturno_alto
2025-07-19 02:00:00,Duitama,comedor,2,5,0.5407,0.4580042,0.08269579999999999,18.05568595222489,1.1805568595222489,moderada,consumo_nocturno_alto
2025-07-19 07:00:00,Duitama,comedor,7,5,0.5065,0.41867256,0.08782743999999992,20.977596430012017,1.2097759643001202,moderada,consumo_fin_semana_alto
2025-07-19 08:00:00,Chiquinquirá,oficinas,8,5,1.3663,1.1518626,0.2144374,18.616578053667162,1.1861657805366717,moderada,consumo_fin_semana_alto
2025-07-19 08:00:00,Duitama,laboratorios,8,5,6.0989,5.048158,1.0507420000000005,20.81436436815172,1.2081436436815172,moderada,consumo_fin_semana_alto
2025-07-19 08:00:00,Tunja,oficinas,8,5,1.2864,1.0738106,0.21258939999999993,19.797662641810383,1.1979766264181038,moderada,consumo_fin_semana_alto
2025-07-19 10:00:00,Duitama,comedor,10,5,0.5355,0.46287194,0.07262806,15.690745911277318,1.1569074591127733,moderada,consumo_fin_semana_alto
2025-07-19 10:00:00,Sogamoso,oficinas,10,5,2.8141,2.4355395,0.37856049999999986,15.54318868571008,1.1554318868571007,moderada,consumo_fin_semana_alto
2025-07-19 11:00:00,Sogamoso,comedor,11,5,0.5244,0.44226655,0.08213345,18.571029167817464,1.1857102916781745,moderada,consumo_fin_semana_alto
2025-07-19 12:00:00,Chiquinquirá,oficinas,12,5,0.9256,0.8042828,0.12131720000000001,15.0838983501823,1.1508389835018231,moderada,consumo_fin_semana_alto
2025-07-19 12:00:00,Duitama,comedor,12,5,1.0784,0.9166466,0.16175340000000005,17.646211746162592,1.1764621174616259,moderada,consumo_fin_semana_alto
2025-07-19 12:00:00,Duitama,oficinas,12,5,2.6204,2.0106056,0.6097944000000002,30.32889195175823,1.3032889195175823,critica,consumo_fin_semana_alto
2025-07-19 12:00:00,Tunja,comedor,12,5,0.5697,0.4490287,0.12067129999999998,26.873850157016687,1.2687385015701669,moderada,consumo_fin_semana_alto
2025-07-19 12:00:00,Tunja,oficinas,12,5,1.296,1.0059209,0.29007910000000003,28.837168011918234,1.2883716801191825,moderada,consumo_fin_semana_alto
2025-07-19 13:00:00,Duitama,laboratorios,13,5,4.7842,3.4825299,1.3016701000000004,37.377140681548795,1.3737714068154878,critica,consumo_fin_semana_alto
2025-07-19 13:00:00,Sogamoso,comedor,13,5,1.1178,0.91068786,0.2071121399999999,22.742385080218362,1.2274238508021835,moderada,consumo_fin_semana_alto
2025-07-19 13:00:00,Tunja,comedor,13,5,0.6095,0.49472153,0.11477847000000002,23.20062156987589,1.2320062156987588,moderada,consumo_fin_semana_alto
2025-07-19 13:00:00,Tunja,laboratorios,13,5,2.1569,1.8707038,0.2861961999999998,15.298851694212615,1.1529885169421261,moderada,consumo_fin_semana_alto
2025-07-19 14:00:00,Duitama,comedor,14,5,0.5301,0.43483794,0.09526206000000004,21.907485809540916,1.2190748580954092,moderada,consumo_fin_semana_alto
2025-07-19 14:00:00,Duitama,laboratorios,14,5,6.2188,5.079011,1.1397889999999995,22.44116029675855,1.2244116029675856,moderada,consumo_fin_semana_alto
2025-07-19 14:00:00,Sogamoso,laboratorios,14,5,5.8496,5.0580516,0.7915483999999999,15.64927491052088,1.1564927491052088,moderada,consumo_fin_semana_alto
2025-07-19 14:00:00,Tunja,laboratorios,14,5,2.093,1.684063,0.4089369999999999,24.282761393130773,1.2428276139313077,moderada,consumo_fin_semana_alto
2025-07-19 15:00:00,Duitama,laboratorios,15,5,5.642,4.686245,0.9557549999999999,20.39490039466566,1.2039490039466567,moderada,consumo_fin_semana_alto
2025-07-19 16:00:00,Duitama,comedor,16,5,0.5053,0.42129955,0.08400044999999995,19.938414365740467,1.1993841436574046,moderada,consumo_fin_semana_alto
2025-07-19 16:00:00,Duitama,oficinas,16,5,0.9544,0.66230565,0.29209435000000006,44.10265109470228,1.4410265109470228,critica,consumo_fin_semana_alto
2025-07-19 16:00:00,Sogamoso,comedor,16,5,0.5088,0.43163934,0.07716066000000005,17.876188023084282,1.1787618802308428,moderada,consumo_fin_semana_alto
2025-07-19 16:00:00,Sogamoso,oficinas,16,5,0.8588,0.12938966,0.72941034,563.7315532013919,6.637315532013919,critica,consumo_fin_semana_alto
2025-07-19 17:00:00,Duitama,comedor,17,5,0.5407,0.44394964,0.09675035999999998,21.793093468889847,1.2179309346888985,moderada,consumo_fin_semana_alto
2025-07-19 17:00:00,Duitama,oficinas,17,5,0.9808,0.7589361,0.2218639,29.233541532679762,1.2923354153267976,moderada,consumo_fin_semana_alto
2025-07-19 18:00:00,Duitama,comedor,18,5,0.5395,0.4477674,0.0917326,20.486663388178776,1.2048666338817877,moderada,consumo_fin_semana_alto
2025-07-19 19:00:00,Sogamoso,comedor,19,5,0.5163,0.44571874,0.07058125999999998,15.835380850264446,1.1583538085026446,moderada,consumo_fin_semana_alto
2025-07-20 03:00:00,Duitama,oficinas,3,6,0.9953,0.85609925,0.13920074999999998,16.259884586979837,1.1625988458697984,moderada,consumo_nocturno_alto
2025-07-20 04:00:00,Sogamoso,oficinas,4,6,0.9815,0.82800215,0.15349785000000005,18.53833954416665,1.1853833954416664,moderada,consumo_nocturno_alto
2025-07-20 06:00:00,Sogamoso,oficinas,6,6,0.9821,0.8069681,0.1751319,21.702456392018473,1.2170245639201847,moderada,consumo_nocturno_alto
2025-07-20 07:00:00,Duitama,oficinas,7,6,0.9058,0.76184547,0.14395453000000002,18.89550252231598,1.1889550252231598,moderada,consumo_fin_semana_alto
2025-07-20 08:00:00,Sogamoso,oficinas,8,6,0.8652,0.72993463,0.13526536999999994,18.531162167220362,1.1853116216722037,moderada,consumo_fin_semana_alto
2025-07-20 09:00:00,Duitama,salones,9,6,0.5054,0.43562204,0.06977795999999997,16.018004965956262,1.1601800496595627,moderada,consumo_fin_semana_alto
2025-07-20 10:00:00,Sogamoso,oficinas,10,6,0.9171,0.7254072,0.1916928,26.425544163333363,1.2642554416333336,moderada,consumo_fin_semana_alto
2025-07-20 12:00:00,Sogamoso,oficinas,12,6,0.9174,0.7845665,0.13283350000000005,16.93081466007025,1.1693081466007025,moderada,consumo_fin_semana_alto
2025-07-20 14:00:00,Sogamoso,oficinas,14,6,0.9373,0.7434963,0.19380370000000002,26.066531871106825,1.2606653187110684,moderada,consumo_fin_semana_alto
2025-07-20 15:00:00,Duitama,salones,15,6,0.5042,0.4145613,0.08963869999999996,21.622544120736777,1.2162254412073679,moderada,consumo_fin_semana_alto
2025-07-20 15:00:00,Duitama,oficinas,15,6,0.9447,0.7763015,0.1683985,21.692409456892715,1.2169240945689273,moderada,consumo_fin_semana_alto
2025-07-20 15:00:00,Sogamoso,oficinas,15,6,0.8563,0.71845204,0.13784796,19.186800555260447,1.1918680055526045,moderada,consumo_fin_semana_alto
2025-07-20 16:00:00,Sogamoso,oficinas,16,6,0.8844,0.76310235,0.12129764999999992,15.895331733678963,1.1589533173367896,moderada,consumo_fin_semana_alto
2025-07-21 00:00:00,Sogamoso,comedor,0,0,0.5232,0.44503066,0.07816933999999998,17.56493361603445,1.1756493361603444,moderada,consumo_nocturno_alto
2025-07-21 03:00:00,Chiquinquirá,laboratorios,3,0,0.6906,0.5909612,0.09963880000000003,16.8604639357034,1.168604639357034,moderada,consumo_nocturno_alto
2025-07-21 03:00:00,Duitama,comedor,3,0,0.5385,0.44790184,0.09059815999999998,20.227235503207574,1.2022723550320757,moderada,consumo_nocturno_alto
2025-07-21 06:00:00,Sogamoso,comedor,6,0,0.509,0.4352768,0.07372319999999999,16.93708463212374,1.1693708463212373,moderada,consumo_nocturno_alto
2025-07-21 09:00:00,Chiquinquirá,laboratorios,9,0,1.1264,0.90967387,0.21672613000000007,23.824596610651252,1.2382459661065126,moderada,consumo_pico_excesivo
2025-07-21 10:00:00,Sogamoso,oficinas,10,0,5.7834,4.6730976,1.1103024000000001,23.759452402620482,1.2375945240262047,moderada,consumo_pico_excesivo
2025-07-21 11:00:00,Sogamoso,comedor,11,0,0.5282,0.4517765,0.07642349999999998,16.91621852840951,1.169162185284095,moderada,consumo_pico_excesivo
2025-07-21 12:00:00,Duitama,comedor,12,0,1.2498,1.0795019,0.17029810000000012,15.775618366211319,1.157756183662113,moderada,consumo_fuera_patron
2025-07-21 12:00:00,Sogamoso,comedor,12,0,1.1376,0.9017297,0.23587029999999998,26.15753922710985,1.2615753922710986,moderada,consumo_fuera_patron
2025-07-21 13:00:00,Tunja,laboratorios,13,0,2.5819,2.1754453,0.4064547000000003,18.683747185001632,1.1868374718500163,moderada,consumo_fuera_patron
2025-07-21 14:00:00,Duitama,comedor,14,0,0.5371,0.4392002,0.09789980000000004,22.290472545322164,1.2229047254532217,moderada,consumo_pico_excesivo
2025-07-21 14:00:00,Sogamoso,comedor,14,0,0.5328,0.44751108,0.08528892000000005,19.05850465199656,1.1905850465199657,moderada,consumo_pico_excesivo
2025-07-21 15:00:00,Duitama,oficinas,15,0,5.5601,4.791936,0.7681640000000005,16.030347650719886,1.160303476507199,moderada,consumo_pico_excesivo
2025-07-21 17:00:00,Chiquinquirá,laboratorios,17,0,0.668,0.43659297,0.23140703,53.00292169157007,1.5300292169157006,critica,consumo_pico_excesivo
2025-07-21 17:00:00,Duitama,comedor,17,0,0.5412,0.449156,0.09204400000000001,20.492657339543502,1.204926573395435,moderada,consumo_pico_excesivo
2025-07-21 18:00:00,Duitama,comedor,18,0,0.5272,0.45011678,0.07708322000000001,17.125160275073505,1.1712516027507351,moderada,consumo_fuera_patron
2025-07-21 18:00:00,Duitama,oficinas,18,0,0.9736,0.8457594,0.12784059999999997,15.11548083296502,1.1511548083296501,moderada,consumo_fuera_patron
2025-07-21 20:00:00,Duitama,comedor,20,0,0.5136,0.44657114,0.06702885999999997,15.009671247452303,1.150096712474523,moderada,consumo_fuera_patron
2025-07-21 23:00:00,Duitama,comedor,23,0,0.5295,0.445776,0.08372399999999997,18.781630235813495,1.187816302358135,moderada,consumo_fuera_patron
2025-07-21 23:00:00,Sogamoso,comedor,23,0,0.5322,0.43499509,0.09720491000000003,22.34620855145745,1.2234620855145746,moderada,consumo_fuera_patron
2025-07-22 00:00:00,Duitama,comedor,0,1,0.5385,0.44419494,0.09430506,21.230557016250568,1.2123055701625056,moderada,consumo_nocturno_alto
2025-07-22 02:00:00,Sogamoso,oficinas,2,1,0.9766,0.8340749,0.14252510000000007,17.087805903282796,1.170878059032828,moderada,consumo_nocturno_alto
2025-07-22 03:00:00,Duitama,comedor,3,1,0.5117,0.43475318,0.07694682000000003,17.698966572251415,1.176989665722514,moderada,consumo_nocturno_alto
2025-07-22 04:00:00,Duitama,oficinas,4,1,0.9722,0.84220976,0.12999023999999992,15.434425742109653,1.1543442574210965,moderada,consumo_nocturno_alto
2025-07-22 05:00:00,Chiquinquirá,laboratorios,5,1,0.6863,0.5899653,0.0963347,16.328875613531846,1.1632887561353185,moderada,consumo_nocturno_alto
2025-07-22 05:00:00,Duitama,comedor,5,1,0.5207,0.44382262,0.07687738000000005,17.321645300548237,1.1732164530054823,moderada,consumo_nocturno_alto
2025-07-22 07:00:00,Duitama,comedor,7,1,0.5293,0.4240551,0.10524489999999997,24.81868511898571,1.248186851189857,moderada,consumo_pico_excesivo
2025-07-22 07:00:00,Tunja,oficinas,7,1,2.3339,1.9249595,0.40894049999999993,21.24410929165003,1.2124410929165004,moderada,consumo_pico_excesivo
2025-07-22 08:00:00,Duitama,comedor,8,1,0.5047,0.42615217,0.07854783000000004,18.431873760023336,1.1843187376002333,moderada,consumo_pico_excesivo
2025-07-22 09:00:00,Tunja,laboratorios,9,1,2.1935,1.8786072,0.31489279999999975,16.762035192881182,1.1676203519288118,moderada,consumo_pico_excesivo
2025-07-22 11:00:00,Duitama,comedor,11,1,0.5361,0.45198098,0.08411902000000004,18.611185806977996,1.18611185806978,moderada,consumo_pico_excesivo
2025-07-22 12:00:00,Duitama,comedor,12,1,1.2397,1.0681641,0.17153590000000007,16.058946373501982,1.1605894637350198,moderada,consumo_fuera_patron
2025-07-22 12:00:00,Sogamoso,comedor,12,1,1.2391,0.96880805,0.27029195000000006,27.89943271012251,1.2789943271012252,moderada,consumo_fuera_patron
2025-07-22 12:00:00,Tunja,laboratorios,12,1,2.3139,2.011117,0.3027829999999998,15.055464202231883,1.150554642022319,moderada,consumo_fuera_patron
2025-07-22 13:00:00,Chiquinquirá,oficinas,13,1,2.3668,2.0141287,0.3526712999999999,17.509869155829012,1.1750986915582902,moderada,consumo_fuera_patron
2025-07-22 13:00:00,Tunja,oficinas,13,1,2.7978,2.425807,0.37199300000000024,15.334814352502086,1.1533481435250208,moderada,consumo_fuera_patron
2025-07-22 14:00:00,Sogamoso,oficinas,14,1,5.4761,4.7043962,0.7717038,16.40388622029752,1.1640388622029751,moderada,consumo_pico_excesivo
2025-07-22 17:00:00,Chiquinquirá,laboratorios,17,1,0.6273,0.42775476,0.19954523999999996,46.64944932465508,1.4664944932465507,critica,consumo_pico_excesivo
2025-07-23 00:00:00,Duitama,oficinas,0,2,0.9646,0.82622546,0.13837454000000005,16.747794240085515,1.1674779424008552,moderada,consumo_nocturno_alto
2025-07-23 01:00:00,Chiquinquirá,laboratorios,1,2,0.6833,0.5899653,0.09333469999999999,15.82037113030207,1.1582037113030206,moderada,consumo_nocturno_alto
2025-07-23 05:00:00,Sogamoso,comedor,5,2,0.5303,0.43831503,0.09198497,20.986040565389693,1.2098604056538969,moderada,consumo_nocturno_alto
2025-07-23 07:00:00,Chiquinquirá,oficinas,7,2,2.5027,2.1585836,0.3441163999999999,15.941768481887838,1.1594176848188784,moderada,consumo_pico_excesivo
2025-07-23 10:00:00,Duitama,comedor,10,2,0.5286,0.4475064,0.08109359999999993,18.121215696579966,1.1812121569657996,moderada,consumo_pico_excesivo
2025-07-23 10:00:00,Sogamoso,laboratorios,10,2,6.557,5.6165,0.9405000000000001,16.745304014955934,1.1674530401495593,moderada,consumo_pico_excesivo
2025-07-23 11:00:00,Duitama,comedor,11,2,0.5335,0.41725773,0.11624226999999998,27.85862589052574,1.2785862589052575,moderada,consumo_pico_excesivo
2025-07-23 12:00:00,Duitama,laboratorios,12,2,5.6856,4.927366,0.7582339999999999,15.388221617797415,1.1538822161779743,moderada,consumo_fuera_patron
2025-07-23 12:00:00,Sogamoso,laboratorios,12,2,6.8236,5.582372,1.2412279999999996,22.23477761782983,1.2223477761782984,moderada,consumo_fuera_patron
2025-07-23 13:00:00,Tunja,laboratorios,13,2,2.4974,2.1506932,0.34670679999999976,16.12070006079899,1.16120700060799,moderada,consumo_fuera_patron
2025-07-23 14:00:00,Sogamoso,comedor,14,2,0.5024,0.43607926,0.06632073999999993,15.20841417681729,1.1520841417681729,moderada,consumo_pico_excesivo
2025-07-23 15:00:00,Chiquinquirá,oficinas,15,2,1.8664,1.4911089,0.3752911000000001,25.168590972798842,1.2516859097279884,moderada,consumo_pico_excesivo
2025-07-23 15:00:00,Duitama,oficinas,15,2,5.7744,4.948233,0.8261669999999999,16.696202462576032,1.1669620246257604,moderada,consumo_pico_excesivo
2025-07-23 15:00:00,Sogamoso,laboratorios,15,2,6.6711,5.297815,1.373285,25.921724333522405,1.259217243335224,moderada,consumo_pico_excesivo
2025-07-23 16:00:00,Duitama,comedor,16,2,0.5292,0.4304526,0.09874739999999999,22.940365559413507,1.229403655594135,moderada,consumo_pico_excesivo
2025-07-23 16:00:00,Tunja,oficinas,16,2,2.7432,2.3087935,0.4344064999999997,18.815303317511926,1.1881530331751193,moderada,consumo_pico_excesivo
2025-07-23 19:00:00,Sogamoso,comedor,19,2,0.5109,0.41613558,0.09476442000000002,22.772486793847335,1.2277248679384734,moderada,consumo_fuera_patron
2025-07-23 21:00:00,Duitama,comedor,21,2,0.5164,0.44611898,0.07028101999999997,15.753873551849324,1.1575387355184932,moderada,consumo_fuera_patron
2025-07-23 22:00:00,Duitama,salones,22,2,0.5038,0.43166432,0.07213568000000004,16.711059185989715,1.1671105918598972,moderada,consumo_fuera_patron
2025-07-23 22:00:00,Sogamoso,oficinas,22,2,0.9649,0.8194879,0.14541209999999993,17.744264436363235,1.1774426443636323,moderada,consumo_fuera_patron
2025-07-24 00:00:00,Duitama,comedor,0,3,0.5209,0.4474259,0.07347410000000004,16.42151247837911,1.164215124783791,moderada,consumo_nocturno_alto
2025-07-24 02:00:00,Duitama,comedor,2,3,0.5313,0.44849312,0.08280687999999997,18.463355692056094,1.184633556920561,moderada,consumo_nocturno_alto
2025-07-24 03:00:00,Duitama,comedor,3,3,0.5107,0.44166693,0.06903307000000003,15.630119737513521,1.1563011973751351,moderada,consumo_nocturno_alto
2025-07-24 06:00:00,Duitama,salones,6,3,0.5001,0.43324587,0.06685413000000001,15.430990721273352,1.1543099072127336,moderada,consumo_nocturno_alto
2025-07-24 10:00:00,Chiquinquirá,laboratorios,10,3,0.925,0.79917145,0.12582855000000004,15.74487552076592,1.157448755207659,moderada,consumo_pico_excesivo
2025-07-24 11:00:00,Duitama,comedor,11,3,0.5227,0.45434934,0.06835066000000006,15.043635806756111,1.1504363580675612,moderada,consumo_pico_excesivo
2025-07-24 11:00:00,Sogamoso,laboratorios,11,3,6.2736,5.373808,0.8997919999999997,16.744029559671645,1.1674402955967165,moderada,consumo_pico_excesivo
2025-07-24 12:00:00,Chiquinquirá,oficinas,12,3,2.3029,1.8939619,0.4089381000000001,21.591675101806434,1.2159167510180644,moderada,consumo_fuera_patron
2025-07-24 13:00:00,Chiquinquirá,laboratorios,13,3,1.074,0.9263539,0.1476461000000001,15.938411874770553,1.1593841187477054,moderada,consumo_fuera_patron
2025-07-24 13:00:00,Tunja,comedor,13,3,0.6315,0.5392235,0.09227649999999998,17.112848382906158,1.1711284838290617,moderada,consumo_fuera_patron
2025-07-24 13:00:00,Tunja,oficinas,13,3,2.6952,2.2191002,0.47609979999999963,21.45463282820666,1.2145463282820665,moderada,consumo_fuera_patron
2025-07-24 14:00:00,Sogamoso,comedor,14,3,0.5032,0.4364763,0.0667237,15.286901029907007,1.1528690102990702,moderada,consumo_pico_excesivo
2025-07-24 15:00:00,Chiquinquirá,laboratorios,15,3,1.0847,0.9385383,0.14616169999999995,15.573333554954544,1.1557333355495454,moderada,consumo_pico_excesivo
2025-07-24 15:00:00,Duitama,comedor,15,3,0.5263,0.4438138,0.08248620000000001,18.58576727447412,1.1858576727447412,moderada,consumo_pico_excesivo
2025-07-24 16:00:00,Chiquinquirá,laboratorios,16,3,1.1778,1.0098492,0.16795080000000007,16.631275243868103,1.166312752438681,moderada,consumo_pico_excesivo
2025-07-24 16:00:00,Duitama,comedor,16,3,0.5215,0.44825137,0.07324862999999998,16.340971807849687,1.1634097180784968,moderada,consumo_pico_excesivo
2025-07-24 16:00:00,Sogamoso,oficinas,16,3,5.46,4.637655,0.8223450000000003,17.731914081577873,1.1773191408157788,moderada,consumo_pico_excesivo
2025-07-24 17:00:00,Chiquinquirá,laboratorios,17,3,0.6457,0.560475,0.0852250000000001,15.20585217895537,1.1520585217895538,moderada,consumo_pico_excesivo
2025-07-24 17:00:00,Duitama,comedor,17,3,0.514,0.41795877,0.09604123000000003,22.978637342625934,1.2297863734262593,moderada,consumo_pico_excesivo
2025-07-24 18:00:00,Sogamoso,comedor,18,3,0.5181,0.43054888,0.08755111999999998,20.334768958172642,1.2033476895817263,moderada,consumo_fuera_patron
2025-07-24 19:00:00,Duitama,comedor,19,3,0.5221,0.45233878,0.06976122000000001,15.422338982299951,1.1542233898229994,moderada,consumo_fuera_patron
2025-07-24 19:00:00,Sogamoso,comedor,19,3,0.5322,0.45355305,0.07864695,17.340187658312516,1.1734018765831251,moderada,consumo_fuera_patron
2025-07-24 19:00:00,Sogamoso,oficinas,19,3,0.9734,0.8442797,0.12912030000000008,15.293545492092264,1.1529354549209225,moderada,consumo_fuera_patron
2025-07-24 20:00:00,Duitama,comedor,20,3,0.5261,0.45270854,0.07339146000000002,16.211635857366424,1.1621163585736642,moderada,consumo_fuera_patron
2025-07-24 21:00:00,Sogamoso,comedor,21,3,0.5337,0.438103,0.09559699999999993,21.820667742517156,1.2182066774251716,moderada,consumo_fuera_patron
2025-07-24 21:00:00,Sogamoso,oficinas,21,3,0.9501,0.8248636,0.12523639999999991,15.182679900046494,1.151826799000465,moderada,consumo_fuera_patron
2025-07-25 01:00:00,Chiquinquirá,laboratorios,1,4,0.6864,0.56866866,0.11773133999999996,20.70297666834672,1.2070297666834673,moderada,consumo_nocturno_alto
2025-07-25 04:00:00,Duitama,comedor,4,4,0.5135,0.42868042,0.08481957999999995,19.786203437982998,1.1978620343798299,moderada,consumo_nocturno_alto
2025-07-25 07:00:00,Duitama,comedor,7,4,0.5343,0.45264587,0.08165412999999999,18.039296370913533,1.1803929637091353,moderada,consumo_pico_excesivo
2025-07-25 07:00:00,Tunja,laboratorios,7,4,6.135738458498053,5.103709,1.0320294584980525,20.221165793309385,1.202211657933094,moderada,consumo_pico_excesivo
2025-07-25 08:00:00,Duitama,laboratorios,8,4,6.2215,5.015592,1.205908,24.043183735838163,1.2404318373583816,moderada,consumo_pico_excesivo
2025-07-25 09:00:00,Chiquinquirá,oficinas,9,4,2.5933,2.2323852,0.3609148000000002,16.16722777054785,1.1616722777054784,moderada,consumo_pico_excesivo
2025-07-25 09:00:00,Duitama,comedor,9,4,0.5274,0.449984,0.07741599999999998,17.204167259280325,1.1720416725928033,moderada,consumo_pico_excesivo
2025-07-25 09:00:00,Sogamoso,comedor,9,4,0.5152,0.42752102,0.08767898000000002,20.508694519862445,1.2050869451986244,moderada,consumo_pico_excesivo
2025-07-25 10:00:00,Chiquinquirá,laboratorios,10,4,1.0137,0.8092767,0.20442330000000009,25.2600006895046,1.252600006895046,moderada,consumo_pico_excesivo
2025-07-25 11:00:00,Duitama,comedor,11,4,0.5391,0.4616507,0.0774493,16.776601876700283,1.167766018767003,moderada,consumo_pico_excesivo
2025-07-25 11:00:00,Sogamoso,comedor,11,4,0.515,0.42943805,0.08556195,19.924166011838025,1.1992416601183802,moderada,consumo_pico_excesivo
2025-07-25 11:00:00,Tunja,laboratorios,11,4,2.1189,1.8259324,0.2929676000000001,16.044821812680475,1.1604482181268048,moderada,consumo_pico_excesivo
2025-07-25 12:00:00,Tunja,comedor,12,4,0.6119,0.4919992,0.11990079999999997,24.37012092702589,1.2437012092702588,moderada,consumo_fuera_patron
2025-07-25 13:00:00,Duitama,comedor,13,4,1.2359,1.0209706,0.21492939999999994,21.05147787801137,1.2105147787801136,moderada,consumo_fuera_patron
2025-07-25 13:00:00,Duitama,laboratorios,13,4,6.0305,5.127957,0.9025429999999997,17.600440097294097,1.176004400972941,moderada,consumo_fuera_patron
2025-07-25 13:00:00,Tunja,comedor,13,4,0.6219,0.5059058,0.11599420000000005,22.92802335928943,1.2292802335928943,moderada,consumo_fuera_patron
2025-07-25 14:00:00,Tunja,oficinas,14,4,2.4208,1.7994918,0.6213081999999999,34.526870308606014,1.3452687030860602,critica,consumo_pico_excesivo
2025-07-25 16:00:00,Duitama,oficinas,16,4,5.8539,4.6272078,1.2266922000000005,26.510419523411084,1.2651041952341109,moderada,consumo_pico_excesivo
2025-07-25 16:00:00,Sogamoso,comedor,16,4,0.5127,0.4388489,0.07385110000000006,16.82836620987316,1.1682836620987316,moderada,consumo_pico_excesivo
2025-07-25 18:00:00,Duitama,comedor,18,4,0.541,0.4434989,0.09750110000000006,21.98451901459058,1.2198451901459058,moderada,consumo_fuera_patron
2025-07-26 04:00:00,Chiquinquirá,laboratorios,4,5,2.5592187919832026,0.9337877,1.6254310919832027,174.06859096379216,2.7406859096379215,critica,consumo_nocturno_alto
2025-07-26 05:00:00,Sogamoso,comedor,5,5,0.5159,0.4377747,0.07812530000000001,17.84600617623632,1.178460061762363,moderada,consumo_nocturno_alto
2025-07-26 06:00:00,Duitama,salones,6,5,0.5053,0.43376735,0.07153264999999998,16.49101759272568,1.1649101759272569,moderada,consumo_nocturno_alto
2025-07-26 08:00:00,Duitama,laboratorios,8,5,6.068,5.022816,1.045184,20.80872562323605,1.2080872562323606,moderada,consumo_fin_semana_alto
2025-07-26 08:00:00,Tunja,oficinas,8,5,1.4343,1.1838033,0.2504967,21.160331281387716,1.2116033128138772,moderada,consumo_fin_semana_alto
2025-07-26 09:00:00,Chiquinquirá,oficinas,9,5,1.4084,1.1849741,0.22342590000000007,18.854918432394435,1.1885491843239444,moderada,consumo_fin_semana_alto
2025-07-26 09:00:00,Duitama,comedor,9,5,0.5361,0.43030846,0.10579154000000002,24.585047665574603,1.245850476655746,moderada,consumo_fin_semana_alto
2025-07-26 09:00:00,Sogamoso,comedor,9,5,0.5079,0.40349218,0.10440782000000004,25.876045478750058,1.2587604547875006,moderada,consumo_fin_semana_alto
2025-07-26 10:00:00,Duitama,comedor,10,5,0.5268,0.41721103,0.10958897000000006,26.267035653395855,1.2626703565339585,moderada,consumo_fin_semana_alto
2025-07-26 10:00:00,Duitama,salones,10,5,0.5027,0.43164566,0.07105434000000005,16.461265937435822,1.1646126593743582,moderada,consumo_fin_semana_alto
2025-07-26 10:00:00,Sogamoso,comedor,10,5,0.5241,0.43877518,0.08532482000000002,19.4461364017901,1.194461364017901,moderada,consumo_fin_semana_alto
2025-07-26 10:00:00,Tunja,laboratorios,10,5,2.2675,1.9564663,0.3110337000000001,15.8977284709683,1.158977284709683,moderada,consumo_fin_semana_alto
2025-07-26 11:00:00,Sogamoso,comedor,11,5,0.5135,0.4320387,0.08146129999999996,18.855093305298798,1.188550933052988,moderada,consumo_fin_semana_alto
2025-07-26 11:00:00,Tunja,laboratorios,11,5,2.4917,2.057128,0.43457199999999974,21.125180348524726,1.2112518034852473,moderada,consumo_fin_semana_alto
2025-07-26 12:00:00,Chiquinquirá,oficinas,12,5,1.1246,0.939252,0.18534800000000007,19.73357522794735,1.1973357522794736,moderada,consumo_fin_semana_alto
2025-07-26 12:00:00,Tunja,comedor,12,5,0.647,0.5116648,0.1353352,26.44997271651284,1.2644997271651284,moderada,consumo_fin_semana_alto
2025-07-26 13:00:00,Duitama,laboratorios,13,5,5.6921,4.9133344,0.7787655999999998,15.8500426919853,1.158500426919853,moderada,consumo_fin_semana_alto
2025-07-26 13:00:00,Sogamoso,comedor,13,5,1.151,0.91559213,0.23540787000000007,25.71099753773551,1.2571099753773551,moderada,consumo_fin_semana_alto
2025-07-26 13:00:00,Tunja,comedor,13,5,0.5932,0.43900397,0.15419602999999993,35.12406277328196,1.3512406277328197,critica,consumo_fin_semana_alto
2025-07-26 14:00:00,Duitama,comedor,14,5,0.5127,0.4327944,0.07990560000000002,18.462715783753215,1.184627157837532,moderada,consumo_fin_semana_alto
2025-07-26 14:00:00,Sogamoso,laboratorios,14,5,5.5793,4.670097,0.9092029999999998,19.46861060915865,1.1946861060915865,moderada,consumo_fin_semana_alto
2025-07-26 14:00:00,Sogamoso,oficinas,14,5,0.9309,0.5632155,0.36768449999999997,65.28309323873366,1.6528309323873367,critica,consumo_fin_semana_alto
2025-07-26 15:00:00,Duitama,laboratorios,15,5,5.4699,4.5261254,0.9437746000000002,20.85171126721324,1.2085171126721324,moderada,consumo_fin_semana_alto
2025-07-26 15:00:00,Sogamoso,comedor,15,5,0.5146,0.40345317,0.11114682999999992,27.548880084397382,1.2754888008439738,moderada,consumo_fin_semana_alto
2025-07-26 15:00:00,Sogamoso,laboratorios,15,5,6.433,5.169446,1.263554,24.44273525635049,1.2444273525635048,moderada,consumo_fin_semana_alto
2025-07-26 16:00:00,Chiquinquirá,laboratorios,16,5,0.9592,0.81905895,0.1401410500000001,17.110007771723893,1.171100077717239,moderada,consumo_fin_semana_alto
2025-07-26 16:00:00,Tunja,laboratorios,16,5,2.1148,1.7600703,0.3547296999999998,20.15429156437671,1.2015429156437671,moderada,consumo_fin_semana_alto
2025-07-26 17:00:00,Duitama,salones,17,5,0.5031,0.41437185,0.08872815,21.412687662060055,1.2141268766206006,moderada,consumo_fin_semana_alto
2025-07-26 17:00:00,Duitama,oficinas,17,5,0.9256,0.75782144,0.16777856000000002,22.13959003324055,1.2213959003324055,moderada,consumo_fin_semana_alto
2025-07-26 19:00:00,Duitama,comedor,19,5,0.505,0.43761662,0.06738337999999999,15.397810988074445,1.1539781098807445,moderada,consumo_fin_semana_alto
2025-07-26 20:00:00,Sogamoso,comedor,20,5,0.5349,0.4542408,0.08065920000000004,17.75692540168123,1.1775692540168123,moderada,consumo_fin_semana_alto
2025-07-27 09:00:00,Tunja,laboratorios,9,6,1.6484,1.3521265,0.2962735000000001,21.911670246829722,1.2191167024682972,moderada,consumo_fin_semana_alto
2025-07-27 13:00:00,Duitama,oficinas,13,6,0.9966,0.7731873,0.22341270000000002,28.895029703669472,1.2889502970366948,moderada,consumo_fin_semana_alto
2025-07-27 13:00:00,Sogamoso,oficinas,13,6,0.8821,0.71690917,0.16519083,23.042086349655705,1.230420863496557,moderada,consumo_fin_semana_alto
2025-07-27 14:00:00,Chiquinquirá,laboratorios,14,6,0.6172,0.53515077,0.08204922999999997,15.331983919223358,1.1533198391922335,moderada,consumo_fin_semana_alto
2025-07-27 18:00:00,Duitama,oficinas,18,6,0.9647,0.79511553,0.16958447,21.328280432404583,1.2132828043240458,moderada,consumo_fin_semana_alto
2025-07-27 22:00:00,Sogamoso,oficinas,22,6,0.9314,0.80068386,0.13071613999999998,16.325562001462096,1.163255620014621,moderada,consumo_fin_semana_alto
2025-07-28 00:00:00,Duitama,comedor,0,0,0.5374,0.44790184,0.08949816,19.981645978502787,1.1998164597850278,moderada,consumo_nocturno_alto
2025-07-28 03:00:00,Duitama,salones,3,0,0.5034,0.43740588,0.06599411999999993,15.087616106120915,1.1508761610612093,moderada,consumo_nocturno_alto
2025-07-28 04:00:00,Sogamoso,oficinas,4,0,0.961,0.8340749,0.1269251,15.217470277549417,1.1521747027754943,moderada,consumo_nocturno_alto
2025-07-28 07:00:00,Sogamoso,comedor,7,0,0.5328,0.4464863,0.08631370000000005,19.331768970290923,1.1933176897029092,moderada,consumo_pico_excesivo
2025-07-28 07:00:00,Tunja,oficinas,7,0,2.3183,1.9220072,0.3962927999999999,20.618694872735123,1.2061869487273513,moderada,consumo_pico_excesivo
2025-07-28 08:00:00,Duitama,oficinas,8,0,5.9109,5.0497775,0.8611224999999996,17.05268202410897,1.1705268202410897,moderada,consumo_pico_excesivo
2025-07-28 08:00:00,Sogamoso,comedor,8,0,0.532,0.43432677,0.09767323000000006,22.488420412124277,1.2248842041212429,moderada,consumo_pico_excesivo
2025-07-28 09:00:00,Chiquinquirá,laboratorios,9,0,1.0253,0.8477142,0.17758580000000013,20.948782030547576,1.2094878203054757,moderada,consumo_pico_excesivo
2025-07-28 09:00:00,Duitama,oficinas,9,0,6.1465,5.288661,0.8578389999999994,16.22034386397614,1.1622034386397615,moderada,consumo_pico_excesivo
2025-07-28 10:00:00,Chiquinquirá,laboratorios,10,0,0.9635,0.8131307,0.15036930000000004,18.492635931714304,1.184926359317143,moderada,consumo_pico_excesivo
2025-07-28 12:00:00,Sogamoso,laboratorios,12,0,6.6242,5.5536714,1.0705286000000003,19.276052234563252,1.1927605223456326,moderada,consumo_fuera_patron
2025-07-28 12:00:00,Tunja,laboratorios,12,0,2.4355,2.072648,0.3628520000000002,17.506687097857434,1.1750668709785743,moderada,consumo_fuera_patron
2025-07-28 13:00:00,Sogamoso,oficinas,13,0,5.3303,4.372008,0.9582920000000001,21.918807101908325,1.2191880710190832,moderada,consumo_fuera_patron
2025-07-28 13:00:00,Sogamoso,oficinas,13,0,5.3303,4.372008,0.9582920000000001,21.918807101908325,1.2191880710190832,moderada,consumo_fuera_patron
2025-07-28 13:00:00,Tunja,laboratorios,13,0,2.5062,2.1556664,0.35053360000000033,16.261031855392854,1.1626103185539285,moderada,consumo_fuera_patron
2025-07-28 14:00:00,Duitama,salones,14,0,0.5003,0.426133,0.07416699999999998,17.404660047449973,1.1740466004744996,moderada,consumo_pico_excesivo
2025-07-28 15:00:00,Chiquinquirá,laboratorios,15,0,1.1598,0.8402415,0.31955849999999997,38.03174444490066,1.3803174444490065,critica,consumo_pico_excesivo
2025-07-28 15:00:00,Sogamoso,comedor,15,0,0.5218,0.43719363,0.08460637000000004,19.352150670630778,1.1935215067063079,moderada,consumo_pico_excesivo
2025-07-28 16:00:00,Chiquinquirá,laboratorios,16,0,1.0191,0.8655955,0.15350449999999993,17.733976204820838,1.1773397620482084,moderada,consumo_pico_excesivo
2025-07-28 16:00:00,Tunja,oficinas,16,0,2.0381,1.6296252,0.4084748,25.06556722367818,1.2506556722367819,moderada,consumo_pico_excesivo
2025-07-28 17:00:00,Chiquinquirá,laboratorios,17,0,0.6544,0.53154504,0.12285495999999996,23.112803385391377,1.2311280338539137,moderada,consumo_pico_excesivo
2025-07-28 17:00:00,Duitama,comedor,17,0,0.5191,0.42508218,0.09401782000000003,22.11756324388852,1.2211756324388852,moderada,consumo_pico_excesivo
2025-07-28 20:00:00,Duitama,comedor,20,0,0.5226,0.44810423,0.07449576999999996,16.624652260033333,1.1662465226003333,moderada,consumo_fuera_patron
2025-07-28 23:00:00,Duitama,comedor,23,0,0.5354,0.45883685,0.07656314999999997,16.686355945473856,1.1668635594547385,moderada,consumo_fuera_patron
2025-07-29 02:00:00,Sogamoso,oficinas,2,1,0.9355,0.8027922,0.13270780000000004,16.530778450513104,1.165307784505131,moderada,consumo_nocturno_alto
2025-07-29 05:00:00,Duitama,comedor,5,1,0.5318,0.44531006,0.08648994000000004,19.4224087369596,1.194224087369596,moderada,consumo_nocturno_alto
2025-07-29 07:00:00,Sogamoso,oficinas,7,1,5.373,4.505097,0.8679030000000001,19.26491260898489,1.1926491260898489,moderada,consumo_pico_excesivo
2025-07-29 08:00:00,Chiquinquirá,laboratorios,8,1,1.1153,0.8898559,0.22544409999999993,25.334899729270766,1.2533489972927077,moderada,consumo_pico_excesivo
2025-07-29 09:00:00,Duitama,laboratorios,9,1,6.0455,5.2049494,0.8405505999999994,16.149063812224558,1.1614906381222456,moderada,consumo_pico_excesivo
2025-07-29 09:00:00,Sogamoso,laboratorios,9,1,6.4003,5.4397697,0.9605302999999994,17.657554510074192,1.176575545100742,moderada,consumo_pico_excesivo
2025-07-29 09:00:00,Tunja,oficinas,9,1,2.6967,2.3014657,0.3952342999999998,17.173156219534352,1.1717315621953435,moderada,consumo_pico_excesivo
2025-07-29 10:00:00,Chiquinquirá,laboratorios,10,1,0.9821,0.8027499,0.17935009999999996,22.341964788784146,1.2234196478878414,moderada,consumo_pico_excesivo
2025-07-29 10:00:00,Sogamoso,comedor,10,1,0.5211,0.44167963,0.07942037000000002,17.98144279372812,1.179814427937281,moderada,consumo_pico_excesivo
2025-07-29 10:00:00,Tunja,laboratorios,10,1,2.4495,2.092345,0.3571550000000001,17.06960372213952,1.1706960372213953,moderada,consumo_pico_excesivo
2025-07-29 11:00:00,Tunja,laboratorios,11,1,2.4902,2.13384,0.35636,16.700408652944926,1.1670040865294493,moderada,consumo_pico_excesivo
2025-07-29 12:00:00,Tunja,comedor,12,1,0.6009,0.47611707,0.12478293000000001,26.20845541202713,1.2620845541202714,moderada,consumo_fuera_patron
2025-07-29 13:00:00,Duitama,comedor,13,1,1.1063,0.95871866,0.14758134000000012,15.393602540290614,1.153936025402906,moderada,consumo_fuera_patron
2025-07-29 13:00:00,Duitama,laboratorios,13,1,5.5653,4.796225,0.769075,16.035006697976012,1.1603500669797602,moderada,consumo_fuera_patron
2025-07-29 13:00:00,Tunja,oficinas,13,1,2.6415,2.2790697,0.3624303000000002,15.902554450177641,1.1590255445017763,moderada,consumo_fuera_patron
2025-07-29 15:00:00,Duitama,comedor,15,1,0.5407,0.46198243,0.07871756999999996,17.03908306642743,1.1703908306642743,moderada,consumo_pico_excesivo
2025-07-29 16:00:00,Tunja,laboratorios,16,1,2.4518,1.9667304,0.4850695999999999,24.663756659275712,1.2466375665927572,moderada,consumo_pico_excesivo
2025-07-29 22:00:00,Duitama,comedor,22,1,0.5254,0.44668403,0.07871596999999997,17.622293324433375,1.1762229332443337,moderada,consumo_fuera_patron
2025-07-29 23:00:00,Duitama,comedor,23,1,0.5306,0.445776,0.08482399999999995,19.028390940741527,1.1902839094074154,moderada,consumo_fuera_patron
2025-07-29 23:00:00,Duitama,salones,23,1,0.5004,0.41857466,0.08182533999999997,19.548565123364124,1.1954856512336414,moderada,consumo_fuera_patron
2025-07-30 04:00:00,Sogamoso,comedor,4,2,0.5256,0.44654277,0.07905722999999998,17.704290677464105,1.177042906774641,moderada,consumo_nocturno_alto
2025-07-30 05:00:00,Sogamoso,comedor,5,2,0.519,0.43319803,0.08580197,19.80663900987731,1.1980663900987731,moderada,consumo_nocturno_alto
2025-07-30 08:00:00,Duitama,comedor,8,2,0.5266,0.44684577,0.07975422999999998,17.848267871037468,1.1784826787103746,moderada,consumo_pico_excesivo
2025-07-30 08:00:00,Tunja,oficinas,8,2,2.6452,2.0896797,0.5555203,26.583992752573515,1.265839927525735,moderada,consumo_pico_excesivo
2025-07-30 09:00:00,Duitama,comedor,9,2,0.5206,0.45037633,0.07022366999999996,15.592220399326928,1.1559222039932693,moderada,consumo_pico_excesivo
2025-07-30 09:00:00,Duitama,salones,9,2,0.5051,0.42820814,0.07689185999999998,17.956655377919713,1.179566553779197,moderada,consumo_pico_excesivo
2025-07-30 10:00:00,Sogamoso,comedor,10,2,0.5056,0.43178853,0.07381147000000005,17.094356350781258,1.1709435635078127,moderada,consumo_pico_excesivo
2025-07-30 11:00:00,Duitama,comedor,11,2,0.5292,0.44494212,0.08425788000000001,18.936818119174696,1.189368181191747,moderada,consumo_pico_excesivo
2025-07-30 11:00:00,Duitama,salones,11,2,0.5041,0.42976788,0.07433212,17.295876090134982,1.1729587609013499,moderada,consumo_pico_excesivo
2025-07-30 11:00:00,Tunja,laboratorios,11,2,2.0779,1.7827837,0.2951163000000001,16.553679506941872,1.1655367950694187,moderada,consumo_pico_excesivo
2025-07-30 12:00:00,Chiquinquirá,oficinas,12,2,2.6825,1.9963541,0.6861459000000001,34.36994969980526,1.3436994969980527,critica,consumo_fuera_patron
2025-07-30 12:00:00,Sogamoso,comedor,12,2,1.234,1.0291637,0.20483629999999997,19.90317963993483,1.1990317963993482,moderada,consumo_fuera_patron
2025-07-30 12:00:00,Tunja,comedor,12,2,0.6132,0.50728965,0.10591034999999993,20.87768792444315,1.2087768792444316,moderada,consumo_fuera_patron
2025-07-30 13:00:00,Duitama,salones,13,2,0.5055,0.4221784,0.08332159999999994,19.736111558525955,1.1973611155852595,moderada,consumo_fuera_patron
2025-07-30 13:00:00,Sogamoso,comedor,13,2,1.2402,0.9397037,0.30049629999999994,31.977771291099515,1.319777712910995,critica,consumo_fuera_patron
2025-07-30 13:00:00,Tunja,comedor,13,2,0.663,0.5096342,0.1533658,30.09331006435596,1.3009331006435596,critica,consumo_fuera_patron
2025-07-30 16:00:00,Chiquinquirá,laboratorios,16,2,1.0893,0.9440109,0.14528909999999995,15.390616782073169,1.1539061678207316,moderada,consumo_pico_excesivo
2025-07-30 16:00:00,Duitama,comedor,16,2,0.5398,0.44677964,0.09302035999999997,20.820187777580905,1.208201877775809,moderada,consumo_pico_excesivo
2025-07-30 17:00:00,Sogamoso,comedor,17,2,0.5321,0.42788777,0.10421223000000002,24.355038238181013,1.2435503823818101,moderada,consumo_pico_excesivo
2025-07-30 17:00:00,Sogamoso,oficinas,17,2,0.8834,0.7581375,0.12526249999999994,16.52239864140739,1.1652239864140739,moderada,consumo_pico_excesivo
2025-07-30 18:00:00,Sogamoso,comedor,18,2,0.5213,0.44178227,0.07951773000000001,17.999303140888838,1.1799930314088884,moderada,consumo_fuera_patron
2025-07-30 19:00:00,Duitama,comedor,19,2,0.5319,0.42931807,0.10258193000000004,23.894156143951744,1.2389415614395174,moderada,consumo_fuera_patron
2025-07-30 20:00:00,Chiquinquirá,laboratorios,20,2,0.6674,0.57627445,0.09112555,15.812873536211782,1.158128735362118,moderada,consumo_fuera_patron
2025-07-30 20:00:00,Sogamoso,oficinas,20,2,0.9573,0.7875131,0.16978690000000007,21.55988262290495,1.2155988262290496,moderada,consumo_fuera_patron
2025-07-30 22:00:00,Duitama,comedor,22,2,0.5378,0.44765207,0.09014792999999993,20.13794552541663,1.2013794552541663,moderada,consumo_fuera_patron
2025-07-31 00:00:00,Duitama,comedor,0,3,0.5355,0.4640677,0.07143229999999995,15.392646374656099,1.153926463746561,moderada,consumo_nocturno_alto
2025-07-31 03:00:00,Sogamoso,comedor,3,3,0.513,0.43645573,0.07654427000000003,17.537693914569534,1.1753769391456954,moderada,consumo_nocturno_alto
2025-07-31 05:00:00,Duitama,comedor,5,3,0.5381,0.4658495,0.0722505,15.509408081365331,1.1550940808136534,moderada,consumo_nocturno_alto
2025-07-31 06:00:00,Duitama,comedor,6,3,0.5408,0.44893363,0.09186636999999997,20.463240858119715,1.2046324085811972,moderada,consumo_nocturno_alto
2025-07-31 07:00:00,Duitama,oficinas,7,3,5.9949,5.105161,0.8897390000000005,17.42822606378135,1.1742822606378134,moderada,consumo_pico_excesivo
2025-07-31 07:00:00,Sogamoso,comedor,7,3,0.5281,0.4494848,0.0786152,17.490068629684473,1.1749006862968447,moderada,consumo_pico_excesivo
2025-07-31 08:00:00,Tunja,laboratorios,8,3,2.59,2.2141204,0.37587959999999976,16.976475172714174,1.1697647517271417,moderada,consumo_pico_excesivo
2025-07-31 09:00:00,Chiquinquirá,laboratorios,9,3,1.0406,0.8911861,0.1494139,16.765735013147083,1.1676573501314709,moderada,consumo_pico_excesivo
2025-07-31 09:00:00,Chiquinquirá,oficinas,9,3,2.5839,2.1551855,0.4287144999999999,19.892232014367202,1.198922320143672,moderada,consumo_pico_excesivo
2025-07-31 09:00:00,Duitama,oficinas,9,3,5.6453,4.907305,0.7379949999999997,15.03870250575417,1.1503870250575416,moderada,consumo_pico_excesivo
2025-07-31 09:00:00,Sogamoso,laboratorios,9,3,5.842,4.97277,0.86923,17.479794963370516,1.174797949633705,moderada,consumo_pico_excesivo
2025-07-31 10:00:00,Duitama,comedor,10,3,0.5317,0.43268812,0.09901187999999994,22.88296706644036,1.2288296706644035,moderada,consumo_pico_excesivo
2025-07-31 10:00:00,Tunja,oficinas,10,3,2.8616,2.4513855,0.4102144999999999,16.733985739900962,1.1673398573990097,moderada,consumo_pico_excesivo
2025-07-31 12:00:00,Duitama,comedor,12,3,1.1202,0.81713915,0.30306085000000005,37.08803451652023,1.3708803451652023,critica,consumo_fuera_patron
2025-07-31 12:00:00,Sogamoso,comedor,12,3,1.2441,1.0209998,0.22310019999999997,21.851150215700333,1.2185115021570034,moderada,consumo_fuera_patron
2025-07-31 13:00:00,Duitama,oficinas,13,3,5.3892,4.618137,0.7710629999999998,16.69640809703133,1.1669640809703132,moderada,consumo_fuera_patron
2025-07-31 13:00:00,Sogamoso,laboratorios,13,3,6.6449,5.478397,1.1665029999999996,21.292779621484158,1.2129277962148417,moderada,consumo_fuera_patron
2025-07-31 14:00:00,Duitama,comedor,14,3,0.5157,0.43981913,0.07588087000000004,17.252744326969143,1.1725274432696915,moderada,consumo_pico_excesivo
2025-07-31 15:00:00,Duitama,comedor,15,3,0.5394,0.44805387,0.09134612999999997,20.387309677740305,1.203873096777403,moderada,consumo_pico_excesivo
2025-07-31 15:00:00,Sogamoso,comedor,15,3,0.5166,0.40724745,0.10935254999999994,26.85162301200411,1.268516230120041,moderada,consumo_pico_excesivo
2025-07-31 15:00:00,Tunja,laboratorios,15,3,2.2929,1.9564968,0.3364031999999999,17.194160501565854,1.1719416050156586,moderada,consumo_pico_excesivo
2025-07-31 16:00:00,Duitama,salones,16,3,0.5018,0.42690465,0.07489535000000003,17.543812183821384,1.1754381218382137,moderada,consumo_pico_excesivo
2025-07-31 18:00:00,Sogamoso,comedor,18,3,0.5317,0.4359853,0.09571469999999993,21.95365302454003,1.2195365302454002,moderada,consumo_fuera_patron
2025-07-31 20:00:00,Duitama,comedor,20,3,0.5083,0.43766582,0.07063417999999999,16.138838532101957,1.1613883853210196,moderada,consumo_fuera_patron
2025-07-31 21:00:00,Duitama,salones,21,3,0.502,0.43166432,0.07033568000000001,16.294068502117575,1.1629406850211756,moderada,consumo_fuera_patron
2025-07-31 23:00:00,Sogamoso,comedor,23,3,0.5154,0.44374734,0.07165265999999998,16.147175101939762,1.1614717510193977,moderada,consumo_fuera_patron
2025-07-31 23:00:00,Sogamoso,oficinas,23,3,0.9762,0.81399715,0.16220285,19.9267098171044,1.199267098171044,moderada,consumo_fuera_patron
2025-08-01 03:00:00,Duitama,salones,3,4,0.5015,0.43349233,0.06800766999999996,15.688321405825098,1.156883214058251,moderada,consumo_nocturno_alto
2025-08-01 07:00:00,Sogamoso,oficinas,7,4,5.7182,4.6942096,1.0239904000000006,21.813904517599738,1.2181390451759975,moderada,consumo_pico_excesivo
2025-08-01 08:00:00,Chiquinquirá,laboratorios,8,4,1.1948,0.9789077,0.21589230000000004,22.054408193949236,1.2205440819394924,moderada,consumo_pico_excesivo
2025-08-01 08:00:00,Sogamoso,laboratorios,8,4,5.8943,5.046625,0.8476750000000006,16.796869194758887,1.167968691947589,moderada,consumo_pico_excesivo
2025-08-01 08:00:00,Tunja,oficinas,8,4,2.4558,2.0146475,0.44115249999999984,21.89725497884865,1.2189725497884865,moderada,consumo_pico_excesivo
2025-08-01 09:00:00,Sogamoso,laboratorios,9,4,6.4061,5.248547,1.157553,22.054732481199082,1.220547324811991,moderada,consumo_pico_excesivo
2025-08-01 10:00:00,Tunja,laboratorios,10,4,2.4727,2.1117246,0.36097540000000006,17.093867259016637,1.1709386725901663,moderada,consumo_pico_excesivo
2025-08-01 11:00:00,Duitama,comedor,11,4,0.5069,0.41142547,0.09547453,23.20578986031176,1.2320578986031177,moderada,consumo_pico_excesivo
2025-08-01 11:00:00,Tunja,laboratorios,11,4,2.2968,1.9131864,0.3836136000000001,20.05103109660408,1.2005103109660409,moderada,consumo_pico_excesivo
2025-08-01 12:00:00,Sogamoso,comedor,12,4,1.1623,0.9632058,0.1990942000000001,20.66995443756673,1.2066995443756672,moderada,consumo_fuera_patron
2025-08-01 13:00:00,Chiquinquirá,laboratorios,13,4,1.1316,0.92986417,0.20173582999999995,21.695193395826827,1.2169519339582682,moderada,consumo_fuera_patron
2025-08-01 13:00:00,Sogamoso,oficinas,13,4,5.2937,3.8159506,1.4777494000000004,38.72559042037915,1.3872559042037915,critica,consumo_fuera_patron
2025-08-01 13:00:00,Tunja,oficinas,13,4,2.4986,2.1404216,0.35817840000000034,16.734011654526395,1.167340116545264,moderada,consumo_fuera_patron
2025-08-01 14:00:00,Chiquinquirá,oficinas,14,4,2.1612,1.7891786,0.37202139999999995,20.792859919071237,1.2079285991907125,moderada,consumo_pico_excesivo
2025-08-01 14:00:00,Tunja,oficinas,14,4,2.8638,1.7094201,1.1543799,67.53049762314131,1.6753049762314132,critica,consumo_pico_excesivo
2025-08-01 15:00:00,Chiquinquirá,oficinas,15,4,2.6364,2.2521482,0.3842517999999999,17.061568150799307,1.1706156815079931,moderada,consumo_pico_excesivo
2025-08-01 15:00:00,Duitama,oficinas,15,4,5.5977,4.747796,0.8499039999999995,17.901021863618393,1.179010218636184,moderada,consumo_pico_excesivo
2025-08-01 15:00:00,Sogamoso,laboratorios,15,4,6.6428,5.4567857,1.1860143,21.734668817945334,1.2173466881794532,moderada,consumo_pico_excesivo
2025-08-01 16:00:00,Chiquinquirá,laboratorios,16,4,1.034,0.8820116,0.15198840000000002,17.232018263705378,1.1723201826370537,moderada,consumo_pico_excesivo
2025-08-01 16:00:00,Sogamoso,oficinas,16,4,5.5452,4.5587244,0.9864756000000003,21.639290148796896,1.2163929014879689,moderada,consumo_pico_excesivo
2025-08-01 17:00:00,Sogamoso,oficinas,17,4,0.9775,0.7746312,0.20286880000000007,26.189081978624163,1.2618908197862415,moderada,consumo_pico_excesivo
2025-08-01 18:00:00,Duitama,comedor,18,4,0.5333,0.4578515,0.07544849999999997,16.478814637497084,1.164788146374971,moderada,consumo_fuera_patron
2025-08-01 20:00:00,Sogamoso,oficinas,20,4,0.9757,0.7704239,0.20527609999999996,26.64456541392342,1.2664456541392342,moderada,consumo_fuera_patron
2025-08-01 21:00:00,Sogamoso,comedor,21,4,0.5277,0.4489644,0.07873559999999996,17.537158848229385,1.1753715884822937,moderada,consumo_fuera_patron
2025-08-01 22:00:00,Duitama,salones,22,4,0.5048,0.43020612,0.07459388,17.339102474878786,1.1733910247487878,moderada,consumo_fuera_patron
2025-08-01 23:00:00,Duitama,comedor,23,4,0.53,0.4596209,0.07037910000000003,15.312423782295372,1.1531242378229538,moderada,consumo_fuera_patron
2025-08-02 07:00:00,Duitama,comedor,7,5,0.509,0.416701,0.09229900000000002,22.149934845368747,1.2214993484536876,moderada,consumo_fin_semana_alto
2025-08-02 07:00:00,Tunja,laboratorios,7,5,1.5235,1.2595497,0.2639503000000001,20.95592575664145,1.2095592575664145,moderada,consumo_fin_semana_alto
2025-08-02 08:00:00,Chiquinquirá,oficinas,8,5,1.3526,1.058868,0.2937320000000001,27.74019046755593,1.2774019046755594,moderada,consumo_fin_semana_alto
2025-08-02 08:00:00,Sogamoso,comedor,8,5,0.514,0.40955502,0.10444498000000002,25.50206319043532,1.2550206319043533,moderada,consumo_fin_semana_alto
2025-08-02 09:00:00,Duitama,laboratorios,9,5,19.78300456268774,7.934745,11.84825956268774,149.32123921673272,2.4932123921673273,critica,consumo_fin_semana_alto
2025-08-02 09:00:00,Sogamoso,oficinas,9,5,2.9695,2.4082263,0.5612737000000001,23.306518162350446,1.2330651816235045,moderada,consumo_fin_semana_alto
2025-08-02 10:00:00,Chiquinquirá,oficinas,10,5,1.3799,1.1535796,0.22632039999999987,19.618966909609,1.19618966909609,moderada,consumo_fin_semana_alto
2025-08-02 11:00:00,Chiquinquirá,oficinas,11,5,1.134,0.97397697,0.16002302999999984,16.429857679283714,1.164298576792837,moderada,consumo_fin_semana_alto
2025-08-02 12:00:00,Chiquinquirá,oficinas,12,5,1.2834,1.0553397,0.2280603000000001,21.610131789792433,1.2161013178979243,moderada,consumo_fin_semana_alto
2025-08-02 12:00:00,Duitama,oficinas,12,5,3.0621,2.5239923,0.5381076999999999,21.31970450147569,1.213197045014757,moderada,consumo_fin_semana_alto
2025-08-02 12:00:00,Tunja,comedor,12,5,0.5661,0.435247,0.13085300000000005,30.064078557692543,1.3006407855769253,critica,consumo_fin_semana_alto
2025-08-02 12:00:00,Tunja,laboratorios,12,5,2.5185,2.0685303,0.44996970000000003,21.753111375743448,1.2175311137574345,moderada,consumo_fin_semana_alto
2025-08-02 13:00:00,Duitama,comedor,13,5,1.0629,0.86575884,0.19714115999999993,22.77090927538204,1.2277090927538203,moderada,consumo_fin_semana_alto
2025-08-02 13:00:00,Sogamoso,laboratorios,13,5,5.7829,4.8752937,0.9076062999999994,18.616443559082388,1.1861644355908239,moderada,consumo_fin_semana_alto
2025-08-02 13:00:00,Tunja,comedor,13,5,0.5583,0.4364518,0.12184820000000002,27.917905253226134,1.2791790525322613,moderada,consumo_fin_semana_alto
2025-08-02 13:00:00,Tunja,laboratorios,13,5,2.3126,1.8756382,0.4369618000000002,23.296699757981052,1.2329669975798105,moderada,consumo_fin_semana_alto
2025-08-02 14:00:00,Duitama,comedor,14,5,0.516,0.4399042,0.07609579999999999,17.298266304345354,1.1729826630434534,moderada,consumo_fin_semana_alto
2025-08-02 14:00:00,Tunja,laboratorios,14,5,2.0184,1.7360225,0.28237750000000017,16.265774205115438,1.1626577420511544,moderada,consumo_fin_semana_alto
2025-08-02 15:00:00,Duitama,comedor,15,5,0.5385,0.4460508,0.09244919999999995,20.726159441929024,1.2072615944192902,moderada,consumo_fin_semana_alto
2025-08-02 15:00:00,Duitama,laboratorios,15,5,5.1095,4.2103205,0.8991794999999998,21.356557060204796,1.2135655706020478,moderada,consumo_fin_semana_alto
2025-08-02 16:00:00,Chiquinquirá,laboratorios,16,5,1.1219,0.81878984,0.3031101599999999,37.01928690272951,1.370192869027295,critica,consumo_fin_semana_alto
2025-08-02 16:00:00,Sogamoso,comedor,16,5,0.5154,0.40620467,0.10919532999999998,26.881849979715888,1.2688184997971588,moderada,consumo_fin_semana_alto
2025-08-02 16:00:00,Tunja,laboratorios,16,5,2.4024,1.8122772,0.5901228000000001,32.56250202783548,1.3256250202783548,critica,consumo_fin_semana_alto
2025-08-02 17:00:00,Duitama,comedor,17,5,0.5273,0.45268115,0.07461885000000001,16.48375462508214,1.1648375462508214,moderada,consumo_fin_semana_alto
2025-08-02 17:00:00,Duitama,oficinas,17,5,0.9611,0.79430974,0.16679025999999997,20.998138585081428,1.2099813858508144,moderada,consumo_fin_semana_alto
2025-08-02 17:00:00,Sogamoso,oficinas,17,5,0.9717,0.8175474,0.15415259999999997,18.855493883290432,1.1885549388329044,moderada,consumo_fin_semana_alto
2025-08-02 18:00:00,Sogamoso,comedor,18,5,0.5291,0.45030835,0.07879164999999999,17.497266040036784,1.1749726604003679,moderada,consumo_fin_semana_alto
2025-08-02 19:00:00,Duitama,comedor,19,5,0.5383,0.45178705,0.08651294999999998,19.149054847853645,1.1914905484785365,moderada,consumo_fin_semana_alto
2025-08-02 20:00:00,Duitama,comedor,20,5,0.5246,0.44824544,0.07635455999999996,17.034096320087485,1.1703409632008748,moderada,consumo_fin_semana_alto
2025-08-02 20:00:00,Sogamoso,comedor,20,5,0.5183,0.44435328,0.07394671999999997,16.641425489196333,1.1664142548919634,moderada,consumo_fin_semana_alto
2025-08-02 22:00:00,Duitama,comedor,22,5,0.5351,0.4261822,0.10891780000000001,25.556628127594255,1.2555662812759425,moderada,consumo_fin_semana_alto
2025-08-03 06:00:00,Duitama,oficinas,6,6,0.8279,0.6007682,0.2271318,37.80689457264882,1.3780689457264883,critica,consumo_nocturno_alto
2025-08-03 06:00:00,Sogamoso,oficinas,6,6,0.9772,0.80386275,0.17333725,21.563040456844156,1.2156304045684416,moderada,consumo_nocturno_alto
2025-08-03 07:00:00,Chiquinquirá,laboratorios,7,6,0.608,0.52850974,0.07949026000000003,15.040453180673651,1.1504045318067364,moderada,consumo_fin_semana_alto
2025-08-03 10:00:00,Chiquinquirá,laboratorios,10,6,0.6682,0.54354334,0.12465665999999997,22.934079184927548,1.2293407918492754,moderada,consumo_fin_semana_alto
2025-08-03 13:00:00,Sogamoso,oficinas,13,6,0.9629,0.76615536,0.19674464000000003,25.679470544981903,1.256794705449819,moderada,consumo_fin_semana_alto
2025-08-03 14:00:00,Sogamoso,oficinas,14,6,0.9488,0.76233196,0.18646803999999995,24.460215468337434,1.2446021546833743,moderada,consumo_fin_semana_alto
2025-08-03 15:00:00,Chiquinquirá,laboratorios,15,6,0.6321,0.53453207,0.09756792999999997,18.252960949564724,1.1825296094956472,moderada,consumo_fin_semana_alto
2025-08-03 17:00:00,Chiquinquirá,laboratorios,17,6,0.6321,0.5384534,0.09364660000000002,17.391774292817175,1.1739177429281717,moderada,consumo_fin_semana_alto
2025-08-03 17:00:00,Duitama,salones,17,6,0.5029,0.41765255,0.08524745,20.411092904855963,1.2041109290485597,moderada,consumo_fin_semana_alto
2025-08-03 21:00:00,Sogamoso,oficinas,21,6,0.9694,0.8140855,0.15531450000000002,19.078401470115853,1.1907840147011586,moderada,consumo_fin_semana_alto
2025-08-04 05:00:00,Duitama,comedor,5,0,0.5108,0.43602738,0.07477262000000001,17.148606585210317,1.1714860658521031,moderada,consumo_nocturno_alto
2025-08-04 08:00:00,Duitama,comedor,8,0,0.5236,0.41750863,0.10609136999999996,25.41058133337267,1.2541058133337266,moderada,consumo_pico_excesivo
2025-08-04 11:00:00,Chiquinquirá,laboratorios,11,0,0.9183,0.7829441,0.13535589999999997,17.288066925850767,1.1728806692585076,moderada,consumo_pico_excesivo
2025-08-04 11:00:00,Duitama,comedor,11,0,0.5116,0.42508534,0.08651466000000008,20.352303845623112,1.2035230384562312,moderada,consumo_pico_excesivo
2025-08-04 11:00:00,Sogamoso,laboratorios,11,0,5.8369,4.975974,0.8609260000000001,17.301657926669233,1.1730165792666922,moderada,consumo_pico_excesivo
2025-08-04 11:00:00,Tunja,laboratorios,11,0,2.437,2.0508828,0.3861171999999997,18.82687786937409,1.188268778693741,moderada,consumo_pico_excesivo
2025-08-04 12:00:00,Sogamoso,oficinas,12,0,5.9687,4.9904456,0.9782544,19.602546113317015,1.1960254611331702,moderada,consumo_fuera_patron
2025-08-04 13:00:00,Duitama,comedor,13,0,1.2554,1.0732976,0.1821024,16.966626963481517,1.1696662696348152,moderada,consumo_fuera_patron
2025-08-04 13:00:00,Sogamoso,comedor,13,0,1.1613,0.9077574,0.25354259999999995,27.93065636259203,1.2793065636259202,moderada,consumo_fuera_patron
2025-08-04 14:00:00,Chiquinquirá,laboratorios,14,0,0.9725,0.83567995,0.13682005000000008,16.372302578277736,1.1637230257827773,moderada,consumo_pico_excesivo
2025-08-04 15:00:00,Chiquinquirá,laboratorios,15,0,1.1778,0.9691074,0.2086926,21.534517226883214,1.2153451722688322,moderada,consumo_pico_excesivo
2025-08-04 15:00:00,Duitama,comedor,15,0,0.5209,0.44815734,0.07274266000000001,16.231500302996267,1.1623150030299627,moderada,consumo_pico_excesivo
2025-08-04 17:00:00,Chiquinquirá,laboratorios,17,0,0.6657,0.545656,0.12004399999999993,21.999941354992874,1.2199994135499288,moderada,consumo_pico_excesivo
2025-08-04 17:00:00,Duitama,comedor,17,0,0.5233,0.4440892,0.07921079999999997,17.836686863810236,1.1783668686381024,moderada,consumo_pico_excesivo
2025-08-04 19:00:00,Duitama,comedor,19,0,0.5072,0.42042425,0.08677574999999998,20.64004395559961,1.2064004395559962,moderada,consumo_fuera_patron
2025-08-04 20:00:00,Sogamoso,oficinas,20,0,0.9639,0.8236747,0.1402253,17.02435439621977,1.1702435439621977,moderada,consumo_fuera_patron
2025-08-04 21:00:00,Duitama,oficinas,21,0,0.9857,0.8401001,0.1455999,17.3312561205504,1.173312561205504,moderada,consumo_fuera_patron
2025-08-04 23:00:00,Duitama,comedor,23,0,0.5351,0.4472287,0.08787130000000004,19.64795640351347,1.1964795640351347,moderada,consumo_fuera_patron
2025-08-05 00:00:00,Duitama,comedor,0,1,0.5345,0.44295716,0.09154283999999996,20.666296487904148,1.2066629648790415,moderada,consumo_nocturno_alto
2025-08-05 01:00:00,Duitama,comedor,1,1,0.5378,0.4483083,0.08949169999999995,19.962088589481827,1.1996208858948183,moderada,consumo_nocturno_alto
2025-08-05 03:00:00,Duitama,comedor,3,1,0.5225,0.43913493,0.08336506999999999,18.983930519942923,1.1898393051994292,moderada,consumo_nocturno_alto
2025-08-05 04:00:00,Duitama,comedor,4,1,0.5223,0.44853562,0.07376437999999996,16.445601354915794,1.164456013549158,moderada,consumo_nocturno_alto
2025-08-05 04:00:00,Sogamoso,comedor,4,1,0.5254,0.4355746,0.0898254,20.622276872893874,1.2062227687289389,moderada,consumo_nocturno_alto
2025-08-05 07:00:00,Chiquinquirá,oficinas,7,1,2.509,2.1150289,0.3939710999999999,18.627220649325402,1.186272206493254,moderada,consumo_pico_excesivo
2025-08-05 08:00:00,Sogamoso,comedor,8,1,0.5269,0.44187966,0.08502034000000003,19.240609536089536,1.1924060953608955,moderada,consumo_pico_excesivo
2025-08-05 08:00:00,Sogamoso,laboratorios,8,1,6.2436,5.395461,0.8481389999999998,15.719490883170126,1.1571949088317013,moderada,consumo_pico_excesivo
2025-08-05 09:00:00,Chiquinquirá,laboratorios,9,1,0.9892,0.8477142,0.1414858,16.690271320216176,1.1669027132021617,moderada,consumo_pico_excesivo
2025-08-05 09:00:00,Sogamoso,comedor,9,1,0.5124,0.44201633,0.07038366999999995,15.923318941632756,1.1592331894163275,moderada,consumo_pico_excesivo
2025-08-05 10:00:00,Duitama,comedor,10,1,0.5028,0.4326587,0.07014130000000002,16.21169295798282,1.1621169295798282,moderada,consumo_pico_excesivo
2025-08-05 11:00:00,Duitama,comedor,11,1,0.5294,0.435203,0.09419699999999998,21.64438204699875,1.2164438204699874,moderada,consumo_pico_excesivo
2025-08-05 11:00:00,Tunja,laboratorios,11,1,2.1486,1.8150972,0.3335028,18.373825930644376,1.1837382593064438,moderada,consumo_pico_excesivo
2025-08-05 14:00:00,Duitama,comedor,14,1,0.5261,0.44614568,0.07995432000000002,17.921123880432962,1.1792112388043297,moderada,consumo_pico_excesivo
2025-08-05 14:00:00,Duitama,oficinas,14,1,5.9066,4.9085627,0.9980373,20.332577192097393,1.203325771920974,moderada,consumo_pico_excesivo
2025-08-05 15:00:00,Duitama,salones,15,1,0.5029,0.4277472,0.07515280000000002,17.569442885891483,1.1756944288589148,moderada,consumo_pico_excesivo
2025-08-05 15:00:00,Duitama,oficinas,15,1,6.1515,4.817754,1.3337460000000005,27.683978883106125,1.2768397888310612,moderada,consumo_pico_excesivo
2025-08-05 15:00:00,Tunja,laboratorios,15,1,2.4904,2.1174786,0.37292140000000007,17.611578223269888,1.1761157822326989,moderada,consumo_pico_excesivo
2025-08-05 20:00:00,Sogamoso,oficinas,20,1,0.9836,0.8343927,0.14920730000000004,17.882143503892117,1.1788214350389212,moderada,consumo_fuera_patron
2025-08-05 21:00:00,Duitama,salones,21,1,0.5038,0.42997468,0.07382532000000003,17.169690085006874,1.1716969008500688,moderada,consumo_fuera_patron
2025-08-05 21:00:00,Sogamoso,comedor,21,1,0.5331,0.4472721,0.08582790000000001,19.189191545817412,1.1918919154581742,moderada,consumo_fuera_patron
2025-08-05 21:00:00,Tunja,laboratorios,21,1,5.806522256201936,4.5809464,1.225575856201936,26.753769836772946,1.2675376983677293,moderada,consumo_fuera_patron
2025-08-05 22:00:00,Chiquinquirá,laboratorios,22,1,0.6828,0.5732843,0.1095157,19.10320935005546,1.1910320935005545,moderada,consumo_fuera_patron
2025-08-05 22:00:00,Duitama,comedor,22,1,0.5284,0.45489138,0.07350861999999997,16.159598363899523,1.1615959836389953,moderada,consumo_fuera_patron
2025-08-05 22:00:00,Duitama,salones,22,1,0.5006,0.43366846,0.06693154000000007,15.433803970895202,1.154338039708952,moderada,consumo_fuera_patron
2025-08-05 22:00:00,Sogamoso,comedor,22,1,0.5301,0.44750142,0.08259858000000003,18.45772467046027,1.1845772467046027,moderada,consumo_fuera_patron
2025-08-05 23:00:00,Duitama,comedor,23,1,0.5421,0.4468857,0.09521430000000003,21.306186346978663,1.2130618634697867,moderada,consumo_fuera_patron
2025-08-05 23:00:00,Sogamoso,comedor,23,1,0.5173,0.43744856,0.07985144,18.25390395615887,1.1825390395615887,moderada,consumo_fuera_patron
2025-08-06 01:00:00,Sogamoso,comedor,1,2,0.5333,0.45348638,0.07981361999999997,17.600003775196065,1.1760000377519606,moderada,consumo_nocturno_alto
2025-08-06 02:00:00,Sogamoso,comedor,2,2,0.5317,0.43982145,0.09187854999999995,20.88996568948603,1.2088996568948602,moderada,consumo_nocturno_alto
2025-08-06 07:00:00,Duitama,comedor,7,2,0.51,0.42539257,0.08460742999999998,19.889258996695684,1.198892589966957,moderada,consumo_pico_excesivo
2025-08-06 07:00:00,Duitama,oficinas,7,2,5.177,4.432708,0.7442919999999997,16.790909755391056,1.1679090975539106,moderada,consumo_pico_excesivo
2025-08-06 08:00:00,Chiquinquirá,laboratorios,8,2,1.1129,0.93248624,0.18041375999999998,19.3476056011293,1.193476056011293,moderada,consumo_pico_excesivo
2025-08-06 08:00:00,Duitama,comedor,8,2,0.5182,0.4492994,0.06890059999999998,15.335119521637461,1.1533511952163746,moderada,consumo_pico_excesivo
2025-08-06 08:00:00,Duitama,laboratorios,8,2,6.2317,5.222106,1.0095939999999999,19.333081327724866,1.1933308132772487,moderada,consumo_pico_excesivo
2025-08-06 08:00:00,Duitama,oficinas,8,2,5.7672,4.9003477,0.8668522999999997,17.689608025161146,1.1768960802516115,moderada,consumo_pico_excesivo
2025-08-06 10:00:00,Chiquinquirá,oficinas,10,2,2.7256,2.355932,0.3696679999999999,15.690945239506057,1.1569094523950605,moderada,consumo_pico_excesivo
2025-08-06 10:00:00,Duitama,comedor,10,2,0.5358,0.43736923,0.09843077000000006,22.505188579452664,1.2250518857945267,moderada,consumo_pico_excesivo
2025-08-06 10:00:00,Sogamoso,comedor,10,2,0.5311,0.434242,0.096858,22.305074129172212,1.2230507412917222,moderada,consumo_pico_excesivo
2025-08-06 11:00:00,Sogamoso,comedor,11,2,0.5337,0.45422998,0.07947001999999997,17.495547079477227,1.1749554707947722,moderada,consumo_pico_excesivo
2025-08-06 12:00:00,Duitama,comedor,12,2,1.1921,1.0057058,0.18639419999999984,18.533670582390975,1.1853367058239097,moderada,consumo_fuera_patron
2025-08-06 12:00:00,Tunja,comedor,12,2,0.6659,0.48927355,0.17662645000000005,36.0997339831675,1.360997339831675,critica,consumo_fuera_patron
2025-08-06 13:00:00,Chiquinquirá,oficinas,13,2,2.4845,1.7262716,0.7582284000000001,43.92289139206137,1.4392289139206138,critica,consumo_fuera_patron
2025-08-06 13:00:00,Sogamoso,laboratorios,13,2,6.303,5.260855,1.0421449999999997,19.80942261286425,1.1980942261286425,moderada,consumo_fuera_patron
2025-08-06 13:00:00,Tunja,oficinas,13,2,2.8752,2.4340065,0.4411934999999998,18.126225217557952,1.1812622521755796,moderada,consumo_fuera_patron
2025-08-06 15:00:00,Duitama,comedor,15,2,0.538,0.45299652,0.08500348000000002,18.764709274146306,1.187647092741463,moderada,consumo_pico_excesivo
2025-08-06 15:00:00,Sogamoso,comedor,15,2,0.5178,0.44192484,0.07587516000000005,17.169245340452022,1.1716924534045203,moderada,consumo_pico_excesivo
2025-08-06 15:00:00,Sogamoso,oficinas,15,2,5.5247,4.727499,0.7972010000000003,16.8630601508324,1.168630601508324,moderada,consumo_pico_excesivo
2025-08-06 16:00:00,Chiquinquirá,laboratorios,16,2,1.1874,0.99007463,0.19732537000000006,19.930353129036348,1.1993035312903635,moderada,consumo_pico_excesivo
2025-08-06 16:00:00,Duitama,oficinas,16,2,5.808,4.7601194,1.0478806,22.013746125779956,1.2201374612577995,moderada,consumo_pico_excesivo
2025-08-06 16:00:00,Tunja,oficinas,16,2,2.5281,2.1693869,0.3587130999999997,16.535229377479858,1.1653522937747987,moderada,consumo_pico_excesivo
2025-08-06 17:00:00,Duitama,comedor,17,2,0.5334,0.45022506,0.08317493999999998,18.47408049654099,1.18474080496541,moderada,consumo_pico_excesivo
2025-08-06 17:00:00,Sogamoso,comedor,17,2,0.5056,0.43028125,0.07531875000000005,17.50453918222094,1.1750453918222095,moderada,consumo_pico_excesivo
2025-08-06 18:00:00,Sogamoso,comedor,18,2,0.5315,0.45258406,0.07891593999999996,17.436747551383043,1.1743674755138305,moderada,consumo_fuera_patron
2025-08-06 22:00:00,Duitama,comedor,22,2,0.5163,0.4487913,0.06750869999999998,15.042337050651378,1.1504233705065139,moderada,consumo_fuera_patron
2025-08-06 22:00:00,Sogamoso,comedor,22,2,0.5068,0.4353698,0.07143020000000005,16.406787976566143,1.1640678797656614,moderada,consumo_fuera_patron
2025-08-06 23:00:00,Sogamoso,comedor,23,2,0.5109,0.44261378,0.06828622000000001,15.427947137118055,1.1542794713711806,moderada,consumo_fuera_patron
2025-08-07 00:00:00,Duitama,salones,0,3,0.5003,0.4254036,0.07489639999999997,17.60596290205348,1.1760596290205347,moderada,consumo_nocturno_alto
2025-08-07 00:00:00,Sogamoso,oficinas,0,3,0.8246,0.55686915,0.26773084999999996,48.077874308533694,1.480778743085337,critica,consumo_nocturno_alto
2025-08-07 03:00:00,Duitama,salones,3,3,0.5036,0.4254036,0.07819640000000005,18.381696816858167,1.1838169681685817,moderada,consumo_nocturno_alto
2025-08-07 03:00:00,Duitama,oficinas,3,3,0.972,0.84012765,0.13187234999999997,15.69670394731086,1.1569670394731086,moderada,consumo_nocturno_alto
2025-08-07 07:00:00,Sogamoso,laboratorios,7,3,4.2629,3.444184,0.8187160000000002,23.77097158572249,1.2377097158572248,moderada,consumo_pico_excesivo
2025-08-07 10:00:00,Chiquinquirá,laboratorios,10,3,0.6759,0.51755357,0.15834642999999993,30.595176843239614,1.305951768432396,critica,consumo_pico_excesivo
2025-08-07 11:00:00,Chiquinquirá,laboratorios,11,3,0.6654,0.5549484,0.11045159999999998,19.903039633955153,1.1990303963395514,moderada,consumo_pico_excesivo
2025-08-07 14:00:00,Duitama,oficinas,14,3,0.9726,0.8163282,0.15627180000000007,19.14325635204077,1.1914325635204077,moderada,consumo_pico_excesivo
2025-08-07 17:00:00,Sogamoso,oficinas,17,3,0.8947,0.7731179,0.12158210000000003,15.72620424388053,1.1572620424388054,moderada,consumo_pico_excesivo
2025-08-07 18:00:00,Chiquinquirá,laboratorios,18,3,0.6273,0.53743094,0.08986905999999995,16.721973617670756,1.1672197361767076,moderada,consumo_fuera_patron
2025-08-07 18:00:00,Duitama,oficinas,18,3,0.986,0.84656936,0.13943063999999994,16.470078718653358,1.1647007871865336,moderada,consumo_fuera_patron
2025-08-07 21:00:00,Duitama,salones,21,3,0.5041,0.4163429,0.08775709999999998,21.07808251323608,1.2107808251323608,moderada,consumo_fuera_patron
2025-08-07 22:00:00,Duitama,oficinas,22,3,0.9607,0.8014028,0.15929720000000003,19.877295162931805,1.198772951629318,moderada,consumo_fuera_patron
2025-08-08 00:00:00,Duitama,comedor,0,4,0.5188,0.42440873,0.09439127000000003,22.24065230703431,1.2224065230703431,moderada,consumo_nocturno_alto
2025-08-08 04:00:00,Sogamoso,comedor,4,4,0.5124,0.43792072,0.07447927999999998,17.007480258070455,1.1700748025807046,moderada,consumo_nocturno_alto
2025-08-08 05:00:00,Duitama,comedor,5,4,0.5302,0.44493234,0.08526766000000002,19.164185727654687,1.1916418572765468,moderada,consumo_nocturno_alto
2025-08-08 05:00:00,Sogamoso,comedor,5,4,0.5278,0.4585663,0.06923370000000006,15.09786044024606,1.1509786044024606,moderada,consumo_nocturno_alto
2025-08-08 08:00:00,Sogamoso,comedor,8,4,0.501,0.42675367,0.07424633000000003,17.397935909959493,1.1739793590995948,moderada,consumo_pico_excesivo
2025-08-08 09:00:00,Duitama,comedor,9,4,0.5361,0.4517138,0.08438620000000002,18.681342035598654,1.1868134203559866,moderada,consumo_pico_excesivo
2025-08-08 09:00:00,Duitama,salones,9,4,0.5047,0.4305547,0.07414530000000003,17.220878090519047,1.1722087809051904,moderada,consumo_pico_excesivo
2025-08-08 09:00:00,Sogamoso,oficinas,9,4,5.4209,4.703761,0.7171389999999995,15.246076490706043,1.1524607649070604,moderada,consumo_pico_excesivo
2025-08-08 11:00:00,Duitama,comedor,11,4,0.5317,0.44678742,0.08491257999999996,19.005141192202764,1.1900514119220276,moderada,consumo_pico_excesivo
2025-08-08 12:00:00,Duitama,oficinas,12,4,5.9705,5.029286,0.9412140000000004,18.714664467282244,1.1871466446728225,moderada,consumo_fuera_patron
2025-08-08 13:00:00,Tunja,comedor,13,4,0.6614,0.5395863,0.12181370000000002,22.57538784806064,1.2257538784806064,moderada,consumo_fuera_patron
2025-08-08 14:00:00,Tunja,oficinas,14,4,2.3147,1.8479904,0.46670960000000017,25.25497967954813,1.2525497967954813,moderada,consumo_pico_excesivo
2025-08-08 15:00:00,Duitama,oficinas,15,4,5.296,4.5803676,0.7156324000000005,15.62390756584691,1.156239075658469,moderada,consumo_pico_excesivo
2025-08-08 15:00:00,Sogamoso,comedor,15,4,0.5305,0.44193858,0.08856141999999995,20.039305009306936,1.2003930500930693,moderada,consumo_pico_excesivo
2025-08-08 15:00:00,Tunja,oficinas,15,4,2.7028,1.6831876,1.0196124,60.57627800965264,1.6057627800965264,critica,consumo_pico_excesivo
2025-08-08 16:00:00,Chiquinquirá,oficinas,16,4,2.1816,1.8755883,0.3060117,16.31550484719914,1.1631550484719915,moderada,consumo_pico_excesivo
2025-08-08 16:00:00,Tunja,oficinas,16,4,2.2839,1.5414375,0.7424625,48.166889672789196,1.481668896727892,critica,consumo_pico_excesivo
2025-08-08 17:00:00,Duitama,comedor,17,4,0.513,0.42598706,0.08701294000000004,20.42619322755955,1.2042619322755954,moderada,consumo_pico_excesivo
2025-08-08 17:00:00,Sogamoso,comedor,17,4,0.5195,0.41427392,0.10522607999999994,25.400121735879473,1.2540012173587947,moderada,consumo_pico_excesivo
2025-08-08 18:00:00,Sogamoso,oficinas,18,4,0.9803,0.83107156,0.1492284399999999,17.956148084287697,1.179561480842877,moderada,consumo_fuera_patron
2025-08-09 00:00:00,Sogamoso,oficinas,0,5,0.9258,0.7620118,0.16378819999999994,21.494181586164405,1.214941815861644,moderada,consumo_nocturno_alto
2025-08-09 02:00:00,Sogamoso,comedor,2,5,0.5202,0.44613737,0.07406263000000002,16.600857713398906,1.166008577133989,moderada,consumo_nocturno_alto
2025-08-09 03:00:00,Duitama,comedor,3,5,0.5149,0.4466238,0.06827620000000001,15.287183531195609,1.152871835311956,moderada,consumo_nocturno_alto
2025-08-09 03:00:00,Duitama,oficinas,3,5,0.9869,0.85304916,0.13385084000000003,15.690870617585512,1.1569087061758552,moderada,consumo_nocturno_alto
2025-08-09 08:00:00,Chiquinquirá,laboratorios,8,5,1.0723,0.9133986,0.15890140000000008,17.39672033655406,1.1739672033655406,moderada,consumo_fin_semana_alto
2025-08-09 08:00:00,Duitama,comedor,8,5,0.503,0.40141252,0.10158748000000001,25.307501619530953,1.2530750161953095,moderada,consumo_fin_semana_alto
2025-08-09 08:00:00,Duitama,oficinas,8,5,2.6991,2.1947443,0.5043557000000001,22.98015764296552,1.2298015764296553,moderada,consumo_fin_semana_alto
2025-08-09 08:00:00,Sogamoso,oficinas,8,5,3.0526,2.4954174,0.5571826,22.32823254338132,1.2232823254338132,moderada,consumo_fin_semana_alto
2025-08-09 09:00:00,Chiquinquirá,oficinas,9,5,1.32,1.015095,0.304905,30.037090124569616,1.300370901245696,critica,consumo_fin_semana_alto
2025-08-09 09:00:00,Duitama,oficinas,9,5,3.1645,2.7065656,0.4579344000000001,16.919390389059853,1.1691939038905985,moderada,consumo_fin_semana_alto
2025-08-09 10:00:00,Duitama,comedor,10,5,0.5023,0.4150243,0.08727569999999996,21.029057816614582,1.2102905781661457,moderada,consumo_fin_semana_alto
2025-08-09 10:00:00,Sogamoso,laboratorios,10,5,6.6097,5.5592074,1.0504926,18.896445561646075,1.1889644556164607,moderada,consumo_fin_semana_alto
2025-08-09 10:00:00,Tunja,laboratorios,10,5,2.1041,1.7944328,0.3096671999999998,17.257107649837867,1.1725710764983786,moderada,consumo_fin_semana_alto
2025-08-09 12:00:00,Duitama,comedor,12,5,1.1784,0.7927975,0.38560249999999985,48.638208369728694,1.486382083697287,critica,consumo_fin_semana_alto
2025-08-09 12:00:00,Duitama,oficinas,12,5,2.6415,2.079627,0.5618730000000003,27.017970049436762,1.2701797004943676,moderada,consumo_fin_semana_alto
2025-08-09 12:00:00,Sogamoso,comedor,12,5,1.2061,1.0223048,0.18379520000000005,17.978512866221507,1.1797851286622152,moderada,consumo_fin_semana_alto
2025-08-09 12:00:00,Sogamoso,oficinas,12,5,3.0055,2.4849548,0.5205451999999999,20.947873981450282,1.2094787398145028,moderada,consumo_fin_semana_alto
2025-08-09 12:00:00,Tunja,comedor,12,5,0.5723,0.43633628,0.13596372,31.160305991516452,1.3116030599151645,critica,consumo_fin_semana_alto
2025-08-09 12:00:00,Tunja,oficinas,12,5,1.0938,0.9034929,0.19030710000000006,21.06348594438319,1.2106348594438319,moderada,consumo_fin_semana_alto
2025-08-09 13:00:00,Duitama,comedor,13,5,1.2243,0.93580675,0.2884932499999999,30.82829334154727,1.3082829334154726,critica,consumo_fin_semana_alto
2025-08-09 13:00:00,Duitama,laboratorios,13,5,5.9907,4.681043,1.3096570000000005,27.977888688482473,1.2797788868848248,moderada,consumo_fin_semana_alto
2025-08-09 13:00:00,Sogamoso,comedor,13,5,1.1989,0.9161294,0.2827706000000001,30.865792539787513,1.3086579253978752,critica,consumo_fin_semana_alto
2025-08-09 13:00:00,Tunja,comedor,13,5,0.6048,0.45353696,0.15126304000000002,33.351866185282894,1.333518661852829,critica,consumo_fin_semana_alto
2025-08-09 13:00:00,Tunja,laboratorios,13,5,2.2523,1.845145,0.40715499999999993,22.0662874733422,1.220662874733422,moderada,consumo_fin_semana_alto
2025-08-09 14:00:00,Chiquinquirá,laboratorios,14,5,0.9055,0.7369086,0.16859139999999995,22.87819683472278,1.2287819683472279,moderada,consumo_fin_semana_alto
2025-08-09 14:00:00,Duitama,laboratorios,14,5,5.3686,4.608453,0.7601469999999999,16.49462411789813,1.1649462411789813,moderada,consumo_fin_semana_alto
2025-08-09 14:00:00,Sogamoso,oficinas,14,5,0.9547,0.6038879,0.35081209999999996,58.09225520166904,1.5809225520166905,critica,consumo_fin_semana_alto
2025-08-09 15:00:00,Duitama,comedor,15,5,0.5274,0.42096105,0.10643894999999998,25.284750216201708,1.2528475021620171,moderada,consumo_fin_semana_alto
2025-08-09 15:00:00,Duitama,salones,15,5,0.5041,0.42834598,0.07575401999999998,17.68524126221518,1.1768524126221518,moderada,consumo_fin_semana_alto
2025-08-09 15:00:00,Duitama,oficinas,15,5,0.9642,0.75424165,0.20995834999999996,27.837013508866814,1.2783701350886683,moderada,consumo_fin_semana_alto
2025-08-09 15:00:00,Sogamoso,laboratorios,15,5,5.965,4.779239,1.1857610000000003,24.810665463685755,1.2481066546368575,moderada,consumo_fin_semana_alto
2025-08-09 15:00:00,Sogamoso,oficinas,15,5,0.8981,0.57793915,0.32016085000000005,55.396982537002394,1.553969825370024,critica,consumo_fin_semana_alto
2025-08-09 16:00:00,Duitama,laboratorios,16,5,5.0085,4.3493447,0.6591553000000001,15.155278449187993,1.15155278449188,moderada,consumo_fin_semana_alto
2025-08-09 16:00:00,Tunja,laboratorios,16,5,2.1631,1.8746182,0.2884818,15.388829576070476,1.1538882957607048,moderada,consumo_fin_semana_alto
2025-08-09 17:00:00,Sogamoso,oficinas,17,5,0.9705,0.8244414,0.14605860000000004,17.716068115938867,1.1771606811593887,moderada,consumo_fin_semana_alto
2025-08-09 18:00:00,Duitama,comedor,18,5,0.5096,0.3906474,0.11895260000000007,30.45011946834923,1.3045011946834923,critica,consumo_fin_semana_alto
2025-08-09 19:00:00,Duitama,salones,19,5,0.5029,0.4133928,0.08950720000000001,21.651852668938602,1.216518526689386,moderada,consumo_fin_semana_alto
2025-08-09 20:00:00,Duitama,comedor,20,5,0.5289,0.4465885,0.08231150000000004,18.431173216506927,1.1843117321650694,moderada,consumo_fin_semana_alto
2025-08-09 21:00:00,Sogamoso,comedor,21,5,0.5243,0.4421303,0.08216970000000001,18.58495108794851,1.185849510879485,moderada,consumo_fin_semana_alto
2025-08-09 23:00:00,Sogamoso,oficinas,23,5,0.9781,0.8325115,0.1455885,17.48786653397581,1.174878665339758,moderada,consumo_fin_semana_alto
2025-08-10 12:00:00,Sogamoso,oficinas,12,6,0.934,0.784289,0.14971100000000004,19.088754272978463,1.1908875427297847,moderada,consumo_fin_semana_alto
2025-08-10 13:00:00,Duitama,oficinas,13,6,0.9655,0.765373,0.20012700000000005,26.147643044633146,1.2614764304463315,moderada,consumo_fin_semana_alto
2025-08-10 15:00:00,Sogamoso,oficinas,15,6,0.9736,0.80590695,0.16769305,20.807991542944258,1.2080799154294426,moderada,consumo_fin_semana_alto
2025-08-10 16:00:00,Sogamoso,oficinas,16,6,0.9808,0.81541127,0.16538872999999998,20.282860451511787,1.2028286045151177,moderada,consumo_fin_semana_alto
2025-08-10 19:00:00,Sogamoso,oficinas,19,6,0.9503,0.8237013,0.12659870000000006,15.369491343524658,1.1536949134352465,moderada,consumo_fin_semana_alto
2025-08-10 20:00:00,Sogamoso,oficinas,20,6,0.9348,0.7911977,0.14360229999999996,18.14998956645096,1.1814998956645095,moderada,consumo_fin_semana_alto
2025-08-10 23:00:00,Chiquinquirá,laboratorios,23,6,0.6373,0.5279634,0.1093366,20.7091249128254,1.207091249128254,moderada,consumo_fin_semana_alto
2025-08-11 00:00:00,Sogamoso,comedor,0,0,0.5296,0.45617846,0.07342153999999995,16.094916011597732,1.1609491601159774,moderada,consumo_nocturno_alto
2025-08-11 02:00:00,Duitama,comedor,2,0,0.5309,0.44797057,0.08292943000000003,18.512249588181657,1.1851224958818165,moderada,consumo_nocturno_alto
2025-08-11 03:00:00,Duitama,comedor,3,0,0.5328,0.44797057,0.08482943000000004,18.936384593300414,1.189363845933004,moderada,consumo_nocturno_alto
2025-08-11 04:00:00,Sogamoso,comedor,4,0,0.5265,0.4484312,0.0780688,17.409314962919616,1.1740931496291962,moderada,consumo_nocturno_alto
2025-08-11 05:00:00,Chiquinquirá,laboratorios,5,0,0.6711,0.56482637,0.10627363000000001,18.81527415230277,1.1881527415230277,moderada,consumo_nocturno_alto
2025-08-11 05:00:00,Sogamoso,comedor,5,0,0.519,0.4484312,0.07056880000000004,15.736817598775474,1.1573681759877548,moderada,consumo_nocturno_alto
2025-08-11 07:00:00,Sogamoso,oficinas,7,0,5.7452,4.6942096,1.0509903999999999,22.389081220403963,1.2238908122040397,moderada,consumo_pico_excesivo
2025-08-11 07:00:00,Tunja,oficinas,7,0,2.641,1.914326,0.726674,37.959783234412534,1.3795978323441254,critica,consumo_pico_excesivo
2025-08-11 08:00:00,Chiquinquirá,laboratorios,8,0,1.1395,0.8800544,0.25944559999999994,29.480632106378874,1.2948063210637888,moderada,consumo_pico_excesivo
2025-08-11 08:00:00,Sogamoso,comedor,8,0,0.5242,0.44187966,0.08232033999999999,18.62958344812703,1.1862958344812702,moderada,consumo_pico_excesivo
2025-08-11 09:00:00,Duitama,laboratorios,9,0,5.9409,5.041265,0.899635,17.84542173442578,1.1784542173442578,moderada,consumo_pico_excesivo
2025-08-11 10:00:00,Duitama,comedor,10,0,0.5159,0.43736923,0.07853077000000003,17.955257163381162,1.1795525716338116,moderada,consumo_pico_excesivo
2025-08-11 11:00:00,Duitama,comedor,11,0,0.5206,0.4503365,0.07026349999999998,15.602443950246089,1.1560244395024608,moderada,consumo_pico_excesivo
2025-08-11 12:00:00,Duitama,laboratorios,12,0,5.7808,4.8826823,0.8981177000000002,18.393940969700203,1.183939409697002,moderada,consumo_fuera_patron
2025-08-11 12:00:00,Tunja,comedor,12,0,0.5752,0.47400108,0.10119892000000003,21.349934476942547,1.2134993447694256,moderada,consumo_fuera_patron
2025-08-11 13:00:00,Tunja,comedor,13,0,0.5746,0.49731246,0.07728753999999999,15.541042345892558,1.1554104234589255,moderada,consumo_fuera_patron
2025-08-11 13:00:00,Tunja,oficinas,13,0,2.2207,1.834938,0.38576199999999994,21.02316263546779,1.210231626354678,moderada,consumo_fuera_patron
2025-08-11 15:00:00,Chiquinquirá,laboratorios,15,0,1.1531,0.8971452,0.25595480000000004,28.529919125688913,1.2852991912568892,moderada,consumo_pico_excesivo
2025-08-11 15:00:00,Sogamoso,comedor,15,0,0.5259,0.41606808,0.10983192000000003,26.39758378003908,1.263975837800391,moderada,consumo_pico_excesivo
2025-08-11 16:00:00,Sogamoso,oficinas,16,0,5.7241,4.6238647,1.1002352999999996,23.79471224579732,1.2379471224579732,moderada,consumo_pico_excesivo
2025-08-11 17:00:00,Chiquinquirá,laboratorios,17,0,0.6783,0.5774611,0.10083890000000006,17.462457644333114,1.1746245764433312,moderada,consumo_pico_excesivo
2025-08-11 17:00:00,Duitama,comedor,17,0,0.5391,0.43587515,0.10322485000000003,23.682205787597674,1.2368220578759768,moderada,consumo_pico_excesivo
2025-08-11 17:00:00,Duitama,salones,17,0,0.5053,0.42716023,0.07813977,18.292847627692307,1.182928476276923,moderada,consumo_pico_excesivo
2025-08-11 18:00:00,Sogamoso,comedor,18,0,0.5012,0.4116727,0.08952729999999998,21.747203543008798,1.2174720354300879,moderada,consumo_fuera_patron
2025-08-11 21:00:00,Duitama,comedor,21,0,0.5332,0.44779375,0.08540625000000002,19.072675757533467,1.1907267575753346,moderada,consumo_fuera_patron
2025-08-11 21:00:00,Duitama,salones,21,0,0.5027,0.43090752,0.07179248000000005,16.66076284767554,1.1666076284767555,moderada,consumo_fuera_patron
2025-08-12 00:00:00,Chiquinquirá,laboratorios,0,1,0.6839,0.5756117,0.1082883,18.81273434852002,1.1881273434852002,moderada,consumo_nocturno_alto
2025-08-12 02:00:00,Sogamoso,comedor,2,1,0.5151,0.4389092,0.0761908,17.359125759952175,1.1735912575995218,moderada,consumo_nocturno_alto
2025-08-12 05:00:00,Sogamoso,comedor,5,1,0.5299,0.45253932,0.07736068000000001,17.094797420034133,1.1709479742003412,moderada,consumo_nocturno_alto
2025-08-12 07:00:00,Chiquinquirá,oficinas,7,1,2.301,1.9270558,0.37394420000000017,19.404949249523558,1.1940494924952356,moderada,consumo_pico_excesivo
2025-08-12 07:00:00,Tunja,oficinas,7,1,2.7141,2.3011494,0.4129506000000003,17.94540589150797,1.1794540589150797,moderada,consumo_pico_excesivo
2025-08-12 08:00:00,Duitama,comedor,8,1,0.5181,0.4492994,0.06880059999999999,15.312862647935873,1.1531286264793588,moderada,consumo_pico_excesivo
2025-08-12 08:00:00,Sogamoso,comedor,8,1,0.5215,0.44187966,0.07962033999999996,18.018557360164518,1.180185573601645,moderada,consumo_pico_excesivo
2025-08-12 08:00:00,Tunja,laboratorios,8,1,2.4989,2.0048363,0.4940636999999999,24.643593095356458,1.2464359309535646,moderada,consumo_pico_excesivo
2025-08-12 09:00:00,Chiquinquirá,laboratorios,9,1,1.2017,0.95259094,0.24910906,26.15068541382516,1.2615068541382517,moderada,consumo_pico_excesivo
2025-08-12 09:00:00,Tunja,laboratorios,9,1,2.0842,1.7995614,0.2846386000000001,15.817109657942211,1.158171096579422,moderada,consumo_pico_excesivo
2025-08-12 10:00:00,Chiquinquirá,laboratorios,10,1,1.0944,0.8589517,0.23544830000000005,27.411122185333593,1.274111221853336,moderada,consumo_pico_excesivo
2025-08-12 10:00:00,Duitama,comedor,10,1,0.5255,0.44247678,0.08302321999999995,18.76329420043238,1.187632942004324,moderada,consumo_pico_excesivo
2025-08-12 11:00:00,Duitama,comedor,11,1,0.5352,0.4346305,0.10056950000000003,23.1390802072105,1.231390802072105,moderada,consumo_pico_excesivo
2025-08-12 11:00:00,Tunja,oficinas,11,1,2.5209,2.1133184,0.4075816000000003,19.286331865562726,1.1928633186556272,moderada,consumo_pico_excesivo
2025-08-12 12:00:00,Chiquinquirá,oficinas,12,1,2.6812,2.174548,0.5066519999999999,23.299186773527182,1.2329918677352718,moderada,consumo_fuera_patron
2025-08-12 12:00:00,Sogamoso,laboratorios,12,1,6.559,5.5601263,0.9988736999999999,17.964946227930106,1.179649462279301,moderada,consumo_fuera_patron
2025-08-12 12:00:00,Tunja,comedor,12,1,0.6412,0.5320078,0.10919219999999996,20.524548700225814,1.2052454870022582,moderada,consumo_fuera_patron
2025-08-12 14:00:00,Sogamoso,comedor,14,1,0.5353,0.46034512,0.07495488,16.282323140516837,1.1628232314051683,moderada,consumo_pico_excesivo
2025-08-12 14:00:00,Tunja,oficinas,14,1,2.6554,2.2170439,0.4383561,19.772098333280635,1.1977209833328064,moderada,consumo_pico_excesivo
2025-08-12 15:00:00,Chiquinquirá,oficinas,15,1,2.0189,1.4427766,0.5761234,39.93157360605931,1.3993157360605932,critica,consumo_pico_excesivo
2025-08-12 15:00:00,Duitama,oficinas,15,1,5.9586,4.6843934,1.2742065999999994,27.201101427561557,1.2720110142756156,moderada,consumo_pico_excesivo
2025-08-12 15:00:00,Sogamoso,comedor,15,1,0.514,0.43995327,0.07404673,16.83058975786224,1.1683058975786225,moderada,consumo_pico_excesivo
2025-08-12 16:00:00,Duitama,oficinas,16,1,5.6312,4.7887464,0.8424535999999998,17.592361959280193,1.175923619592802,moderada,consumo_pico_excesivo
2025-08-12 16:00:00,Sogamoso,oficinas,16,1,5.7992,4.747426,1.051774,22.154615996120846,1.2215461599612085,moderada,consumo_pico_excesivo
2025-08-12 16:00:00,Tunja,laboratorios,16,1,2.2717,1.9191444,0.3525556000000001,18.370457168308967,1.1837045716830896,moderada,consumo_pico_excesivo
2025-08-12 17:00:00,Chiquinquirá,laboratorios,17,1,0.6577,0.43901652,0.21868347999999993,49.81213007656293,1.4981213007656293,critica,consumo_pico_excesivo
2025-08-12 22:00:00,Sogamoso,comedor,22,1,0.5327,0.4353698,0.09733019999999998,22.35575366045141,1.2235575366045142,moderada,consumo_fuera_patron
2025-08-12 23:00:00,Duitama,comedor,23,1,0.5194,0.4472287,0.0721713,16.13744824515958,1.1613744824515957,moderada,consumo_fuera_patron
2025-08-13 02:00:00,Duitama,comedor,2,2,0.5128,0.43602738,0.07677262000000001,17.607293376851704,1.176072933768517,moderada,consumo_nocturno_alto
2025-08-13 03:00:00,Duitama,salones,3,2,0.5012,0.4194827,0.08171729999999999,19.480493474462712,1.194804934744627,moderada,consumo_nocturno_alto
2025-08-13 03:00:00,Duitama,oficinas,3,2,0.9554,0.8272345,0.12816550000000004,15.493248891336139,1.1549324889133614,moderada,consumo_nocturno_alto
2025-08-13 04:00:00,Chiquinquirá,laboratorios,4,2,0.6877,0.58930135,0.09839865000000003,16.69750968668238,1.1669750968668238,moderada,consumo_nocturno_alto
2025-08-13 04:00:00,Duitama,comedor,4,2,0.5375,0.44964057,0.08785942999999996,19.539924967179886,1.195399249671799,moderada,consumo_nocturno_alto
2025-08-13 05:00:00,Duitama,comedor,5,2,0.5127,0.43602738,0.07667262000000002,17.584359037269635,1.1758435903726965,moderada,consumo_nocturno_alto
2025-08-13 06:00:00,Chiquinquirá,laboratorios,6,2,0.6799,0.58923894,0.09066105999999996,15.386128418464665,1.1538612841846467,moderada,consumo_nocturno_alto
2025-08-13 06:00:00,Duitama,comedor,6,2,0.5311,0.44797057,0.08312943,18.556895378194152,1.1855689537819416,moderada,consumo_nocturno_alto
2025-08-13 07:00:00,Duitama,oficinas,7,2,5.6988,4.8349543,0.8638457000000006,17.86667766435767,1.1786667766435768,moderada,consumo_pico_excesivo
2025-08-13 07:00:00,Tunja,oficinas,7,2,2.67,2.2603624,0.40963759999999994,18.122651482788772,1.1812265148278878,moderada,consumo_pico_excesivo
2025-08-13 08:00:00,Chiquinquirá,laboratorios,8,2,1.1353,0.9198828,0.21541719999999998,23.417896279830426,1.2341789627983042,moderada,consumo_pico_excesivo
2025-08-13 09:00:00,Chiquinquirá,laboratorios,9,2,1.0448,0.7991169,0.24568309999999993,30.744325392192295,1.307443253921923,critica,consumo_pico_excesivo
2025-08-13 10:00:00,Chiquinquirá,laboratorios,10,2,1.1613,0.9100105,0.25128949999999994,27.613912147167525,1.2761391214716753,moderada,consumo_pico_excesivo
2025-08-13 10:00:00,Duitama,comedor,10,2,0.5191,0.45011103,0.06898896999999998,15.327100515621664,1.1532710051562167,moderada,consumo_pico_excesivo
2025-08-13 10:00:00,Sogamoso,comedor,10,2,0.5266,0.4470058,0.07959419999999995,17.806077684003192,1.178060776840032,moderada,consumo_pico_excesivo
2025-08-13 11:00:00,Sogamoso,laboratorios,11,2,5.9137,4.975974,0.9377260000000005,18.845074351272746,1.1884507435127274,moderada,consumo_pico_excesivo
2025-08-13 12:00:00,Duitama,comedor,12,2,1.1195,0.95966953,0.15983046999999995,16.654740512601244,1.1665474051260125,moderada,consumo_fuera_patron
2025-08-13 12:00:00,Sogamoso,comedor,12,2,1.1774,1.0234532,0.15394679999999994,15.04189932671078,1.1504189932671078,moderada,consumo_fuera_patron
2025-08-13 15:00:00,Duitama,oficinas,15,2,5.6659,4.78902,0.8768799999999999,18.310217956909764,1.1831021795690977,moderada,consumo_pico_excesivo
2025-08-13 16:00:00,Sogamoso,comedor,16,2,0.5303,0.4470666,0.08323340000000001,18.617673518889582,1.1861767351888959,moderada,consumo_pico_excesivo
2025-08-13 16:00:00,Sogamoso,oficinas,16,2,5.4997,4.4719377,1.0277623,22.98248251535347,1.2298248251535346,moderada,consumo_pico_excesivo
2025-08-13 18:00:00,Duitama,comedor,18,2,0.5337,0.4500033,0.08369669999999996,18.599130273044658,1.1859913027304465,moderada,consumo_fuera_patron
2025-08-13 18:00:00,Sogamoso,comedor,18,2,0.5139,0.43611178,0.07778822000000002,17.83676194208742,1.1783676194208743,moderada,consumo_fuera_patron
2025-08-13 20:00:00,Duitama,salones,20,2,0.5029,0.4248752,0.0780248,18.36416905481892,1.1836416905481892,moderada,consumo_fuera_patron
2025-08-13 20:00:00,Sogamoso,comedor,20,2,0.5198,0.4518638,0.06793620000000006,15.034663099810178,1.1503466309981019,moderada,consumo_fuera_patron
2025-08-13 22:00:00,Sogamoso,comedor,22,2,0.5295,0.4353698,0.0941302,21.620746317268676,1.2162074631726867,moderada,consumo_fuera_patron
2025-08-13 22:00:00,Sogamoso,oficinas,22,2,0.9763,0.8401902,0.13610979999999995,16.199879503474328,1.1619987950347432,moderada,consumo_fuera_patron
2025-08-13 23:00:00,Duitama,comedor,23,2,0.5317,0.44355574,0.08814425999999997,19.87219464232387,1.1987219464232386,moderada,consumo_fuera_patron
2025-08-13 23:00:00,Sogamoso,oficinas,23,2,0.9484,0.8014572,0.14694280000000004,18.33445379241712,1.1833445379241712,moderada,consumo_fuera_patron
2025-08-14 02:00:00,Duitama,comedor,2,3,0.5342,0.45075667,0.08344332999999998,18.511834777730517,1.185118347777305,moderada,consumo_nocturno_alto
2025-08-14 04:00:00,Sogamoso,comedor,4,3,0.5172,0.43881008,0.07838992,17.864202207934696,1.178642022079347,moderada,consumo_nocturno_alto
2025-08-14 06:00:00,Duitama,comedor,6,3,0.5327,0.45075667,0.08194332999999993,18.179060999807263,1.1817906099980726,moderada,consumo_nocturno_alto
2025-08-14 06:00:00,Duitama,oficinas,6,3,0.9609,0.8326102,0.1282898,15.408146573270423,1.1540814657327043,moderada,consumo_nocturno_alto
2025-08-14 07:00:00,Chiquinquirá,oficinas,7,3,2.5345,2.1215904,0.4129095999999999,19.462267551738538,1.1946226755173854,moderada,consumo_pico_excesivo
2025-08-14 07:00:00,Duitama,oficinas,7,3,5.5097,4.784518,0.7251819999999993,15.156845475343584,1.1515684547534357,moderada,consumo_pico_excesivo
2025-08-14 07:00:00,Tunja,oficinas,7,3,2.5887,2.2305295,0.35817049999999995,16.057644608600782,1.1605764460860077,moderada,consumo_pico_excesivo
2025-08-14 08:00:00,Chiquinquirá,laboratorios,8,3,1.0316,0.8056264,0.2259736000000001,28.049428370271894,1.280494283702719,moderada,consumo_pico_excesivo
2025-08-14 08:00:00,Duitama,comedor,8,3,0.5393,0.4495678,0.08973219999999998,19.959659032519674,1.1995965903251968,moderada,consumo_pico_excesivo
2025-08-14 08:00:00,Duitama,laboratorios,8,3,6.3331,5.001361,1.3317389999999998,26.62753198579346,1.2662753198579346,moderada,consumo_pico_excesivo
2025-08-14 08:00:00,Sogamoso,comedor,8,3,0.5073,0.42515934,0.08214065999999998,19.319970719683585,1.1931997071968359,moderada,consumo_pico_excesivo
2025-08-14 09:00:00,Duitama,comedor,9,3,0.5249,0.4517138,0.07318620000000003,16.201895979268297,1.1620189597926829,moderada,consumo_pico_excesivo
2025-08-14 09:00:00,Sogamoso,oficinas,9,3,5.9636,5.0702195,0.8933804999999992,17.62015431481811,1.1762015431481812,moderada,consumo_pico_excesivo
2025-08-14 10:00:00,Sogamoso,comedor,10,3,0.5054,0.4215586,0.08384139999999995,19.88843306719397,1.1988843306719397,moderada,consumo_pico_excesivo
2025-08-14 11:00:00,Duitama,oficinas,11,3,5.9517,4.977866,0.9738340000000001,19.563282740033582,1.1956328274003358,moderada,consumo_pico_excesivo
2025-08-14 11:00:00,Sogamoso,oficinas,11,3,6.0863,4.6871877,1.3991122999999996,29.849717774263652,1.2984971777426366,moderada,consumo_pico_excesivo
2025-08-14 12:00:00,Tunja,comedor,12,3,0.6486,0.48352307,0.16507692999999996,34.140445460027365,1.3414044546002737,critica,consumo_fuera_patron
2025-08-14 13:00:00,Tunja,oficinas,13,3,2.2926,1.876014,0.4165860000000001,22.205911043307786,1.2220591104330778,moderada,consumo_fuera_patron
2025-08-14 14:00:00,Chiquinquirá,laboratorios,14,3,1.1276,0.8438199,0.2837801,33.63041094432592,1.336304109443259,critica,consumo_pico_excesivo
2025-08-14 14:00:00,Tunja,oficinas,14,3,2.3852,1.7426258,0.6425742000000003,36.873906033068046,1.3687390603306806,critica,consumo_pico_excesivo
2025-08-14 15:00:00,Chiquinquirá,oficinas,15,3,2.3107,1.5579635,0.7527365000000001,48.31541303759684,1.4831541303759685,critica,consumo_pico_excesivo
2025-08-14 15:00:00,Duitama,comedor,15,3,0.5222,0.4487683,0.07343169999999999,16.362942747961473,1.1636294274796146,moderada,consumo_pico_excesivo
2025-08-14 15:00:00,Sogamoso,comedor,15,3,0.5306,0.44057873,0.09002126999999999,20.432504764812407,1.204325047648124,moderada,consumo_pico_excesivo
2025-08-14 15:00:00,Tunja,laboratorios,15,3,2.2899,1.983508,0.3063919999999998,15.44697576213455,1.1544697576213454,moderada,consumo_pico_excesivo
2025-08-14 16:00:00,Tunja,oficinas,16,3,2.5738,2.1959999,0.37780009999999997,17.204012623133544,1.1720401262313354,moderada,consumo_pico_excesivo
2025-08-14 17:00:00,Chiquinquirá,laboratorios,17,3,0.6885,0.5927977,0.09570230000000002,16.14417532321735,1.1614417532321735,moderada,consumo_pico_excesivo
2025-08-14 18:00:00,Duitama,comedor,18,3,0.5224,0.4414298,0.08097019999999999,18.342712703129692,1.1834271270312968,moderada,consumo_fuera_patron
2025-08-14 20:00:00,Duitama,comedor,20,3,0.5008,0.4353477,0.06545230000000002,15.034488524919281,1.1503448852491929,moderada,consumo_fuera_patron
2025-08-15 07:00:00,Chiquinquirá,laboratorios,7,4,0.6666,0.46447694,0.20212305999999997,43.51627445702686,1.4351627445702686,critica,consumo_pico_excesivo
2025-08-15 10:00:00,Chiquinquirá,laboratorios,10,4,0.6892,0.5931206,0.09607940000000004,16.198965269457855,1.1619896526945785,moderada,consumo_pico_excesivo
2025-08-15 11:00:00,Duitama,laboratorios,11,4,3.8525,3.3329198,0.5195802,15.58934001352208,1.1558934001352208,moderada,consumo_pico_excesivo
2025-08-15 13:00:00,Chiquinquirá,laboratorios,13,4,0.6536,0.56747574,0.08612425999999995,15.17672984575516,1.1517672984575515,moderada,consumo_fuera_patron
2025-08-15 17:00:00,Duitama,oficinas,17,4,0.9045,0.77086294,0.13363705999999997,17.33603382204364,1.1733603382204365,moderada,consumo_pico_excesivo
2025-08-15 17:00:00,Sogamoso,oficinas,17,4,0.985,0.7663199,0.21868009999999993,28.536398441434173,1.2853639844143416,moderada,consumo_pico_excesivo
2025-08-15 18:00:00,Duitama,oficinas,18,4,0.9688,0.8373051,0.13149489999999997,15.704538285984402,1.157045382859844,moderada,consumo_fuera_patron
2025-08-15 19:00:00,Duitama,oficinas,19,4,0.9597,0.8062046,0.15349539999999995,19.039261249563687,1.190392612495637,moderada,consumo_fuera_patron
2025-08-15 21:00:00,Sogamoso,oficinas,21,4,0.9625,0.8129585,0.1495415,18.394727406134507,1.183947274061345,moderada,consumo_fuera_patron
2025-08-15 22:00:00,Duitama,oficinas,22,4,0.9904,0.7945668,0.19583319999999993,24.646536955734863,1.2464653695573487,moderada,consumo_fuera_patron
2025-08-16 02:00:00,Duitama,comedor,2,5,0.5398,0.4466238,0.09317619999999993,20.86234544598831,1.208623454459883,moderada,consumo_nocturno_alto
2025-08-16 02:00:00,Sogamoso,comedor,2,5,0.5342,0.45576373,0.07843627000000003,17.209853447530815,1.172098534475308,moderada,consumo_nocturno_alto
2025-08-16 05:00:00,Sogamoso,comedor,5,5,0.5352,0.45213962,0.08306037999999999,18.370515726978315,1.1837051572697832,moderada,consumo_nocturno_alto
2025-08-16 07:00:00,Sogamoso,comedor,7,5,0.5068,0.40719038,0.09960962000000001,24.462665350787514,1.2446266535078752,moderada,consumo_fin_semana_alto
2025-08-16 08:00:00,Chiquinquirá,laboratorios,8,5,1.0414,0.7490184,0.29238160000000013,39.035302737556265,1.3903530273755627,critica,consumo_fin_semana_alto
2025-08-16 08:00:00,Chiquinquirá,oficinas,8,5,1.1659,0.97483313,0.1910668699999999,19.599956558718915,1.1959995655871891,moderada,consumo_fin_semana_alto
2025-08-16 08:00:00,Duitama,comedor,8,5,0.5274,0.40525174,0.12214825999999995,30.141328942844254,1.3014132894284425,critica,consumo_fin_semana_alto
2025-08-16 08:00:00,Duitama,laboratorios,8,5,5.428,4.419487,1.0085129999999998,22.819684728114364,1.2281968472811438,moderada,consumo_fin_semana_alto
2025-08-16 08:00:00,Sogamoso,laboratorios,8,5,5.8836,4.989888,0.8937120000000007,17.91046211858865,1.1791046211858864,moderada,consumo_fin_semana_alto
2025-08-16 08:00:00,Tunja,oficinas,8,5,1.3464,1.1016852,0.24471480000000012,22.212770036304395,1.222127700363044,moderada,consumo_fin_semana_alto
2025-08-16 09:00:00,Chiquinquirá,oficinas,9,5,1.1918,0.86800843,0.3237915699999999,37.3028139830393,1.373028139830393,critica,consumo_fin_semana_alto
2025-08-16 09:00:00,Duitama,comedor,9,5,0.5284,0.4150243,0.11337569999999997,27.317846208041303,1.273178462080413,moderada,consumo_fin_semana_alto
2025-08-16 09:00:00,Sogamoso,oficinas,9,5,2.8619,2.3397517,0.5221483,22.31639793231051,1.223163979323105,moderada,consumo_fin_semana_alto
2025-08-16 10:00:00,Chiquinquirá,oficinas,10,5,1.2585,1.0189447,0.23955529999999992,23.510137498139,1.23510137498139,moderada,consumo_fin_semana_alto
2025-08-16 10:00:00,Sogamoso,comedor,10,5,0.5052,0.4133234,0.09187659999999997,22.22874388432883,1.2222874388432883,moderada,consumo_fin_semana_alto
2025-08-16 10:00:00,Tunja,laboratorios,10,5,2.3279,1.8847275,0.4431725000000002,23.513876674479476,1.2351387667447948,moderada,consumo_fin_semana_alto
2025-08-16 11:00:00,Chiquinquirá,oficinas,11,5,1.1589,0.9644892,0.1944108,20.156866453248,1.20156866453248,moderada,consumo_fin_semana_alto
2025-08-16 11:00:00,Duitama,comedor,11,5,0.5306,0.42363364,0.10696635999999998,25.24973229227027,1.2524973229227028,moderada,consumo_fin_semana_alto
2025-08-16 12:00:00,Chiquinquirá,oficinas,12,5,1.1851,0.8305676,0.3545324000000001,42.685556238890136,1.4268555623889014,critica,consumo_fin_semana_alto
2025-08-16 12:00:00,Duitama,comedor,12,5,1.1278,0.97311735,0.15468264999999992,15.895580322352687,1.1589558032235268,moderada,consumo_fin_semana_alto
2025-08-16 12:00:00,Tunja,comedor,12,5,0.6555,0.51072073,0.14477927000000002,28.348030830861326,1.2834803083086133,moderada,consumo_fin_semana_alto
2025-08-16 13:00:00,Duitama,comedor,13,5,1.1365,0.9522369,0.1842631,19.35055236779839,1.193505523677984,moderada,consumo_fin_semana_alto
2025-08-16 13:00:00,Duitama,laboratorios,13,5,5.6308,4.801507,0.8292929999999998,17.271514963947773,1.1727151496394776,moderada,consumo_fin_semana_alto
2025-08-16 13:00:00,Sogamoso,comedor,13,5,1.1283,0.94020927,0.1880907300000001,20.00519841715665,1.2000519841715664,moderada,consumo_fin_semana_alto
2025-08-16 13:00:00,Sogamoso,laboratorios,13,5,5.9399,5.1132536,0.8266463999999996,16.166739705615218,1.1616673970561522,moderada,consumo_fin_semana_alto
2025-08-16 13:00:00,Tunja,comedor,13,5,0.625,0.48019883,0.14480116999999998,30.15441957657414,1.3015441957657414,critica,consumo_fin_semana_alto
2025-08-16 13:00:00,Tunja,laboratorios,13,5,2.1941,1.8916749,0.3024251000000002,15.987160373064116,1.1598716037306411,moderada,consumo_fin_semana_alto
2025-08-16 14:00:00,Duitama,salones,14,5,0.5055,0.4246752,0.08082479999999997,19.032145036960006,1.1903214503696,moderada,consumo_fin_semana_alto
2025-08-16 14:00:00,Sogamoso,laboratorios,14,5,5.2314,4.3704824,0.8609175999999996,19.698457085652596,1.1969845708565259,moderada,consumo_fin_semana_alto
2025-08-16 14:00:00,Sogamoso,oficinas,14,5,0.838,0.6697746,0.16822539999999997,25.116718370627964,1.2511671837062797,moderada,consumo_fin_semana_alto
2025-08-16 15:00:00,Chiquinquirá,laboratorios,15,5,1.1616,0.9229421,0.23865789999999998,25.858382665608165,1.2585838266560816,moderada,consumo_fin_semana_alto
2025-08-16 15:00:00,Duitama,comedor,15,5,0.5279,0.4136109,0.11428910000000003,27.632032908223653,1.2763203290822365,moderada,consumo_fin_semana_alto
2025-08-16 15:00:00,Sogamoso,comedor,15,5,0.5028,0.41217902,0.09062098000000002,21.98583033168452,1.2198583033168453,moderada,consumo_fin_semana_alto
2025-08-16 15:00:00,Tunja,laboratorios,15,5,2.4817,1.900359,0.5813410000000001,30.591114626236422,1.3059111462623643,critica,consumo_fin_semana_alto
2025-08-16 16:00:00,Duitama,salones,16,5,0.5005,0.42834598,0.07215401999999993,16.84479915044374,1.1684479915044375,moderada,consumo_fin_semana_alto
2025-08-16 16:00:00,Sogamoso,laboratorios,16,5,6.0431,5.1678085,0.8752915000000003,16.9373826448871,1.1693738264488711,moderada,consumo_fin_semana_alto
2025-08-16 17:00:00,Duitama,oficinas,17,5,0.8752,0.66740555,0.20779444999999996,31.134660177758477,1.3113466017775848,critica,consumo_fin_semana_alto
2025-08-16 17:00:00,Sogamoso,comedor,17,5,0.5167,0.43102515,0.08567485000000002,19.876995576708232,1.1987699557670823,moderada,consumo_fin_semana_alto
2025-08-16 19:00:00,Duitama,oficinas,19,5,0.9671,0.82853955,0.13856044999999995,16.72345635160083,1.1672345635160084,moderada,consumo_fin_semana_alto
2025-08-16 19:00:00,Sogamoso,comedor,19,5,0.5224,0.4473658,0.0750342,16.772448855053295,1.167724488550533,moderada,consumo_fin_semana_alto
2025-08-16 20:00:00,Duitama,comedor,20,5,0.517,0.44824544,0.06875456000000002,15.338596640269229,1.1533859664026922,moderada,consumo_fin_semana_alto
2025-08-16 20:00:00,Sogamoso,oficinas,20,5,0.961,0.81586576,0.14513423999999997,17.78898528601077,1.1778898528601078,moderada,consumo_fin_semana_alto
2025-08-16 22:00:00,Duitama,comedor,22,5,0.524,0.45362955,0.07037045000000003,15.51275705032885,1.1551275705032884,moderada,consumo_fin_semana_alto
2025-08-16 23:00:00,Duitama,oficinas,23,5,0.9804,0.8320352,0.14836480000000007,17.831553280438143,1.1783155328043815,moderada,consumo_fin_semana_alto
2025-08-17 00:00:00,Sogamoso,oficinas,0,6,0.9432,0.8197687,0.12343130000000002,15.056844692899354,1.1505684469289936,moderada,consumo_nocturno_alto
2025-08-17 09:00:00,Sogamoso,oficinas,9,6,0.9758,0.8196582,0.1561418,19.049623367398752,1.1904962336739875,moderada,consumo_fin_semana_alto
2025-08-17 11:00:00,Chiquinquirá,laboratorios,11,6,0.6627,0.532758,0.129942,24.39043618303245,1.2439043618303245,moderada,consumo_fin_semana_alto
2025-08-17 13:00:00,Sogamoso,oficinas,13,6,0.9091,0.75926745,0.14983255000000006,19.733830286021096,1.197338302860211,moderada,consumo_fin_semana_alto
2025-08-17 14:00:00,Sogamoso,oficinas,14,6,0.953,0.7697634,0.18323659999999997,23.80427544359734,1.2380427544359733,moderada,consumo_fin_semana_alto
2025-08-17 15:00:00,Duitama,oficinas,15,6,0.9941,0.82964283,0.16445716999999993,19.822647054034075,1.1982264705403407,moderada,consumo_fin_semana_alto
2025-08-17 16:00:00,Sogamoso,oficinas,16,6,0.8914,0.77462995,0.11677004999999996,15.07430096138162,1.1507430096138163,moderada,consumo_fin_semana_alto
2025-08-17 17:00:00,Sogamoso,oficinas,17,6,0.9574,0.8263301,0.13106990000000007,15.861687720198029,1.1586168772019803,moderada,consumo_fin_semana_alto
2025-08-17 18:00:00,Duitama,salones,18,6,0.5002,0.40555787,0.09464212999999999,23.3362824397909,1.233362824397909,moderada,consumo_fin_semana_alto
2025-08-17 19:00:00,Sogamoso,oficinas,19,6,0.9664,0.82481223,0.14158777,17.166060934862713,1.171660609348627,moderada,consumo_fin_semana_alto
2025-08-17 20:00:00,Duitama,salones,20,6,0.5027,0.42381534,0.07888466000000005,18.61297894502829,1.186129789450283,moderada,consumo_fin_semana_alto
2025-08-17 20:00:00,Duitama,oficinas,20,6,0.9925,0.8270828,0.16541720000000004,20.000077380402548,1.2000007738040255,moderada,consumo_fin_semana_alto
2025-08-17 22:00:00,Duitama,salones,22,6,0.5038,0.42736894,0.07643106000000005,17.884093308231538,1.1788409330823153,moderada,consumo_fin_semana_alto
2025-08-17 22:00:00,Sogamoso,oficinas,22,6,0.9822,0.8208834,0.16131659999999992,19.651585109407733,1.1965158510940774,moderada,consumo_fin_semana_alto
2025-08-18 00:00:00,Sogamoso,comedor,0,0,0.5235,0.44942918,0.07407081999999998,16.481088299607066,1.1648108829960706,moderada,consumo_nocturno_alto
2025-08-18 01:00:00,Chiquinquirá,laboratorios,1,0,0.6575,0.5694065,0.08809349999999994,15.471108952918508,1.154711089529185,moderada,consumo_nocturno_alto
2025-08-18 01:00:00,Duitama,salones,1,0,0.5044,0.4204117,0.08398829999999996,19.97763145031405,1.1997763145031406,moderada,consumo_nocturno_alto
2025-08-18 03:00:00,Chiquinquirá,laboratorios,3,0,0.6788,0.58923894,0.08956105999999997,15.199446934040031,1.1519944693404003,moderada,consumo_nocturno_alto
2025-08-18 04:00:00,Duitama,comedor,4,0,0.5409,0.44797057,0.09292943000000004,20.74453908880667,1.2074453908880667,moderada,consumo_nocturno_alto
2025-08-18 04:00:00,Sogamoso,comedor,4,0,0.5001,0.43189374,0.06820625999999996,15.792370595600659,1.1579237059560066,moderada,consumo_nocturno_alto
2025-08-18 05:00:00,Duitama,salones,5,0,0.5047,0.43246955,0.07223045000000006,16.70185796895991,1.167018579689599,moderada,consumo_nocturno_alto
2025-08-18 07:00:00,Chiquinquirá,oficinas,7,0,2.6547,2.3011506,0.3535493999999999,15.364027021960228,1.1536402702196022,moderada,consumo_pico_excesivo
2025-08-18 08:00:00,Duitama,comedor,8,0,0.5294,0.42792642,0.10147358000000001,23.712856990694807,1.237128569906948,moderada,consumo_pico_excesivo
2025-08-18 09:00:00,Chiquinquirá,laboratorios,9,0,1.1733,1.0113028,0.16199720000000006,16.018664241807702,1.1601866424180771,moderada,consumo_pico_excesivo
2025-08-18 09:00:00,Sogamoso,oficinas,9,0,5.8541,5.0029807,0.8511192999999997,17.012244320670668,1.1701224432067068,moderada,consumo_pico_excesivo
2025-08-18 09:00:00,Tunja,oficinas,9,0,2.3971,1.381845,1.015255,73.47097539883272,1.7347097539883272,critica,consumo_pico_excesivo
2025-08-18 11:00:00,Duitama,laboratorios,11,0,6.1886,5.3569098,0.8316901999999997,15.525559157258902,1.155255591572589,moderada,consumo_pico_excesivo
2025-08-18 11:00:00,Sogamoso,comedor,11,0,0.5245,0.43678603,0.08771396999999997,20.081679352244848,1.2008167935224485,moderada,consumo_pico_excesivo
2025-08-18 11:00:00,Tunja,oficinas,11,0,2.8369,2.466817,0.37008300000000016,15.002450526326038,1.1500245052632603,moderada,consumo_pico_excesivo
2025-08-18 12:00:00,Duitama,comedor,12,0,1.2376,1.0546591,0.18294089999999996,17.3459746376815,1.173459746376815,moderada,consumo_fuera_patron
2025-08-18 12:00:00,Duitama,oficinas,12,0,5.9643,4.9416256,1.0226743999999997,20.69510081864558,1.2069510081864558,moderada,consumo_fuera_patron
2025-08-18 12:00:00,Tunja,comedor,12,0,0.6628,0.527064,0.13573599999999997,25.753229209355975,1.2575322920935597,moderada,consumo_fuera_patron
2025-08-18 12:00:00,Tunja,oficinas,12,0,2.5827,2.2252963,0.3574036999999999,16.060948827353908,1.1606094882735392,moderada,consumo_fuera_patron
2025-08-18 13:00:00,Sogamoso,comedor,13,0,1.1779,0.97124624,0.2066537599999999,21.277174777016373,1.2127717477701638,moderada,consumo_fuera_patron
2025-08-18 13:00:00,Tunja,comedor,13,0,0.6452,0.5558552,0.0893448,16.073394653859495,1.1607339465385949,moderada,consumo_fuera_patron
2025-08-18 14:00:00,Duitama,comedor,14,0,0.5398,0.4286519,0.11114809999999997,25.929687935595286,1.259296879355953,moderada,consumo_pico_excesivo
2025-08-18 16:00:00,Chiquinquirá,oficinas,16,0,1.9824,1.6927546,0.28964539999999994,17.110891324708255,1.1711089132470827,moderada,consumo_pico_excesivo
2025-08-18 16:00:00,Duitama,comedor,16,0,0.5122,0.4370448,0.07515519999999998,17.19622336199858,1.1719622336199857,moderada,consumo_pico_excesivo
2025-08-18 16:00:00,Duitama,oficinas,16,0,5.7767,4.8695774,0.9071226000000001,18.628363931539525,1.1862836393153953,moderada,consumo_pico_excesivo
2025-08-18 16:00:00,Tunja,oficinas,16,0,2.9373,2.2729588,0.6643412,29.228035281589793,1.292280352815898,moderada,consumo_pico_excesivo
2025-08-18 17:00:00,Duitama,comedor,17,0,0.5294,0.4440892,0.08531079999999996,19.210284780625145,1.1921028478062514,moderada,consumo_pico_excesivo
2025-08-18 17:00:00,Sogamoso,comedor,17,0,0.5043,0.43077907,0.07352092999999998,17.066968922143776,1.1706696892214377,moderada,consumo_pico_excesivo
2025-08-18 21:00:00,Sogamoso,comedor,21,0,0.5116,0.44055647,0.07104353000000008,16.12586236674724,1.1612586236674725,moderada,consumo_fuera_patron
2025-08-19 01:00:00,Chiquinquirá,laboratorios,1,1,0.6836,0.5881818,0.09541820000000001,16.222569280450365,1.1622256928045036,moderada,consumo_nocturno_alto
2025-08-19 02:00:00,Duitama,comedor,2,1,0.5193,0.44493234,0.07436766,16.714375044079738,1.1671437504407973,moderada,consumo_nocturno_alto
2025-08-19 03:00:00,Duitama,comedor,3,1,0.5254,0.4443673,0.08103269999999996,18.235522730857998,1.18235522730858,moderada,consumo_nocturno_alto
2025-08-19 03:00:00,Sogamoso,comedor,3,1,0.529,0.4524772,0.0765228,16.91196816104767,1.1691196816104767,moderada,consumo_nocturno_alto
2025-08-19 04:00:00,Duitama,comedor,4,1,0.5225,0.44797057,0.07452942999999995,16.637126407656634,1.1663712640765664,moderada,consumo_nocturno_alto
2025-08-19 06:00:00,Duitama,comedor,6,1,0.5318,0.44413233,0.08766767000000003,19.73908767236108,1.1973908767236108,moderada,consumo_nocturno_alto
2025-08-19 06:00:00,Sogamoso,comedor,6,1,0.526,0.45539144,0.07060856000000004,15.505025742249359,1.1550502574224937,moderada,consumo_nocturno_alto
2025-08-19 07:00:00,Duitama,comedor,7,1,0.5045,0.42325047,0.08124952999999996,19.196559899862596,1.191965598998626,moderada,consumo_pico_excesivo
2025-08-19 08:00:00,Duitama,comedor,8,1,0.5419,0.4495678,0.09233220000000003,20.537992267239787,1.2053799226723978,moderada,consumo_pico_excesivo
2025-08-19 08:00:00,Duitama,salones,8,1,0.5016,0.4309568,0.07064320000000007,16.392176663647046,1.1639217666364705,moderada,consumo_pico_excesivo
2025-08-19 08:00:00,Sogamoso,comedor,8,1,0.5058,0.43960193,0.06619807000000005,15.058639528720919,1.150586395287209,moderada,consumo_pico_excesivo
2025-08-19 09:00:00,Chiquinquirá,laboratorios,9,1,0.9623,0.7991169,0.16318310000000003,20.42042910117406,1.2042042910117405,moderada,consumo_pico_excesivo
2025-08-19 09:00:00,Duitama,comedor,9,1,0.5352,0.4517138,0.08348620000000001,18.482100834643532,1.1848210083464352,moderada,consumo_pico_excesivo
2025-08-19 09:00:00,Duitama,comedor,9,1,0.5352,0.4517138,0.08348620000000001,18.482100834643532,1.1848210083464352,moderada,consumo_pico_excesivo
2025-08-19 09:00:00,Sogamoso,comedor,9,1,0.5279,0.44429407,0.08360593000000005,18.817701078027007,1.18817701078027,moderada,consumo_pico_excesivo
2025-08-19 10:00:00,Tunja,laboratorios,10,1,2.5692,2.0414464,0.5277536,25.851944973916535,1.2585194497391654,moderada,consumo_pico_excesivo
2025-08-19 11:00:00,Chiquinquirá,laboratorios,11,1,1.0755,0.9093958,0.16610419999999992,18.26533617155478,1.1826533617155477,moderada,consumo_pico_excesivo
2025-08-19 11:00:00,Tunja,laboratorios,11,1,2.1733,1.8707055,0.3025944999999999,16.17542151877994,1.1617542151877993,moderada,consumo_pico_excesivo
2025-08-19 12:00:00,Duitama,comedor,12,1,1.2538,0.8932891,0.3605109000000001,40.35769606950315,1.4035769606950315,critica,consumo_fuera_patron
2025-08-19 13:00:00,Sogamoso,laboratorios,13,1,6.3988,5.5542192,0.8445807999999992,15.206112139038359,1.1520611213903835,moderada,consumo_fuera_patron
2025-08-19 13:00:00,Tunja,comedor,13,1,0.6226,0.5084188,0.1141812000000001,22.458099503794923,1.2245809950379491,moderada,consumo_fuera_patron
2025-08-19 13:00:00,Tunja,oficinas,13,1,2.3492,2.0292654,0.3199346000000003,15.766030406865475,1.1576603040686548,moderada,consumo_fuera_patron
2025-08-19 14:00:00,Duitama,comedor,14,1,0.5378,0.436636,0.10116399999999992,23.168955377018825,1.2316895537701882,moderada,consumo_pico_excesivo
2025-08-19 14:00:00,Duitama,oficinas,14,1,5.4283,4.6743326,0.7539674000000005,16.12994762075768,1.1612994762075768,moderada,consumo_pico_excesivo
2025-08-19 15:00:00,Chiquinquirá,laboratorios,15,1,1.1175,0.94097286,0.17652713999999992,18.760067107567792,1.187600671075678,moderada,consumo_pico_excesivo
2025-08-19 16:00:00,Chiquinquirá,oficinas,16,1,2.0693,1.7140664,0.35523360000000004,20.724611368614426,1.2072461136861443,moderada,consumo_pico_excesivo
2025-08-19 16:00:00,Tunja,oficinas,16,1,2.5133,2.1754434,0.3378566000000003,15.530470707718727,1.1553047070771874,moderada,consumo_pico_excesivo
2025-08-19 17:00:00,Sogamoso,comedor,17,1,0.5075,0.4236121,0.08388789999999996,19.802999017261303,1.198029990172613,moderada,consumo_pico_excesivo
2025-08-19 18:00:00,Duitama,comedor,18,1,0.5353,0.44970497,0.08559503000000002,19.033596626695058,1.1903359662669506,moderada,consumo_fuera_patron
2025-08-19 19:00:00,Sogamoso,comedor,19,1,0.533,0.45695361,0.07604639000000002,16.642037251877717,1.1664203725187772,moderada,consumo_fuera_patron
2025-08-19 21:00:00,Duitama,comedor,21,1,0.5175,0.4441208,0.07337919999999998,16.522351576417943,1.1652235157641795,moderada,consumo_fuera_patron
2025-08-19 23:00:00,Duitama,oficinas,23,1,0.9861,0.8401001,0.14599989999999996,17.37886949424241,1.173788694942424,moderada,consumo_fuera_patron
2025-08-20 02:00:00,Duitama,comedor,2,2,0.518,0.44004285,0.07795715000000003,17.715808812709952,1.1771580881270995,moderada,consumo_nocturno_alto
2025-08-20 09:00:00,Duitama,comedor,9,2,0.5178,0.45011103,0.06768897000000001,15.038282887668853,1.1503828288766884,moderada,consumo_pico_excesivo
2025-08-20 09:00:00,Sogamoso,laboratorios,9,2,6.3727,5.4637165,0.9089834999999997,16.636725203439813,1.1663672520343982,moderada,consumo_pico_excesivo
2025-08-20 10:00:00,Tunja,laboratorios,10,2,2.4689,2.1402025,0.3286975000000001,15.358242969999338,1.1535824296999935,moderada,consumo_pico_excesivo
2025-08-20 11:00:00,Chiquinquirá,laboratorios,11,2,1.0394,0.8885895,0.15081050000000007,16.971897597259485,1.1697189759725948,moderada,consumo_pico_excesivo
2025-08-20 12:00:00,Chiquinquirá,laboratorios,12,2,1.1989,1.0031395,0.1957605,19.514783337711254,1.1951478333771126,moderada,consumo_fuera_patron
2025-08-20 12:00:00,Chiquinquirá,oficinas,12,2,2.3719,1.8791914,0.49270860000000005,26.219181292549553,1.2621918129254954,moderada,consumo_fuera_patron
2025-08-20 12:00:00,Duitama,comedor,12,2,1.1436,0.97136027,0.17223972999999992,17.731807169753804,1.177318071697538,moderada,consumo_fuera_patron
2025-08-20 13:00:00,Tunja,comedor,13,2,0.6331,0.53030145,0.10279855000000004,19.38492719565448,1.1938492719565448,moderada,consumo_fuera_patron
2025-08-20 13:00:00,Tunja,oficinas,13,2,2.2228,1.8003176,0.4224823999999998,23.467103804350955,1.2346710380435095,moderada,consumo_fuera_patron
2025-08-20 14:00:00,Sogamoso,comedor,14,2,0.5169,0.44031277,0.07658723,17.39382439441854,1.1739382439441854,moderada,consumo_pico_excesivo
2025-08-20 15:00:00,Chiquinquirá,laboratorios,15,2,1.1342,0.87688303,0.2573169700000001,29.34450333700723,1.2934450333700722,moderada,consumo_pico_excesivo
2025-08-20 15:00:00,Sogamoso,comedor,15,2,0.5209,0.442231,0.07866900000000004,17.789119261200607,1.1778911926120061,moderada,consumo_pico_excesivo
2025-08-20 15:00:00,Sogamoso,oficinas,15,2,5.8484,4.902333,0.9460670000000002,19.29830144137496,1.1929830144137497,moderada,consumo_pico_excesivo
2025-08-20 16:00:00,Duitama,comedor,16,2,0.532,0.44754523,0.08445477000000001,18.870666993814236,1.1887066699381423,moderada,consumo_pico_excesivo
2025-08-20 16:00:00,Sogamoso,comedor,16,2,0.5111,0.4374899,0.07361010000000001,16.82555414422139,1.168255541442214,moderada,consumo_pico_excesivo
2025-08-20 16:00:00,Sogamoso,oficinas,16,2,5.3075,4.5373225,0.7701775,16.97427282279362,1.1697427282279362,moderada,consumo_pico_excesivo
2025-08-20 18:00:00,Duitama,comedor,18,2,0.5279,0.4414298,0.08647020000000005,19.588663927990375,1.1958866392799037,moderada,consumo_fuera_patron
2025-08-20 21:00:00,Sogamoso,comedor,21,2,0.5326,0.45410028,0.07849971999999994,17.286868882793893,1.172868688827939,moderada,consumo_fuera_patron
2025-08-20 21:00:00,Tunja,laboratorios,21,2,5.521784455370768,2.5627947,2.958989755370768,115.45949253643954,2.1545949253643952,critica,consumo_fuera_patron
2025-08-20 22:00:00,Sogamoso,oficinas,22,2,0.9821,0.82362986,0.15847013999999993,19.24045590090674,1.1924045590090675,moderada,consumo_fuera_patron
2025-08-20 23:00:00,Duitama,oficinas,23,2,0.9833,0.8492888,0.1340112,15.779226100709206,1.157792261007092,moderada,consumo_fuera_patron
2025-08-21 01:00:00,Duitama,comedor,1,3,0.534,0.4464551,0.08754490000000004,19.608892361180338,1.1960889236118033,moderada,consumo_nocturno_alto
2025-08-21 02:00:00,Sogamoso,comedor,2,3,0.5102,0.4376086,0.07259139999999997,16.588202334232,1.16588202334232,moderada,consumo_nocturno_alto
2025-08-21 03:00:00,Duitama,comedor,3,3,0.5268,0.4464551,0.08034490000000005,17.99618819451274,1.1799618819451274,moderada,consumo_nocturno_alto
2025-08-21 03:00:00,Sogamoso,comedor,3,3,0.5131,0.4328175,0.08028249999999998,18.54881098846511,1.185488109884651,moderada,consumo_nocturno_alto
2025-08-21 04:00:00,Duitama,comedor,4,3,0.5141,0.44150287,0.07259713000000001,16.4431841632196,1.164431841632196,moderada,consumo_nocturno_alto
2025-08-21 04:00:00,Sogamoso,oficinas,4,3,0.9439,0.81321913,0.13068086999999995,16.069576474424544,1.1606957647442455,moderada,consumo_nocturno_alto
2025-08-21 08:00:00,Chiquinquirá,laboratorios,8,3,2.3655,2.0190165,0.3464834999999997,17.161003884812217,1.171610038848122,moderada,consumo_pico_excesivo
2025-08-21 08:00:00,Duitama,comedor,8,3,1.0697,0.7618745,0.3078255000000001,40.4037016595253,1.404037016595253,critica,consumo_pico_excesivo
2025-08-21 08:00:00,Duitama,salones,8,3,8.8748,7.6215606,1.253239400000001,16.44334363752223,1.1644334363752222,moderada,consumo_pico_excesivo
2025-08-21 08:00:00,Sogamoso,comedor,8,3,0.9761,0.771724,0.204376,26.483043160508164,1.2648304316050816,moderada,consumo_pico_excesivo
2025-08-21 08:00:00,Tunja,salones,8,3,3.6451,3.0890892,0.5560107999999997,17.99918241273187,1.1799918241273186,moderada,consumo_pico_excesivo
2025-08-21 09:00:00,Sogamoso,comedor,9,3,0.9177,0.79616725,0.12153274999999997,15.264726098693455,1.1526472609869345,moderada,consumo_pico_excesivo
2025-08-21 09:00:00,Tunja,comedor,9,3,0.6078,0.42095166,0.18684834,44.38712511550614,1.4438712511550613,critica,consumo_pico_excesivo
2025-08-21 10:00:00,Chiquinquirá,oficinas,10,3,3.4491,2.806111,0.642989,22.91388330682571,1.229138833068257,moderada,consumo_pico_excesivo
2025-08-21 12:00:00,Chiquinquirá,laboratorios,12,3,1.213,0.9994917,0.2135083000000001,21.361688146084663,1.2136168814608466,moderada,consumo_fuera_patron
2025-08-21 12:00:00,Sogamoso,laboratorios,12,3,6.1648,4.752937,1.4118629999999994,29.70506446855911,1.2970506446855912,moderada,consumo_fuera_patron
2025-08-21 14:00:00,Chiquinquirá,salones,14,3,4.1833,3.60794,0.5753599999999999,15.947050117241412,1.1594705011724142,moderada,consumo_pico_excesivo
2025-08-21 17:00:00,Tunja,comedor,17,3,0.7026,0.59768677,0.10491322999999997,17.55321269701184,1.1755321269701184,moderada,consumo_pico_excesivo
2025-08-21 17:00:00,Tunja,oficinas,17,3,3.0509,2.6115766,0.43932340000000014,16.822152564852978,1.1682215256485298,moderada,consumo_pico_excesivo
2025-08-21 18:00:00,Sogamoso,salones,18,3,3.0064,2.5486312,0.4577688000000002,17.96135902283548,1.1796135902283549,moderada,consumo_fuera_patron
2025-08-21 18:00:00,Tunja,oficinas,18,3,1.2482,0.90850514,0.33969485999999993,37.39052703653387,1.3739052703653387,critica,consumo_fuera_patron
2025-08-21 19:00:00,Duitama,salones,19,3,3.1442,2.7287507,0.41544930000000013,15.224890276711614,1.1522489027671161,moderada,consumo_fuera_patron
2025-08-21 19:00:00,Sogamoso,salones,19,3,3.2515,2.8268347,0.4246653,15.022643524221632,1.1502264352422162,moderada,consumo_fuera_patron
2025-08-21 19:00:00,Tunja,salones,19,3,1.4079,1.1753873,0.23251270000000002,19.781794477445864,1.1978179447744586,moderada,consumo_fuera_patron
2025-08-21 22:00:00,Sogamoso,oficinas,22,3,0.973,0.8181927,0.15480729999999998,18.920640577702535,1.1892064057770253,moderada,consumo_fuera_patron
2025-08-21 23:00:00,Duitama,comedor,23,3,0.5355,0.4419211,0.09357889999999996,21.175476798912737,1.2117547679891274,moderada,consumo_fuera_patron
2025-08-22 01:00:00,Duitama,comedor,1,4,0.537,0.44471195,0.09228805000000001,20.752320687582156,1.2075232068758215,moderada,consumo_nocturno_alto
2025-08-22 02:00:00,Sogamoso,comedor,2,4,0.5148,0.4359114,0.07888860000000003,18.097393185863005,1.18097393185863,moderada,consumo_nocturno_alto
2025-08-22 03:00:00,Duitama,salones,3,4,0.5019,0.4265981,0.07530190000000003,17.65171949898512,1.1765171949898512,moderada,consumo_nocturno_alto
2025-08-22 03:00:00,Sogamoso,comedor,3,4,0.5259,0.44281852,0.08308148000000004,18.761970479464146,1.1876197047946415,moderada,consumo_nocturno_alto
2025-08-22 09:00:00,Chiquinquirá,laboratorios,9,4,2.2655,1.9456924,0.31980759999999986,16.43669883276513,1.1643669883276513,moderada,consumo_pico_excesivo
2025-08-22 09:00:00,Duitama,comedor,9,4,1.0474,0.8433245,0.20407550000000008,24.19892935637469,1.2419892935637469,moderada,consumo_pico_excesivo
2025-08-22 09:00:00,Tunja,salones,9,4,3.5852,3.0614579,0.5237420999999998,17.10760419080072,1.1710760419080073,moderada,consumo_pico_excesivo
2025-08-22 10:00:00,Tunja,comedor,10,4,0.5688,0.4465936,0.12220639999999999,27.36411807065753,1.2736411807065753,moderada,consumo_pico_excesivo
2025-08-22 10:00:00,Tunja,salones,10,4,3.6385,3.013062,0.6254379999999999,20.757554939128365,1.2075755493912836,moderada,consumo_pico_excesivo
2025-08-22 12:00:00,Sogamoso,comedor,12,4,3.4295,2.8693192,0.5601807999999999,19.52312590387294,1.1952312590387295,moderada,consumo_fuera_patron
2025-08-22 13:00:00,Sogamoso,salones,13,4,1.7277,1.2258197,0.5018803000000001,40.94242407753767,1.4094242407753768,critica,consumo_fuera_patron
2025-08-22 13:00:00,Tunja,salones,13,4,0.6657,0.5047481,0.16095189999999993,31.887569264748084,1.3188756926474807,critica,consumo_fuera_patron
2025-08-22 15:00:00,Chiquinquirá,oficinas,15,4,2.1172,1.6446966,0.4725033999999999,28.72890963597784,1.2872890963597783,moderada,consumo_pico_excesivo
2025-08-22 15:00:00,Duitama,laboratorios,15,4,9.7556,8.464306,1.2912939999999988,15.255757530505143,1.1525575753050514,moderada,consumo_pico_excesivo
2025-08-22 15:00:00,Sogamoso,comedor,15,4,0.5305,0.45530266,0.07519733999999995,16.515901752034555,1.1651590175203457,moderada,consumo_pico_excesivo
2025-08-22 15:00:00,Sogamoso,laboratorios,15,4,11.4416,8.965168,2.476431999999999,27.622817553446836,1.2762281755344684,moderada,consumo_pico_excesivo
2025-08-22 16:00:00,Duitama,comedor,16,4,1.2891,1.1125636,0.17653639999999982,15.867533325735247,1.1586753332573525,moderada,consumo_pico_excesivo
2025-08-22 16:00:00,Tunja,comedor,16,4,0.7305,0.6059815,0.12451850000000009,20.54823455831574,1.2054823455831574,moderada,consumo_pico_excesivo
2025-08-22 16:00:00,Tunja,laboratorios,16,4,3.9991,3.3897605,0.6093394999999999,17.975886496995876,1.1797588649699589,moderada,consumo_pico_excesivo
2025-08-22 17:00:00,Duitama,comedor,17,4,1.4264,1.1193948,0.30700519999999987,27.425998405566997,1.2742599840556699,moderada,consumo_pico_excesivo
2025-08-22 17:00:00,Sogamoso,comedor,17,4,1.2881,1.0407631,0.24733690000000008,23.764956693795167,1.2376495669379517,moderada,consumo_pico_excesivo
2025-08-22 17:00:00,Sogamoso,salones,17,4,3.9848,3.395143,0.5896569999999999,17.36766315881245,1.1736766315881246,moderada,consumo_pico_excesivo
2025-08-22 18:00:00,Chiquinquirá,oficinas,18,4,1.1101,0.88291353,0.22718647000000014,25.731451867092826,1.2573145186709282,moderada,consumo_fuera_patron
2025-08-22 18:00:00,Duitama,salones,18,4,2.8313,2.386156,0.445144,18.65527652005988,1.1865527652005987,moderada,consumo_fuera_patron
2025-08-22 18:00:00,Tunja,oficinas,18,4,1.1368,0.9586688,0.17813120000000005,18.581099124118783,1.1858109912411878,moderada,consumo_fuera_patron
2025-08-22 19:00:00,Sogamoso,salones,19,4,3.2276,2.3399436,0.8876564,37.93494851756257,1.3793494851756256,critica,consumo_fuera_patron
2025-08-22 19:00:00,Sogamoso,oficinas,19,4,2.4928,1.5906414,0.9021585999999999,56.71665530646944,1.5671665530646945,critica,consumo_fuera_patron
2025-08-22 20:00:00,Duitama,salones,20,4,3.9913,2.9037075,1.0875925,37.45530498509233,1.3745530498509233,critica,consumo_fuera_patron
2025-08-22 20:00:00,Tunja,salones,20,4,1.1704,0.9890035,0.18139650000000007,18.341340551373182,1.1834134055137318,moderada,consumo_fuera_patron
2025-08-22 22:00:00,Duitama,oficinas,22,4,0.9937,0.8470569,0.14664310000000003,17.31207195171895,1.1731207195171895,moderada,consumo_fuera_patron
2025-08-22 22:00:00,Sogamoso,comedor,22,4,0.5288,0.43179885,0.09700115000000004,22.464429907583135,1.2246442990758313,moderada,consumo_fuera_patron
2025-08-22 23:00:00,Duitama,comedor,23,4,0.54,0.43728647,0.10271353000000005,23.48884245149411,1.2348884245149412,moderada,consumo_fuera_patron
2025-08-22 23:00:00,Sogamoso,comedor,23,4,0.5081,0.4323259,0.07577410000000001,17.527078530340194,1.175270785303402,moderada,consumo_fuera_patron
2025-08-23 00:00:00,Sogamoso,comedor,0,5,0.5112,0.4408148,0.07038519999999998,15.967068256328956,1.1596706825632896,moderada,consumo_nocturno_alto
2025-08-23 01:00:00,Duitama,comedor,1,5,0.5208,0.44128343,0.07951657000000006,18.01938722240263,1.1801938722240264,moderada,consumo_nocturno_alto
2025-08-23 01:00:00,Duitama,oficinas,1,5,0.9557,0.8182179,0.13748209999999994,16.802626781936684,1.168026267819367,moderada,consumo_nocturno_alto
2025-08-23 02:00:00,Duitama,oficinas,2,5,0.9977,0.8441346,0.15356540000000007,18.192051362424912,1.1819205136242492,moderada,consumo_nocturno_alto
2025-08-23 02:00:00,Sogamoso,comedor,2,5,0.5204,0.43258113,0.08781887,20.301132876508042,1.2030113287650803,moderada,consumo_nocturno_alto
2025-08-23 03:00:00,Duitama,comedor,3,5,0.529,0.4448786,0.08412140000000001,18.90884389584035,1.1890884389584035,moderada,consumo_nocturno_alto
2025-08-23 04:00:00,Sogamoso,oficinas,4,5,0.9692,0.82045996,0.14874003999999996,18.128860304164014,1.18128860304164,moderada,consumo_nocturno_alto
2025-08-23 07:00:00,Chiquinquirá,salones,7,5,2.8265,2.2982187,0.5282812999999997,22.986554760867612,1.2298655476086762,moderada,consumo_fin_semana_alto
2025-08-23 07:00:00,Duitama,comedor,7,5,0.5213,0.44906396,0.07223604,16.085913463195755,1.1608591346319577,moderada,consumo_fin_semana_alto
2025-08-23 07:00:00,Sogamoso,comedor,7,5,0.5025,0.4225959,0.07990409999999992,18.907921255270086,1.1890792125527008,moderada,consumo_fin_semana_alto
2025-08-23 08:00:00,Sogamoso,oficinas,8,5,3.0357,2.253629,0.7820709999999997,34.70273944824102,1.3470273944824103,critica,consumo_fin_semana_alto
2025-08-23 09:00:00,Chiquinquirá,oficinas,9,5,1.3623,1.1296555,0.23264450000000014,20.59428737345148,1.2059428737345148,moderada,consumo_fin_semana_alto
2025-08-23 10:00:00,Chiquinquirá,oficinas,10,5,1.2828,1.0880986,0.19470140000000002,17.893727645638,1.17893727645638,moderada,consumo_fin_semana_alto
2025-08-23 10:00:00,Sogamoso,oficinas,10,5,2.8839,2.3889966,0.4949034000000001,20.715952463054997,1.20715952463055,moderada,consumo_fin_semana_alto
2025-08-23 11:00:00,Sogamoso,comedor,11,5,0.5286,0.44312406,0.08547593999999997,19.289392681588982,1.1928939268158898,moderada,consumo_fin_semana_alto
2025-08-23 11:00:00,Sogamoso,oficinas,11,5,2.7028,2.227717,0.4750829999999997,21.326003258043983,1.21326003258044,moderada,consumo_fin_semana_alto
2025-08-23 12:00:00,Duitama,salones,12,5,5.0138,3.9573965,1.0564034999999996,26.694406284535795,1.2669440628453579,moderada,consumo_fin_semana_alto
2025-08-23 13:00:00,Chiquinquirá,comedor,13,5,0.5378,0.44054016,0.09725983999999993,22.077406064409637,1.2207740606440964,moderada,consumo_fin_semana_alto
2025-08-23 13:00:00,Duitama,comedor,13,5,1.6539,1.4344819,0.21941809999999995,15.295982472835659,1.1529598247283566,moderada,consumo_fin_semana_alto
2025-08-23 13:00:00,Sogamoso,laboratorios,13,5,15.614199857861866,11.602962,4.011237857861866,34.57080922838381,1.345708092283838,critica,consumo_fin_semana_alto
2025-08-23 13:00:00,Tunja,comedor,13,5,0.8316,0.62374645,0.20785355000000005,33.32340408510542,1.3332340408510543,critica,consumo_fin_semana_alto
2025-08-23 15:00:00,Duitama,comedor,15,5,0.5263,0.41139448,0.11490551999999998,27.93073937209852,1.2793073937209851,moderada,consumo_fin_semana_alto
2025-08-23 16:00:00,Duitama,comedor,16,5,0.5239,0.41983238,0.10406762000000003,24.78789749375692,1.2478789749375692,moderada,consumo_fin_semana_alto
2025-08-23 16:00:00,Duitama,oficinas,16,5,0.9286,0.79281825,0.13578175000000003,17.12646624872725,1.1712646624872725,moderada,consumo_fin_semana_alto
2025-08-23 17:00:00,Duitama,comedor,17,5,0.522,0.42434898,0.09765102000000003,23.011960580180972,1.2301196058018098,moderada,consumo_fin_semana_alto
2025-08-23 17:00:00,Sogamoso,comedor,17,5,0.5171,0.41837224,0.09872776,23.598066640367914,1.2359806664036792,moderada,consumo_fin_semana_alto
2025-08-23 19:00:00,Duitama,comedor,19,5,0.5232,0.44534397,0.07785603000000002,17.48222390885859,1.1748222390885859,moderada,consumo_fin_semana_alto
2025-08-23 21:00:00,Duitama,comedor,21,5,0.5151,0.4375509,0.07754909999999998,17.72344657501561,1.1772344657501561,moderada,consumo_fin_semana_alto
2025-08-23 21:00:00,Sogamoso,comedor,21,5,0.5031,0.43704298,0.06605701999999997,15.114536332330509,1.151145363323305,moderada,consumo_fin_semana_alto
2025-08-24 00:00:00,Duitama,salones,0,6,0.5037,0.41400948,0.08969052000000005,21.663880740122195,1.216638807401222,moderada,consumo_nocturno_alto
2025-08-24 00:00:00,Duitama,oficinas,0,6,0.9612,0.8241108,0.13708920000000002,16.63480201934012,1.1663480201934011,moderada,consumo_nocturno_alto
2025-08-24 02:00:00,Duitama,oficinas,2,6,0.9713,0.82292765,0.14837235000000004,18.02981708051735,1.1802981708051734,moderada,consumo_nocturno_alto
2025-08-24 04:00:00,Duitama,oficinas,4,6,0.9957,0.83632034,0.15937966000000003,19.057250239782526,1.1905725023978253,moderada,consumo_nocturno_alto
2025-08-24 04:00:00,Sogamoso,oficinas,4,6,0.9718,0.82994515,0.14185484999999998,17.092075301602762,1.1709207530160275,moderada,consumo_nocturno_alto
2025-08-24 06:00:00,Duitama,oficinas,6,6,0.9966,0.8128661,0.1837339,22.603218414447348,1.2260321841444735,moderada,consumo_nocturno_alto
2025-08-24 06:00:00,Sogamoso,oficinas,6,6,0.9435,0.8012806,0.1422194,17.749013267012828,1.1774901326701284,moderada,consumo_nocturno_alto
2025-08-24 09:00:00,Sogamoso,oficinas,9,6,0.9496,0.79853886,0.15106114000000004,18.917193334836586,1.189171933348366,moderada,consumo_fin_semana_alto
2025-08-24 12:00:00,Sogamoso,oficinas,12,6,0.9387,0.7903123,0.1483877,18.77583076968434,1.1877583076968434,moderada,consumo_fin_semana_alto
2025-08-24 14:00:00,Sogamoso,oficinas,14,6,0.9079,0.74974024,0.1581597600000001,21.095274277928596,1.2109527427792859,moderada,consumo_fin_semana_alto
2025-08-24 16:00:00,Duitama,oficinas,16,6,0.9897,0.84990984,0.13979016,16.4476457879344,1.164476457879344,moderada,consumo_fin_semana_alto
2025-08-24 20:00:00,Duitama,oficinas,20,6,0.9375,0.7976044,0.1398956,17.539471948750535,1.1753947194875054,moderada,consumo_fin_semana_alto
2025-08-24 20:00:00,Sogamoso,oficinas,20,6,0.98,0.7991022,0.1808978,22.63763008035768,1.2263763008035768,moderada,consumo_fin_semana_alto
2025-08-24 21:00:00,Chiquinquirá,laboratorios,21,6,0.6867,0.5964914,0.09020859999999997,15.12320211154762,1.1512320211154763,moderada,consumo_fin_semana_alto
2025-08-24 22:00:00,Sogamoso,oficinas,22,6,0.9485,0.8058721,0.14262790000000003,17.69857772716043,1.1769857772716044,moderada,consumo_fin_semana_alto
2025-08-24 23:00:00,Duitama,oficinas,23,6,0.995,0.8409068,0.15409320000000004,18.324646679037446,1.1832464667903744,moderada,consumo_fin_semana_alto
2025-08-25 01:00:00,Duitama,comedor,1,0,0.5339,0.45629588,0.07760412000000005,17.007411945073898,1.170074119450739,moderada,consumo_nocturno_alto
2025-08-25 01:00:00,Sogamoso,comedor,1,0,0.535,0.43622518,0.09877482000000004,22.64308080519333,1.2264308080519333,moderada,consumo_nocturno_alto
2025-08-25 04:00:00,Sogamoso,oficinas,4,0,0.9296,0.79946625,0.13013374999999994,16.27757894720383,1.1627757894720383,moderada,consumo_nocturno_alto
2025-08-25 08:00:00,Sogamoso,comedor,8,0,0.833,0.70470583,0.12829416999999999,18.205351018594524,1.1820535101859453,moderada,consumo_pico_excesivo
2025-08-25 09:00:00,Sogamoso,oficinas,9,0,7.3821,6.2325997,1.1495003000000006,18.44335197718539,1.1844335197718538,moderada,consumo_pico_excesivo
2025-08-25 10:00:00,Tunja,comedor,10,0,0.6175,0.45918363,0.15831637000000004,34.477790508341954,1.3447779050834194,critica,consumo_pico_excesivo
2025-08-25 12:00:00,Duitama,salones,12,0,1.6488,1.2656474,0.38315260000000007,30.27324987986386,1.3027324987986386,critica,consumo_fuera_patron
2025-08-25 12:00:00,Sogamoso,comedor,12,0,3.3751,2.9069219,0.46817810000000026,16.105630495267185,1.1610563049526719,moderada,consumo_fuera_patron
2025-08-25 12:00:00,Tunja,salones,12,0,0.6584,0.5576911,0.10070889999999999,18.058186691521524,1.1805818669152153,moderada,consumo_fuera_patron
2025-08-25 13:00:00,Chiquinquirá,comedor,13,0,1.0713,0.85729414,0.21400585999999988,24.9629444568465,1.249629444568465,moderada,consumo_fuera_patron
2025-08-25 13:00:00,Tunja,salones,13,0,0.5813,0.47791088,0.10338912000000006,21.633556448850893,1.216335564488509,moderada,consumo_fuera_patron
2025-08-25 14:00:00,Sogamoso,comedor,14,0,0.5339,0.46186444,0.07203556000000005,15.596688933228991,1.1559668893322899,moderada,consumo_pico_excesivo
2025-08-25 14:00:00,Tunja,salones,14,0,3.5458,2.9425676,0.6032324,20.50020533088178,1.2050020533088177,moderada,consumo_pico_excesivo
2025-08-25 16:00:00,Tunja,salones,16,0,3.4762,2.9088168,0.5673832000000001,19.50563541849731,1.195056354184973,moderada,consumo_pico_excesivo
2025-08-25 19:00:00,Chiquinquirá,salones,19,0,1.8123,1.4082488,0.40405120000000005,28.691748219490766,1.2869174821949076,moderada,consumo_fuera_patron
2025-08-25 19:00:00,Duitama,comedor,19,0,0.5327,0.44134936,0.09135063999999993,20.6980338659605,1.206980338659605,moderada,consumo_fuera_patron
2025-08-25 19:00:00,Sogamoso,comedor,19,0,0.5264,0.43007722,0.09632278,22.39662449455007,1.2239662449455007,moderada,consumo_fuera_patron
2025-08-25 20:00:00,Chiquinquirá,laboratorios,20,0,1.3448,1.1613764,0.18342360000000002,15.793639340355117,1.1579363934035511,moderada,consumo_fuera_patron
2025-08-25 20:00:00,Duitama,salones,20,0,3.255,2.7906473,0.46435270000000006,16.639605442077904,1.166396054420779,moderada,consumo_fuera_patron
2025-08-25 20:00:00,Sogamoso,salones,20,0,3.0525,2.4796295,0.5728705000000001,23.103068422117097,1.231030684221171,moderada,consumo_fuera_patron
2025-08-25 21:00:00,Duitama,comedor,21,0,0.5361,0.44561696,0.09048304000000001,20.30511585555451,1.2030511585555452,moderada,consumo_fuera_patron
2025-08-25 22:00:00,Sogamoso,oficinas,22,0,0.9616,0.81903696,0.14256303999999997,17.406179081344504,1.174061790813445,moderada,consumo_fuera_patron
2025-08-25 23:00:00,Duitama,oficinas,23,0,0.9693,0.83738077,0.13191923000000005,15.753792626501328,1.1575379262650134,moderada,consumo_fuera_patron
2025-08-25 23:00:00,Sogamoso,comedor,23,0,0.5225,0.43696645,0.08553354999999996,19.574397530977482,1.1957439753097747,moderada,consumo_fuera_patron
2025-08-26 00:00:00,Sogamoso,comedor,0,1,0.5199,0.44209817,0.07780183000000002,17.598315324399557,1.1759831532439955,moderada,consumo_nocturno_alto
2025-08-26 00:00:00,Sogamoso,comedor,0,1,0.5199,0.44209817,0.07780183000000002,17.598315324399557,1.1759831532439955,moderada,consumo_nocturno_alto
2025-08-26 01:00:00,Duitama,comedor,1,1,0.5074,0.43527222,0.07212777999999997,16.57072900264574,1.1657072900264573,moderada,consumo_nocturno_alto
2025-08-26 03:00:00,Sogamoso,oficinas,3,1,0.9789,0.81823105,0.16066895000000003,19.63613456125871,1.196361345612587,moderada,consumo_nocturno_alto
2025-08-26 05:00:00,Duitama,comedor,5,1,0.5229,0.44588712,0.07701288,17.271833283724366,1.1727183328372437,moderada,consumo_nocturno_alto
2025-08-26 05:00:00,Sogamoso,comedor,5,1,0.5277,0.44281852,0.08488147999999995,19.168457543284312,1.1916845754328431,moderada,consumo_nocturno_alto
2025-08-26 08:00:00,Duitama,comedor,8,1,0.9045,0.7665986,0.13790139999999995,17.98873621736329,1.179887362173633,moderada,consumo_pico_excesivo
2025-08-26 08:00:00,Duitama,salones,8,1,8.9397,7.5450344,1.3946656000000006,18.484549255335413,1.184845492553354,moderada,consumo_pico_excesivo
2025-08-26 08:00:00,Sogamoso,comedor,8,1,0.9141,0.7552219,0.15887810000000002,21.037273945578118,1.2103727394557813,moderada,consumo_pico_excesivo
2025-08-26 09:00:00,Duitama,oficinas,9,1,7.0911,6.0813165,1.0097835000000002,16.6046858439287,1.166046858439287,moderada,consumo_pico_excesivo
2025-08-26 09:00:00,Tunja,comedor,9,1,0.536,0.4328372,0.10316280000000005,23.83408819759486,1.2383408819759485,moderada,consumo_pico_excesivo
2025-08-26 11:00:00,Duitama,laboratorios,11,1,10.7614,9.268003,1.4933969999999999,16.11347126236364,1.1611347126236364,moderada,consumo_pico_excesivo
2025-08-26 12:00:00,Sogamoso,comedor,12,1,3.154,2.6151993,0.5388006999999999,20.60266305516371,1.2060266305516372,moderada,consumo_fuera_patron
2025-08-26 12:00:00,Sogamoso,oficinas,12,1,4.0431,3.4436052,0.5994948,17.40892945567628,1.1740892945567627,moderada,consumo_fuera_patron
2025-08-26 12:00:00,Tunja,salones,12,1,0.714,0.5373323,0.17666769999999998,32.87866744656891,1.328786674465689,critica,consumo_fuera_patron
2025-08-26 13:00:00,Duitama,comedor,13,1,3.3719,2.8888922,0.4830078000000002,16.71948160613263,1.1671948160613264,moderada,consumo_fuera_patron
2025-08-26 13:00:00,Sogamoso,salones,13,1,1.3961,1.1647133,0.23138669999999983,19.866408325551003,1.19866408325551,moderada,consumo_fuera_patron
2025-08-26 13:00:00,Tunja,salones,13,1,0.6893,0.595521,0.09377900000000006,15.747387581630212,1.1574738758163021,moderada,consumo_fuera_patron
2025-08-26 17:00:00,Tunja,comedor,17,1,0.7973,0.6101554,0.1871446,30.6716288997852,1.306716288997852,critica,consumo_pico_excesivo
2025-08-26 18:00:00,Duitama,salones,18,1,3.1342,2.7178037,0.4163962999999997,15.321058691619255,1.1532105869161926,moderada,consumo_fuera_patron
2025-08-26 18:00:00,Sogamoso,oficinas,18,1,2.3091,1.7275815,0.5815184999999998,33.66084320768657,1.3366084320768656,critica,consumo_fuera_patron
2025-08-26 19:00:00,Chiquinquirá,laboratorios,19,1,1.4639,1.1260083,0.3378916999999999,30.007922676946507,1.3000792267694652,critica,consumo_fuera_patron
2025-08-26 19:00:00,Duitama,oficinas,19,1,2.7434,2.0961986,0.6472013999999997,30.875003923769423,1.3087500392376943,critica,consumo_fuera_patron
2025-08-26 19:00:00,Sogamoso,laboratorios,19,1,6.85,5.9002304,0.9497695999999998,16.097161222721063,1.1609716122272107,moderada,consumo_fuera_patron
2025-08-26 19:00:00,Tunja,oficinas,19,1,1.2584,1.044241,0.214159,20.50857991593894,1.2050857991593895,moderada,consumo_fuera_patron
2025-08-26 20:00:00,Chiquinquirá,salones,20,1,1.5673,1.3414721,0.22582789999999986,16.834334459881788,1.1683433445988178,moderada,consumo_fuera_patron
2025-08-26 20:00:00,Duitama,comedor,20,1,0.5029,0.42448112,0.07841888000000002,18.474056042822358,1.1847405604282235,moderada,consumo_fuera_patron
2025-08-26 21:00:00,Sogamoso,comedor,21,1,0.513,0.43696645,0.07603355,17.40031757586881,1.1740031757586882,moderada,consumo_fuera_patron
2025-08-26 23:00:00,Duitama,comedor,23,1,0.5117,0.4433427,0.06835730000000007,15.418614087927931,1.1541861408792793,moderada,consumo_fuera_patron
2025-08-27 00:00:00,Duitama,comedor,0,2,0.5304,0.44796646,0.08243353999999997,18.40172141458983,1.1840172141458982,moderada,consumo_nocturno_alto
2025-08-27 02:00:00,Duitama,comedor,2,2,0.5162,0.4464551,0.0697449,15.621929282474317,1.1562192928247432,moderada,consumo_nocturno_alto
2025-08-27 03:00:00,Sogamoso,comedor,3,2,0.5266,0.440927,0.08567299999999994,19.430200464022377,1.1943020046402237,moderada,consumo_nocturno_alto
2025-08-27 04:00:00,Sogamoso,oficinas,4,2,0.9765,0.82105243,0.15544756999999998,18.932721507200213,1.1893272150720022,moderada,consumo_nocturno_alto
2025-08-27 05:00:00,Duitama,salones,5,2,0.5043,0.43256098,0.07173901999999999,16.58471829798425,1.1658471829798425,moderada,consumo_nocturno_alto
2025-08-27 06:00:00,Duitama,comedor,6,2,0.5279,0.4501026,0.07779740000000002,17.284370274688484,1.1728437027468848,moderada,consumo_nocturno_alto
2025-08-27 06:00:00,Sogamoso,comedor,6,2,0.5164,0.43473622,0.08166377999999996,18.784673611966348,1.1878467361196634,moderada,consumo_nocturno_alto
2025-08-27 07:00:00,Tunja,comedor,7,2,0.5156,0.41066405,0.10493594999999994,25.552748043078022,1.25552748043078,moderada,consumo_pico_excesivo
2025-08-27 08:00:00,Tunja,oficinas,8,2,3.5754,3.019429,0.555971,18.413117182089724,1.1841311718208973,moderada,consumo_pico_excesivo
2025-08-27 10:00:00,Tunja,comedor,10,2,0.5768,0.46925429,0.10754570999999996,22.91842872656528,1.2291842872656529,moderada,consumo_pico_excesivo
2025-08-27 11:00:00,Chiquinquirá,salones,11,2,4.4262,3.6762843,0.7499156999999999,20.398740652348348,1.2039874065234835,moderada,consumo_pico_excesivo
2025-08-27 11:00:00,Tunja,oficinas,11,2,3.4726,2.9941847,0.4784153,15.978149243765758,1.1597814924376575,moderada,consumo_pico_excesivo
2025-08-27 12:00:00,Tunja,laboratorios,12,2,2.3984,2.0153074,0.3830925999999999,19.00913974711748,1.1900913974711749,moderada,consumo_fuera_patron
2025-08-27 13:00:00,Duitama,salones,13,2,1.8781,1.570612,0.3074880000000002,19.577591410227367,1.1957759141022737,moderada,consumo_fuera_patron
2025-08-27 13:00:00,Tunja,salones,13,2,0.5761,0.48856962,0.08753037999999996,17.91564117310445,1.1791564117310445,moderada,consumo_fuera_patron
2025-08-27 17:00:00,Sogamoso,oficinas,17,2,6.8753,5.8843865,0.9909135000000004,16.83970792877049,1.168397079287705,moderada,consumo_pico_excesivo
2025-08-27 18:00:00,Chiquinquirá,salones,18,2,1.7881,1.4990495,0.2890505000000001,19.282251853591234,1.1928225185359123,moderada,consumo_fuera_patron
2025-08-27 18:00:00,Duitama,laboratorios,18,2,6.7029,5.687692,1.0152079999999994,17.849208431117567,1.1784920843111757,moderada,consumo_fuera_patron
2025-08-27 18:00:00,Sogamoso,salones,18,2,3.3701,2.5682113,0.8018886999999997,31.223626342583245,1.3122362634258324,critica,consumo_fuera_patron
2025-08-27 18:00:00,Tunja,laboratorios,18,2,2.6569,2.2441294,0.4127706,18.393351114245018,1.1839335111424503,moderada,consumo_fuera_patron
2025-08-27 19:00:00,Chiquinquirá,oficinas,19,2,1.2251,1.001943,0.22315700000000005,22.272424678849,1.22272424678849,moderada,consumo_fuera_patron
2025-08-27 20:00:00,Duitama,laboratorios,20,2,6.6518,5.419453,1.2323469999999999,22.739324429974758,1.2273932442997475,moderada,consumo_fuera_patron
2025-08-27 20:00:00,Sogamoso,comedor,20,2,0.503,0.41866067,0.08433932999999999,20.145032969062985,1.2014503296906298,moderada,consumo_fuera_patron
2025-08-27 21:00:00,Sogamoso,oficinas,21,2,0.9777,0.81860536,0.15909464000000006,19.43483976210467,1.1943483976210467,moderada,consumo_fuera_patron
2025-08-27 22:00:00,Duitama,comedor,22,2,0.5167,0.44561696,0.07108304000000004,15.951601123978772,1.1595160112397878,moderada,consumo_fuera_patron
2025-08-27 23:00:00,Duitama,comedor,23,2,0.5265,0.445305,0.08119499999999996,18.233570249604195,1.182335702496042,moderada,consumo_fuera_patron
2025-08-27 23:00:00,Sogamoso,oficinas,23,2,0.9719,0.81903696,0.15286303999999995,18.66375358689551,1.1866375358689552,moderada,consumo_fuera_patron
2025-08-28 00:00:00,Sogamoso,comedor,0,3,0.5124,0.44446367,0.06793632999999999,15.28501305854762,1.1528501305854761,moderada,consumo_nocturno_alto
2025-08-28 01:00:00,Duitama,comedor,1,3,0.5408,0.4464551,0.09434489999999995,21.13200185192194,1.2113200185192194,moderada,consumo_nocturno_alto
2025-08-28 05:00:00,Duitama,comedor,5,3,0.5239,0.4436567,0.08024330000000002,18.08679999648377,1.1808679999648377,moderada,consumo_nocturno_alto
2025-08-28 05:00:00,Duitama,salones,5,3,0.5029,0.41936043,0.08353957000000001,19.920708780272854,1.1992070878027286,moderada,consumo_nocturno_alto
2025-08-28 06:00:00,Duitama,comedor,6,3,0.5118,0.43412167,0.07767833000000002,17.893216434001097,1.178932164340011,moderada,consumo_nocturno_alto
2025-08-28 06:00:00,Sogamoso,comedor,6,3,0.5199,0.43196732,0.08793268000000004,20.356326955474326,1.2035632695547434,moderada,consumo_nocturno_alto
2025-08-28 07:00:00,Duitama,comedor,7,3,0.9886,0.76213676,0.22646324000000007,29.714252334449803,1.297142523344498,moderada,consumo_pico_excesivo
2025-08-28 09:00:00,Chiquinquirá,laboratorios,9,3,2.1672,1.8640469,0.30315309999999984,16.263169129489167,1.1626316912948917,moderada,consumo_pico_excesivo
2025-08-28 10:00:00,Duitama,comedor,10,3,1.11,0.8396254,0.27037460000000013,32.20181285606654,1.3220181285606654,critica,consumo_pico_excesivo
2025-08-28 10:00:00,Tunja,comedor,10,3,0.5555,0.47668844,0.07881156,16.533138500274937,1.1653313850027494,moderada,consumo_pico_excesivo
2025-08-28 12:00:00,Chiquinquirá,oficinas,12,3,2.0429,1.7554532,0.2874467999999999,16.37450659465031,1.1637450659465032,moderada,consumo_fuera_patron
2025-08-28 12:00:00,Sogamoso,salones,12,3,1.4272,1.199358,0.2278420000000001,18.996996726582065,1.1899699672658206,moderada,consumo_fuera_patron
2025-08-28 12:00:00,Tunja,salones,12,3,0.7053,0.49782917,0.20747083000000005,41.67510513696898,1.41675105136969,critica,consumo_fuera_patron
2025-08-28 13:00:00,Chiquinquirá,oficinas,13,3,2.0392,1.7712396,0.2679604000000002,15.128410633998937,1.1512841063399895,moderada,consumo_fuera_patron
2025-08-28 13:00:00,Duitama,comedor,13,3,3.5362,2.8910227,0.6451772999999998,22.31657676018939,1.2231657676018939,moderada,consumo_fuera_patron
2025-08-28 13:00:00,Sogamoso,salones,13,3,1.2554,1.0202962,0.23510380000000008,23.042700737295707,1.230427007372957,moderada,consumo_fuera_patron
2025-08-28 13:00:00,Sogamoso,laboratorios,13,3,5.7693,4.7928567,0.9764433000000006,20.372887426406898,1.203728874264069,moderada,consumo_fuera_patron
2025-08-28 13:00:00,Sogamoso,oficinas,13,3,4.0099,3.299989,0.709911,21.512526253875393,1.2151252625387539,moderada,consumo_fuera_patron
2025-08-28 16:00:00,Duitama,comedor,16,3,1.4805,1.1203943,0.36010569999999986,32.140979296306654,1.3214097929630666,critica,consumo_pico_excesivo
2025-08-28 16:00:00,Sogamoso,oficinas,16,3,6.8435,5.7961607,1.0473393,18.069535235625885,1.1806953523562589,moderada,consumo_pico_excesivo
2025-08-28 16:00:00,Tunja,oficinas,16,3,3.2864,2.8491518,0.4372482,15.346609471632924,1.1534660947163293,moderada,consumo_pico_excesivo
2025-08-28 18:00:00,Duitama,comedor,18,3,0.5414,0.45061567,0.09078432999999997,20.14673169266394,1.2014673169266394,moderada,consumo_fuera_patron
2025-08-28 18:00:00,Sogamoso,salones,18,3,3.1621,2.5825,0.5796000000000001,22.443368828654407,1.224433688286544,moderada,consumo_fuera_patron
2025-08-28 19:00:00,Duitama,oficinas,19,3,2.2554,1.6688298,0.5865701999999999,35.148593343671116,1.351485933436711,critica,consumo_fuera_patron
2025-08-28 19:00:00,Sogamoso,salones,19,3,3.3315,2.517914,0.8135859999999999,32.311905807744026,1.3231190580774403,critica,consumo_fuera_patron
2025-08-28 19:00:00,Tunja,salones,19,3,1.2663,1.0501935,0.21610649999999998,20.577779237826167,1.2057777923782618,moderada,consumo_fuera_patron
2025-08-28 20:00:00,Chiquinquirá,laboratorios,20,3,1.314,1.0592225,0.2547775000000001,24.0532560439379,1.240532560439379,moderada,consumo_fuera_patron
2025-08-28 21:00:00,Duitama,comedor,21,3,0.5277,0.4425856,0.08511439999999992,19.23117245567861,1.192311724556786,moderada,consumo_fuera_patron
2025-08-28 21:00:00,Sogamoso,comedor,21,3,0.5276,0.43669382,0.09090617999999995,20.816914697808166,1.2081691469780818,moderada,consumo_fuera_patron
2025-08-28 23:00:00,Sogamoso,comedor,23,3,0.5221,0.42665973,0.09544027,22.369176955134716,1.2236917695513472,moderada,consumo_fuera_patron
2025-08-28 23:00:00,Sogamoso,oficinas,23,3,0.968,0.8021885,0.1658115,20.6698924255334,1.206698924255334,moderada,consumo_fuera_patron
2025-08-29 00:00:00,Sogamoso,comedor,0,4,0.5319,0.43473583,0.09716417000000005,22.350163776470886,1.2235016377647088,moderada,consumo_nocturno_alto
2025-08-29 02:00:00,Duitama,salones,2,4,0.5012,0.4200985,0.08110149999999999,19.305353387360345,1.1930535338736035,moderada,consumo_nocturno_alto
2025-08-29 03:00:00,Sogamoso,comedor,3,4,0.5323,0.4464978,0.0858022,19.21671282590866,1.1921671282590867,moderada,consumo_nocturno_alto
2025-08-29 04:00:00,Duitama,comedor,4,4,0.5261,0.4429596,0.0831404,18.769296342149488,1.1876929634214948,moderada,consumo_nocturno_alto
2025-08-29 06:00:00,Sogamoso,comedor,6,4,0.5165,0.44281852,0.07368147999999997,16.639204701736496,1.166392047017365,moderada,consumo_nocturno_alto
2025-08-29 07:00:00,Tunja,comedor,7,4,0.52,0.42153877,0.09846123000000001,23.35757396644679,1.233575739664468,moderada,consumo_pico_excesivo
2025-08-29 07:00:00,Tunja,oficinas,7,4,3.6192,3.034768,0.5844320000000001,19.25788066830809,1.192578806683081,moderada,consumo_pico_excesivo
2025-08-29 08:00:00,Chiquinquirá,salones,8,4,4.2929,3.5330713,0.7598287000000004,21.506180755536985,1.2150618075553699,moderada,consumo_pico_excesivo
2025-08-29 12:00:00,Duitama,salones,12,4,1.7618,1.3762907,0.38550930000000005,28.01074656684086,1.2801074656684086,moderada,consumo_fuera_patron
2025-08-29 12:00:00,Sogamoso,oficinas,12,4,4.6104,3.9261122,0.6842878000000003,17.429145300534213,1.174291453005342,moderada,consumo_fuera_patron
2025-08-29 12:00:00,Tunja,comedor,12,4,1.5952,1.2048682,0.3903318,32.39622391893155,1.3239622391893155,critica,consumo_fuera_patron
2025-08-29 15:00:00,Chiquinquirá,oficinas,15,4,2.1784,1.776319,0.4020809999999999,22.63563019930541,1.2263563019930541,moderada,consumo_pico_excesivo
2025-08-29 15:00:00,Sogamoso,comedor,15,4,0.5326,0.45016065,0.08243934999999997,18.313317701136242,1.1831331770113624,moderada,consumo_pico_excesivo
2025-08-29 16:00:00,Chiquinquirá,laboratorios,16,4,2.0644,1.7587072,0.3056928000000001,17.381676722538018,1.17381676722538,moderada,consumo_pico_excesivo
2025-08-29 16:00:00,Duitama,salones,16,4,4.2258,3.387794,0.8380059999999996,24.7360376693506,1.247360376693506,moderada,consumo_pico_excesivo
2025-08-29 16:00:00,Sogamoso,comedor,16,4,1.2125,1.0502514,0.16224859999999985,15.448548795078953,1.1544854879507895,moderada,consumo_pico_excesivo
2025-08-29 16:00:00,Sogamoso,laboratorios,16,4,10.1386,8.57228,1.566320000000001,18.27191832277995,1.1827191832277995,moderada,consumo_pico_excesivo
2025-08-29 16:00:00,Tunja,salones,16,4,1.5704,1.3146999,0.2557001000000001,19.449313109402393,1.1944931310940239,moderada,consumo_pico_excesivo
2025-08-29 17:00:00,Duitama,comedor,17,4,1.5771,1.2084862,0.3686137999999999,30.502110822614263,1.3050211082261427,critica,consumo_pico_excesivo
2025-08-29 18:00:00,Chiquinquirá,laboratorios,18,4,1.3475,1.096087,0.2514129999999999,22.937321581224836,1.2293732158122483,moderada,consumo_fuera_patron
2025-08-29 18:00:00,Duitama,comedor,18,4,0.506,0.42755535,0.07844465,18.347250244909812,1.1834725024490982,moderada,consumo_fuera_patron
2025-08-29 18:00:00,Sogamoso,oficinas,18,4,2.3038,1.8325433,0.47125669999999986,25.715992631661138,1.2571599263166113,moderada,consumo_fuera_patron
2025-08-29 18:00:00,Tunja,salones,18,4,0.8393,0.43305793,0.40624207000000007,93.80778917961393,1.9380778917961394,critica,consumo_fuera_patron
2025-08-29 19:00:00,Duitama,salones,19,4,3.6571,2.7818427,0.8752572999999999,31.46322040423062,1.3146322040423062,critica,consumo_fuera_patron
2025-08-29 19:00:00,Sogamoso,comedor,19,4,0.5342,0.42957982,0.10462018000000001,24.354072311869775,1.2435407231186977,moderada,consumo_fuera_patron
2025-08-29 19:00:00,Sogamoso,salones,19,4,3.293,2.5888076,0.7041924000000002,27.201418908071815,1.2720141890807182,moderada,consumo_fuera_patron
2025-08-29 20:00:00,Chiquinquirá,laboratorios,20,4,1.2821,1.0790627,0.2030373000000001,18.816079918247578,1.1881607991824759,moderada,consumo_fuera_patron
2025-08-29 20:00:00,Duitama,comedor,20,4,0.5225,0.42569745,0.09680254999999999,22.739753315412152,1.2273975331541216,moderada,consumo_fuera_patron
2025-08-29 20:00:00,Duitama,salones,20,4,3.2254,2.6831734,0.5422266000000002,20.208406955733842,1.2020840695573385,moderada,consumo_fuera_patron
2025-08-29 20:00:00,Tunja,salones,20,4,1.4427,1.2202022,0.2224978000000002,18.2345024455783,1.182345024455783,moderada,consumo_fuera_patron
2025-08-29 21:00:00,Duitama,comedor,21,4,0.5133,0.4437462,0.0695538,15.674229999039992,1.1567422999904,moderada,consumo_fuera_patron
2025-08-29 22:00:00,Duitama,comedor,22,4,0.5299,0.4556861,0.07421390000000005,16.286189111320283,1.162861891113203,moderada,consumo_fuera_patron
2025-08-30 02:00:00,Duitama,oficinas,2,5,0.9755,0.8336187,0.1418813,17.019927695959794,1.170199276959598,moderada,consumo_nocturno_alto
2025-08-30 02:00:00,Sogamoso,comedor,2,5,0.5349,0.44542378,0.08947622000000005,20.087885743325167,1.2008788574332516,moderada,consumo_nocturno_alto
2025-08-30 04:00:00,Duitama,comedor,4,5,0.5305,0.44662175,0.08387824999999999,18.78060125822354,1.1878060125822354,moderada,consumo_nocturno_alto
2025-08-30 05:00:00,Duitama,comedor,5,5,0.526,0.44326758,0.08273242000000003,18.66421631827891,1.186642163182789,moderada,consumo_nocturno_alto
2025-08-30 05:00:00,Sogamoso,comedor,5,5,0.5124,0.44066343,0.07173656999999994,16.279220174907625,1.1627922017490762,moderada,consumo_nocturno_alto
2025-08-30 05:00:00,Sogamoso,oficinas,5,5,0.9621,0.8098055,0.1522945,18.806305958653034,1.1880630595865302,moderada,consumo_nocturno_alto
2025-08-30 06:00:00,Sogamoso,comedor,6,5,0.5066,0.44022742,0.06637258000000007,15.076884579338579,1.1507688457933858,moderada,consumo_nocturno_alto
2025-08-30 07:00:00,Chiquinquirá,salones,7,5,2.4044,2.0712812,0.3331187999999998,16.082741445246537,1.1608274144524653,moderada,consumo_fin_semana_alto
2025-08-30 07:00:00,Duitama,oficinas,7,5,0.9409,0.80063367,0.14026633,17.519414340893256,1.1751941434089326,moderada,consumo_fin_semana_alto
2025-08-30 07:00:00,Sogamoso,salones,7,5,6.3673,5.1662383,1.2010617000000003,23.248282991514355,1.2324828299151436,moderada,consumo_fin_semana_alto
2025-08-30 08:00:00,Chiquinquirá,oficinas,8,5,1.192,0.98418605,0.20781394999999991,21.1153114799788,1.211153114799788,moderada,consumo_fin_semana_alto
2025-08-30 09:00:00,Duitama,laboratorios,9,5,8.1044,7.003986,1.1004139999999998,15.711253563328079,1.1571125356332808,moderada,consumo_fin_semana_alto
2025-08-30 09:00:00,Duitama,oficinas,9,5,2.7668,2.3731484,0.3936516000000001,16.587736359007305,1.165877363590073,moderada,consumo_fin_semana_alto
2025-08-30 10:00:00,Sogamoso,salones,10,5,5.7527,4.9987164,0.7539835999999998,15.083544247479209,1.150835442474792,moderada,consumo_fin_semana_alto
2025-08-30 12:00:00,Sogamoso,laboratorios,12,5,7.5658,6.5668283,0.9989717000000002,15.212392564002325,1.1521239256400233,moderada,consumo_fin_semana_alto
2025-08-30 13:00:00,Duitama,comedor,13,5,1.7678,1.2739433,0.49385670000000004,38.76598746584719,1.3876598746584718,critica,consumo_fin_semana_alto
2025-08-30 13:00:00,Sogamoso,comedor,13,5,1.5242,1.2282331,0.29596690000000003,24.09696498164722,1.2409696498164722,moderada,consumo_fin_semana_alto
2025-08-30 13:00:00,Tunja,comedor,13,5,0.8882,0.7200074,0.16819260000000003,23.35984324605553,1.2335984324605553,moderada,consumo_fin_semana_alto
2025-08-30 14:00:00,Duitama,salones,14,5,0.5023,0.42727607,0.07502392999999996,17.558654759205204,1.175586547592052,moderada,consumo_fin_semana_alto
2025-08-30 15:00:00,Duitama,oficinas,15,5,0.9943,0.82564116,0.16865883999999998,20.427620154014605,1.204276201540146,moderada,consumo_fin_semana_alto
2025-08-30 15:00:00,Sogamoso,oficinas,15,5,0.9579,0.8218128,0.13608719999999996,16.559391627874373,1.1655939162787436,moderada,consumo_fin_semana_alto
2025-08-30 16:00:00,Sogamoso,comedor,16,5,0.5143,0.39741462,0.11688537999999998,29.411444400309172,1.2941144440030918,moderada,consumo_fin_semana_alto
2025-08-30 17:00:00,Duitama,comedor,17,5,0.5159,0.41052675,0.10537325000000003,25.667815800066627,1.2566781580006663,moderada,consumo_fin_semana_alto
2025-08-30 18:00:00,Duitama,comedor,18,5,0.5363,0.42794964,0.10835035999999998,25.318483735609632,1.2531848373560963,moderada,consumo_fin_semana_alto
2025-08-30 19:00:00,Duitama,comedor,19,5,0.5275,0.44930094,0.07819905999999999,17.404606364722937,1.1740460636472294,moderada,consumo_fin_semana_alto
2025-08-30 19:00:00,Sogamoso,comedor,19,5,0.5214,0.43243137,0.08896862999999999,20.574046235359845,1.2057404623535983,moderada,consumo_fin_semana_alto
2025-08-30 20:00:00,Duitama,comedor,20,5,0.5141,0.44636458,0.06773541999999999,15.174909263633774,1.1517490926363378,moderada,consumo_fin_semana_alto
2025-08-30 20:00:00,Duitama,oficinas,20,5,0.9696,0.80699944,0.16260056,20.148782259378024,1.2014878225937802,moderada,consumo_fin_semana_alto
2025-08-30 20:00:00,Sogamoso,oficinas,20,5,0.9283,0.78727525,0.14102475000000003,17.91301708011271,1.179130170801127,moderada,consumo_fin_semana_alto
2025-08-30 21:00:00,Sogamoso,comedor,21,5,0.5076,0.43894115,0.06865885000000005,15.641926030402947,1.1564192603040295,moderada,consumo_fin_semana_alto
2025-08-30 23:00:00,Duitama,oficinas,23,5,0.991,0.851321,0.139679,16.40732461668395,1.1640732461668395,moderada,consumo_fin_semana_alto
2025-08-31 02:00:00,Duitama,oficinas,2,6,0.9969,0.81403404,0.18286596,22.46416624051741,1.2246416624051741,moderada,consumo_nocturno_alto
2025-08-31 03:00:00,Sogamoso,oficinas,3,6,0.9429,0.8070446,0.13585539999999996,16.83369171914414,1.1683369171914415,moderada,consumo_nocturno_alto
2025-08-31 05:00:00,Sogamoso,oficinas,5,6,0.9553,0.80305576,0.15224424000000003,18.958115685516038,1.1895811568551604,moderada,consumo_nocturno_alto
2025-08-31 15:00:00,Duitama,oficinas,15,6,0.9886,0.8373009,0.15129910000000002,18.06985995118362,1.1806985995118362,moderada,consumo_fin_semana_alto
2025-08-31 23:00:00,Sogamoso,oficinas,23,6,0.9623,0.83577776,0.12652224,15.138263549870004,1.1513826354987,moderada,consumo_fin_semana_alto
2025-09-01 02:00:00,Sogamoso,comedor,2,0,0.5219,0.44229066,0.07960934000000003,17.99932650623914,1.1799932650623914,moderada,consumo_nocturno_alto
2025-09-01 05:00:00,Duitama,comedor,5,0,0.5419,0.4499465,0.09195350000000002,20.43654078873822,1.2043654078873822,moderada,consumo_nocturno_alto
2025-09-01 06:00:00,Sogamoso,comedor,6,0,0.5206,0.44706234,0.07353765999999995,16.449084036020558,1.1644908403602057,moderada,consumo_nocturno_alto
2025-09-01 08:00:00,Chiquinquirá,salones,8,0,4.4179,3.6449335,0.7729665000000003,21.206600888603326,1.2120660088860333,moderada,consumo_pico_excesivo
2025-09-01 08:00:00,Tunja,laboratorios,8,0,16.558510535117698,11.280288,5.278222535117697,46.7915582928175,1.467915582928175,critica,consumo_pico_excesivo
2025-09-01 10:00:00,Tunja,comedor,10,0,0.5648,0.47723603,0.08756396999999999,18.348147351741233,1.1834814735174124,moderada,consumo_pico_excesivo
2025-09-01 12:00:00,Chiquinquirá,salones,12,0,0.8,0.63782257,0.16217743000000007,25.426731136215526,1.2542673113621552,moderada,consumo_fuera_patron
2025-09-01 12:00:00,Chiquinquirá,oficinas,12,0,2.0446,1.7424783,0.30212170000000005,17.338620515388918,1.1733862051538893,moderada,consumo_fuera_patron
2025-09-01 12:00:00,Duitama,laboratorios,12,0,6.2499,5.391937,0.8579629999999998,15.911962621224983,1.1591196262122498,moderada,consumo_fuera_patron
2025-09-01 12:00:00,Sogamoso,laboratorios,12,0,5.6976,4.447386,1.2502140000000006,28.111209595928948,1.2811120959592894,moderada,consumo_fuera_patron
2025-09-01 12:00:00,Sogamoso,oficinas,12,0,3.8335,3.0097532,0.8237467999999999,27.369247418691998,1.27369247418692,moderada,consumo_fuera_patron
2025-09-01 12:00:00,Tunja,salones,12,0,0.7394,0.53878033,0.20061966999999992,37.23589352269039,1.3723589352269039,critica,consumo_fuera_patron
2025-09-01 13:00:00,Chiquinquirá,comedor,13,0,0.9859,0.78599507,0.19990492999999998,25.433356725761648,1.2543335672576166,moderada,consumo_fuera_patron
2025-09-01 13:00:00,Chiquinquirá,oficinas,13,0,1.5827,1.2921318,0.29056820000000005,22.487504757641602,1.224875047576416,moderada,consumo_fuera_patron
2025-09-01 13:00:00,Sogamoso,oficinas,13,0,4.1112,3.0665514,1.0446486000000004,34.06590869469856,1.3406590869469857,critica,consumo_fuera_patron
2025-09-01 17:00:00,Tunja,oficinas,17,0,3.0773,2.6654084,0.41189160000000014,15.45322660497356,1.1545322660497357,moderada,consumo_pico_excesivo
2025-09-01 18:00:00,Duitama,salones,18,0,3.1131,2.5667179,0.5463821000000002,21.28718937129788,1.2128718937129788,moderada,consumo_fuera_patron
2025-09-01 18:00:00,Duitama,oficinas,18,0,2.2203,1.7540296,0.4662704,26.58281251354025,1.2658281251354024,moderada,consumo_fuera_patron
2025-09-01 18:00:00,Sogamoso,comedor,18,0,0.5003,0.42869183,0.07160816999999997,16.703880267557228,1.1670388026755723,moderada,consumo_fuera_patron
2025-09-01 19:00:00,Tunja,laboratorios,19,0,2.8535,2.3879738,0.4655261999999998,19.494610870521264,1.1949461087052127,moderada,consumo_fuera_patron
2025-09-01 20:00:00,Chiquinquirá,salones,20,0,1.5893,1.3521175,0.23718249999999985,17.541559812664197,1.1754155981266419,moderada,consumo_fuera_patron
2025-09-01 20:00:00,Duitama,oficinas,20,0,0.9606,0.7608725,0.19972750000000006,26.249798750776254,1.2624979875077627,moderada,consumo_fuera_patron
2025-09-01 20:00:00,Sogamoso,oficinas,20,0,0.9795,0.8300575,0.14944250000000003,18.003873225650036,1.1800387322565002,moderada,consumo_fuera_patron
2025-09-01 20:00:00,Tunja,salones,20,0,1.2469,1.0548781,0.19202189999999986,18.203231254871994,1.18203231254872,moderada,consumo_fuera_patron
2025-09-01 23:00:00,Duitama,comedor,23,0,0.5215,0.45155498,0.06994501999999997,15.489812558373284,1.1548981255837327,moderada,consumo_fuera_patron
2025-09-01 23:00:00,Sogamoso,comedor,23,0,0.507,0.44010955,0.06689044999999999,15.19859089628934,1.1519859089628934,moderada,consumo_fuera_patron
2025-09-02 00:00:00,Sogamoso,oficinas,0,1,0.9623,0.82890975,0.13339025000000004,16.09225250396681,1.1609225250396682,moderada,consumo_nocturno_alto
2025-09-02 02:00:00,Sogamoso,oficinas,2,1,0.9811,0.8450871,0.1360129,16.094542207542865,1.1609454220754287,moderada,consumo_nocturno_alto
2025-09-02 03:00:00,Sogamoso,oficinas,3,1,0.9543,0.8256612,0.12863880000000005,15.580095080161216,1.155800950801612,moderada,consumo_nocturno_alto
2025-09-02 05:00:00,Sogamoso,comedor,5,1,0.5229,0.44346583,0.07943417000000003,17.91212865261795,1.1791212865261795,moderada,consumo_nocturno_alto
2025-09-02 06:00:00,Duitama,comedor,6,1,0.523,0.44039524,0.08260476,18.75696022509235,1.1875696022509235,moderada,consumo_nocturno_alto
2025-09-02 07:00:00,Chiquinquirá,oficinas,7,1,3.1036,2.6494632,0.4541368000000001,17.14070986152969,1.171407098615297,moderada,consumo_pico_excesivo
2025-09-02 07:00:00,Duitama,comedor,7,1,0.9248,0.75127643,0.17352356999999996,23.09716677787961,1.230971667778796,moderada,consumo_pico_excesivo
2025-09-02 07:00:00,Tunja,laboratorios,7,1,4.4551,3.8369017,0.6181983,16.111913943482055,1.1611191394348206,moderada,consumo_pico_excesivo
2025-09-02 10:00:00,Tunja,comedor,10,1,0.5202,0.41059598,0.10960401999999997,26.693885312759264,1.2669388531275927,moderada,consumo_pico_excesivo
2025-09-02 12:00:00,Chiquinquirá,laboratorios,12,1,3.939189709229047,1.6073864,2.3318033092290467,145.06800040295516,2.450680004029552,critica,consumo_fuera_patron
2025-09-02 12:00:00,Sogamoso,comedor,12,1,3.3659,2.8509536,0.5149463999999999,18.062251170976616,1.1806225117097662,moderada,consumo_fuera_patron
2025-09-02 12:00:00,Tunja,comedor,12,1,1.7555,1.4501393,0.30536070000000004,21.057335664235847,1.2105733566423584,moderada,consumo_fuera_patron
2025-09-02 12:00:00,Tunja,oficinas,12,1,1.9517,1.4795585,0.4721415,31.910972090660827,1.3191097209066083,critica,consumo_fuera_patron
2025-09-02 13:00:00,Chiquinquirá,salones,13,1,0.6497,0.5310958,0.11860420000000005,22.331978524401823,1.2233197852440183,moderada,consumo_fuera_patron
2025-09-02 13:00:00,Chiquinquirá,laboratorios,13,1,0.9927,0.8451623,0.1475377,17.456729908563123,1.1745672990856313,moderada,consumo_fuera_patron
2025-09-02 13:00:00,Chiquinquirá,oficinas,13,1,1.7393,1.4781665,0.26113350000000013,17.666041004176467,1.1766604100417646,moderada,consumo_fuera_patron
2025-09-02 13:00:00,Duitama,salones,13,1,1.7677,1.3919578,0.37574220000000014,26.993792484226187,1.2699379248422618,moderada,consumo_fuera_patron
2025-09-02 13:00:00,Tunja,oficinas,13,1,2.1603,1.852995,0.30730499999999994,16.584232553244878,1.1658423255324488,moderada,consumo_fuera_patron
2025-09-02 17:00:00,Sogamoso,comedor,17,1,1.4633,1.1339383,0.3293617,29.045821981672194,1.2904582198167218,moderada,consumo_pico_excesivo
2025-09-02 18:00:00,Tunja,oficinas,18,1,1.2512,0.89684576,0.35435424000000004,39.51116856481543,1.3951116856481542,critica,consumo_fuera_patron
2025-09-02 19:00:00,Chiquinquirá,salones,19,1,1.7972,1.475098,0.3221019999999999,21.835972931967902,1.218359729319679,moderada,consumo_fuera_patron
2025-09-02 19:00:00,Chiquinquirá,oficinas,19,1,1.2927,1.0113295,0.28137049999999997,27.821842436119976,1.2782184243611998,moderada,consumo_fuera_patron
2025-09-02 19:00:00,Duitama,oficinas,19,1,2.3852,2.0147142,0.3704858000000004,18.38900028599592,1.1838900028599593,moderada,consumo_fuera_patron
2025-09-02 19:00:00,Tunja,oficinas,19,1,1.2281,0.94242924,0.28567076,30.312170704720497,1.303121707047205,critica,consumo_fuera_patron
2025-09-02 20:00:00,Sogamoso,salones,20,1,2.5815,2.0644965,0.5170035,25.042595131549017,1.2504259513154903,moderada,consumo_fuera_patron
2025-09-02 21:00:00,Duitama,oficinas,21,1,0.9801,0.8522554,0.12784459999999997,15.000738041671543,1.1500073804167155,moderada,consumo_fuera_patron
2025-09-02 21:00:00,Sogamoso,comedor,21,1,0.5173,0.43349785,0.08380214999999996,19.331618369041497,1.193316183690415,moderada,consumo_fuera_patron
2025-09-02 22:00:00,Duitama,comedor,22,1,0.5385,0.43638945,0.10211054999999997,23.398950180853355,1.2339895018085336,moderada,consumo_fuera_patron
2025-09-02 22:00:00,Sogamoso,comedor,22,1,0.5141,0.43570355,0.07839645,17.99307120632825,1.1799307120632825,moderada,consumo_fuera_patron
2025-09-02 23:00:00,Duitama,comedor,23,1,0.5267,0.44740206,0.07929793999999996,17.72408915595962,1.1772408915595962,moderada,consumo_fuera_patron
2025-09-02 23:00:00,Sogamoso,oficinas,23,1,0.9816,0.8291721,0.15242790000000006,18.383143861208072,1.1838314386120807,moderada,consumo_fuera_patron
2025-09-03 00:00:00,Duitama,salones,0,2,0.5025,0.41978678,0.08271321999999992,19.7036266840037,1.197036266840037,moderada,consumo_nocturno_alto
2025-09-03 00:00:00,Duitama,oficinas,0,2,0.9463,0.82149535,0.12480465000000007,15.192374491225067,1.1519237449122506,moderada,consumo_nocturno_alto
2025-09-03 02:00:00,Sogamoso,comedor,2,2,0.5175,0.43898004,0.07851995999999994,17.886908935540653,1.1788690893554066,moderada,consumo_nocturno_alto
2025-09-03 05:00:00,Duitama,comedor,5,2,0.5342,0.44877133,0.08542866999999998,19.03612470074681,1.190361247007468,moderada,consumo_nocturno_alto
2025-09-03 06:00:00,Duitama,comedor,6,2,0.5312,0.4499465,0.08125349999999998,18.05848028598955,1.1805848028598955,moderada,consumo_nocturno_alto
2025-09-03 07:00:00,Sogamoso,comedor,7,2,0.9045,0.7364153,0.16808469999999998,22.824715890612264,1.2282471589061226,moderada,consumo_pico_excesivo
2025-09-03 09:00:00,Tunja,comedor,9,2,0.5879,0.41141042,0.17648957999999998,42.89866552237544,1.4289866552237545,critica,consumo_pico_excesivo
2025-09-03 10:00:00,Duitama,comedor,10,2,1.0423,0.81982344,0.22247656000000005,27.137130892476076,1.2713713089247607,moderada,consumo_pico_excesivo
2025-09-03 10:00:00,Duitama,oficinas,10,2,7.2506,6.04728,1.2033200000000006,19.89853289412762,1.1989853289412762,moderada,consumo_pico_excesivo
2025-09-03 10:00:00,Tunja,oficinas,10,2,3.5187,2.9137979,0.6049020999999999,20.759919553789228,1.2075991955378922,moderada,consumo_pico_excesivo
2025-09-03 11:00:00,Chiquinquirá,laboratorios,11,2,2.1875,1.889715,0.29778499999999997,15.758196341776404,1.157581963417764,moderada,consumo_pico_excesivo
2025-09-03 11:00:00,Duitama,oficinas,11,2,7.4735,6.1797833,1.2937166999999992,20.9346612526041,1.209346612526041,moderada,consumo_pico_excesivo
2025-09-03 11:00:00,Sogamoso,comedor,11,2,0.5325,0.45098537,0.08151462999999998,18.074783667594357,1.1807478366759436,moderada,consumo_pico_excesivo
2025-09-03 12:00:00,Chiquinquirá,comedor,12,2,1.0367,0.9010804,0.13561959999999995,15.050776823022668,1.1505077682302267,moderada,consumo_fuera_patron
2025-09-03 12:00:00,Chiquinquirá,salones,12,2,0.858,0.64138925,0.21661074999999996,33.77212044012274,1.3377212044012274,critica,consumo_fuera_patron
2025-09-03 12:00:00,Duitama,salones,12,2,1.7544,1.3104839,0.44391610000000004,33.87421241878668,1.3387421241878668,critica,consumo_fuera_patron
2025-09-03 13:00:00,Tunja,comedor,13,2,1.8348,1.4721882,0.36261180000000004,24.630804675652207,1.246308046756522,moderada,consumo_fuera_patron
2025-09-03 13:00:00,Tunja,salones,13,2,0.5737,0.47791088,0.09578912,20.043301797188633,1.2004330179718863,moderada,consumo_fuera_patron
2025-09-03 14:00:00,Chiquinquirá,laboratorios,14,2,2.3255,1.8161571,0.5093428999999998,28.045090372413256,1.2804509037241325,moderada,consumo_pico_excesivo
2025-09-03 14:00:00,Duitama,oficinas,14,2,7.1157,5.9844613,1.1312387,18.902932833737264,1.1890293283373727,moderada,consumo_pico_excesivo
2025-09-03 15:00:00,Chiquinquirá,laboratorios,15,2,2.0725,1.7902601,0.28223989999999977,15.765301365985856,1.1576530136598586,moderada,consumo_pico_excesivo
2025-09-03 15:00:00,Duitama,salones,15,2,8.6045,7.277179,1.3273209999999995,18.23949912459209,1.1823949912459208,moderada,consumo_pico_excesivo
2025-09-03 18:00:00,Sogamoso,comedor,18,2,0.526,0.42300975,0.10299025,24.347015642074442,1.2434701564207444,moderada,consumo_fuera_patron
2025-09-03 18:00:00,Sogamoso,salones,18,2,3.2199,2.4192495,0.8006505000000002,33.0949949560804,1.330949949560804,critica,consumo_fuera_patron
2025-09-03 18:00:00,Sogamoso,oficinas,18,2,2.4913,1.6334577,0.8578423,52.5169583515998,1.525169583515998,critica,consumo_fuera_patron
2025-09-03 19:00:00,Sogamoso,salones,19,2,3.2354,2.4198453,0.8155546999999999,33.70276190796163,1.3370276190796162,critica,consumo_fuera_patron
2025-09-03 19:00:00,Sogamoso,oficinas,19,2,2.2549,1.869279,0.3856210000000002,20.629397751753494,1.206293977517535,moderada,consumo_fuera_patron
2025-09-03 19:00:00,Tunja,salones,19,2,1.4799,1.2470446,0.23285540000000005,18.672579954237406,1.1867257995423741,moderada,consumo_fuera_patron
2025-09-03 20:00:00,Duitama,salones,20,2,3.4941,3.0003014,0.49379859999999987,16.458299822811128,1.1645829982281113,moderada,consumo_fuera_patron
2025-09-03 22:00:00,Duitama,comedor,22,2,0.5286,0.4462269,0.08237309999999998,18.45991355518907,1.1845991355518908,moderada,consumo_fuera_patron
2025-09-03 23:00:00,Sogamoso,comedor,23,2,0.5321,0.4338087,0.09829130000000003,22.657752138212082,1.2265775213821208,moderada,consumo_fuera_patron
2025-09-04 00:00:00,Duitama,comedor,0,3,0.5218,0.44982547,0.07197453000000004,16.000545722766663,1.1600054572276666,moderada,consumo_nocturno_alto
2025-09-04 03:00:00,Duitama,oficinas,3,3,0.9971,0.8645383,0.1325617,15.333236248758443,1.1533323624875844,moderada,consumo_nocturno_alto
2025-09-04 07:00:00,Chiquinquirá,laboratorios,7,3,2.2165,1.880706,0.3357939999999999,17.85467797731277,1.1785467797731277,moderada,consumo_pico_excesivo
2025-09-04 08:00:00,Tunja,salones,8,3,3.5853,3.110059,0.475241,15.280771200803587,1.1528077120080358,moderada,consumo_pico_excesivo
2025-09-04 09:00:00,Sogamoso,comedor,9,3,1.1014,0.8527084,0.2486915999999999,29.164905611343794,1.291649056113438,moderada,consumo_pico_excesivo
2025-09-04 09:00:00,Tunja,laboratorios,9,3,4.427,3.736054,0.6909459999999994,18.49400463697793,1.1849400463697792,moderada,consumo_pico_excesivo
2025-09-04 12:00:00,Duitama,comedor,12,3,3.5525,2.6721709,0.8803291000000004,32.94434124703628,1.3294434124703627,critica,consumo_fuera_patron
2025-09-04 12:00:00,Tunja,salones,12,3,0.5966,0.49782917,0.09877083000000003,19.840305862350338,1.1984030586235035,moderada,consumo_fuera_patron
2025-09-04 13:00:00,Chiquinquirá,oficinas,13,3,2.0383,1.7547504,0.28354959999999996,16.158970529369874,1.1615897052936988,moderada,consumo_fuera_patron
2025-09-04 13:00:00,Sogamoso,salones,13,3,1.3338,1.1325017,0.20129830000000015,17.774657645105535,1.1777465764510553,moderada,consumo_fuera_patron
2025-09-04 13:00:00,Tunja,salones,13,3,0.6698,0.5669826,0.10281739999999995,18.13413674423165,1.1813413674423165,moderada,consumo_fuera_patron
2025-09-04 13:00:00,Tunja,oficinas,13,3,2.3135,1.9427965,0.37070349999999985,19.080922783214806,1.190809227832148,moderada,consumo_fuera_patron
2025-09-04 14:00:00,Duitama,oficinas,14,3,6.8296,5.7384467,1.0911533000000002,19.014784959142343,1.1901478495914235,moderada,consumo_pico_excesivo
2025-09-04 14:00:00,Sogamoso,laboratorios,14,3,11.2139,9.514466,1.6994340000000001,17.861580460742623,1.1786158046074262,moderada,consumo_pico_excesivo
2025-09-04 15:00:00,Duitama,oficinas,15,3,7.3907,6.0980597,1.2926402999999995,21.197567154024412,1.211975671540244,moderada,consumo_pico_excesivo
2025-09-04 19:00:00,Duitama,oficinas,19,3,2.5805,1.8471181,0.7333818999999997,39.70411529181592,1.3970411529181592,critica,consumo_fuera_patron
2025-09-04 19:00:00,Sogamoso,oficinas,19,3,2.6263,2.0366201,0.5896799000000001,28.95384858472133,1.2895384858472134,moderada,consumo_fuera_patron
2025-09-04 20:00:00,Chiquinquirá,salones,20,3,1.7665,1.3928281,0.37367189999999995,26.828285557995272,1.2682828555799528,moderada,consumo_fuera_patron
2025-09-04 20:00:00,Tunja,laboratorios,20,3,2.7045,2.2932627,0.4112372999999998,17.932411319470717,1.1793241131947072,moderada,consumo_fuera_patron
2025-09-04 21:00:00,Duitama,comedor,21,3,0.5285,0.4462269,0.08227309999999999,18.43750343155018,1.1843750343155017,moderada,consumo_fuera_patron
2025-09-04 21:00:00,Sogamoso,comedor,21,3,0.5124,0.43551502,0.07688497999999999,17.65380675045375,1.1765380675045376,moderada,consumo_fuera_patron
2025-09-04 21:00:00,Sogamoso,oficinas,21,3,0.9622,0.80651563,0.15568437000000002,19.303329558535648,1.1930332955853564,moderada,consumo_fuera_patron
2025-09-04 22:00:00,Duitama,comedor,22,3,0.5119,0.44363767,0.06826233000000004,15.386955305215638,1.1538695530521563,moderada,consumo_fuera_patron
2025-09-04 22:00:00,Duitama,oficinas,22,3,0.9898,0.82265705,0.16714295,20.317451847036384,1.2031745184703637,moderada,consumo_fuera_patron
2025-09-04 22:00:00,Sogamoso,comedor,22,3,0.5216,0.43508202,0.08651797999999994,19.885441370342065,1.1988544137034207,moderada,consumo_fuera_patron
2025-09-05 02:00:00,Sogamoso,comedor,2,4,0.515,0.4401552,0.07484479999999999,17.00418397874204,1.1700418397874204,moderada,consumo_nocturno_alto
2025-09-05 04:00:00,Duitama,oficinas,4,4,0.95,0.8207298,0.1292702,15.75064046657012,1.157506404665701,moderada,consumo_nocturno_alto
2025-09-05 05:00:00,Duitama,comedor,5,4,0.5176,0.4482429,0.06935709999999995,15.473106210940529,1.1547310621094053,moderada,consumo_nocturno_alto
2025-09-05 06:00:00,Sogamoso,comedor,6,4,0.5184,0.44211662,0.07628337999999996,17.254130821863235,1.1725413082186324,moderada,consumo_nocturno_alto
2025-09-05 07:00:00,Duitama,comedor,7,4,0.9841,0.728161,0.255939,35.148682777572546,1.3514868277757255,critica,consumo_pico_excesivo
2025-09-05 08:00:00,Duitama,comedor,8,4,0.9539,0.7336795,0.22022049999999993,30.015899312983386,1.3001589931298339,critica,consumo_pico_excesivo
2025-09-05 08:00:00,Sogamoso,oficinas,8,4,7.0256,6.068186,0.957414,15.777598115812536,1.1577759811581254,moderada,consumo_pico_excesivo
2025-09-05 09:00:00,Tunja,comedor,9,4,0.6025,0.47697827,0.12552173000000005,26.316026933470166,1.2631602693347017,moderada,consumo_pico_excesivo
2025-09-05 10:00:00,Tunja,comedor,10,4,0.5486,0.41141042,0.13718957999999998,33.346160751105906,1.333461607511059,critica,consumo_pico_excesivo
2025-09-05 11:00:00,Tunja,oficinas,11,4,3.6229,3.1355388,0.48736120000000005,15.543140464407587,1.155431404644076,moderada,consumo_pico_excesivo
2025-09-05 12:00:00,Chiquinquirá,laboratorios,12,4,1.1717,0.9977996,0.17390039999999996,17.42838942809758,1.174283894280976,moderada,consumo_fuera_patron
2025-09-05 12:00:00,Duitama,salones,12,4,1.5679,1.2888587,0.27904130000000005,21.65026313590466,1.2165026313590466,moderada,consumo_fuera_patron
2025-09-05 13:00:00,Chiquinquirá,comedor,13,4,1.0396,0.78299826,0.25660174000000013,32.77168712993055,1.3277168712993055,critica,consumo_fuera_patron
2025-09-05 13:00:00,Sogamoso,salones,13,4,1.593,1.2940487,0.2989512999999999,23.102013084978942,1.2310201308497895,moderada,consumo_fuera_patron
2025-09-05 14:00:00,Chiquinquirá,salones,14,4,2.3066,1.9553317,0.3512683000000001,17.964639963644025,1.1796463996364404,moderada,consumo_pico_excesivo
2025-09-05 14:00:00,Duitama,comedor,14,4,0.5364,0.46075985,0.07564014999999996,16.416393485673712,1.1641639348567372,moderada,consumo_pico_excesivo
2025-09-05 14:00:00,Sogamoso,laboratorios,14,4,10.1458,8.6545315,1.4912685000000003,17.231071375729588,1.172310713757296,moderada,consumo_pico_excesivo
2025-09-05 16:00:00,Duitama,comedor,16,4,1.2567,1.0461323,0.2105676999999999,20.12820940525399,1.20128209405254,moderada,consumo_pico_excesivo
2025-09-05 16:00:00,Sogamoso,comedor,16,4,1.4812,1.1282916,0.3529084,31.278119947006605,1.312781199470066,critica,consumo_pico_excesivo
2025-09-05 16:00:00,Tunja,comedor,16,4,0.7002,0.52213264,0.17806736,34.10385529623277,1.3410385529623277,critica,consumo_pico_excesivo
2025-09-05 17:00:00,Sogamoso,comedor,17,4,1.5034,1.100968,0.4024320000000001,36.55256101903054,1.3655256101903055,critica,consumo_pico_excesivo
2025-09-05 18:00:00,Duitama,comedor,18,4,0.5115,0.4386166,0.07288339999999993,16.61665335967675,1.1661665335967675,moderada,consumo_fuera_patron
2025-09-05 18:00:00,Tunja,oficinas,18,4,1.1011,0.878117,0.22298299999999993,25.393313191750067,1.2539331319175007,moderada,consumo_fuera_patron
2025-09-05 19:00:00,Chiquinquirá,salones,19,4,1.6951,1.3475688,0.34753120000000015,25.789495868411333,1.2578949586841133,moderada,consumo_fuera_patron
2025-09-05 19:00:00,Duitama,salones,19,4,3.8928,2.9577568,0.9350432,31.61325501812725,1.3161325501812726,critica,consumo_fuera_patron
2025-09-05 19:00:00,Duitama,oficinas,19,4,2.4127,1.9847316,0.42796840000000014,21.563036533504086,1.2156303653350409,moderada,consumo_fuera_patron
2025-09-05 19:00:00,Sogamoso,comedor,19,4,0.5262,0.434588,0.09161200000000003,21.080195495503794,1.210801954955038,moderada,consumo_fuera_patron
2025-09-05 19:00:00,Sogamoso,oficinas,19,4,2.1334,1.8253577,0.3080422999999999,16.8757224953772,1.168757224953772,moderada,consumo_fuera_patron
2025-09-05 19:00:00,Tunja,laboratorios,19,4,2.9784,2.3886058,0.5897942,24.691985592599668,1.2469198559259966,moderada,consumo_fuera_patron
2025-09-05 20:00:00,Tunja,salones,20,4,0.9778,0.8038329,0.17396710000000004,21.642197028760584,1.2164219702876058,moderada,consumo_fuera_patron
2025-09-05 20:00:00,Tunja,laboratorios,20,4,2.6043,2.079679,0.5246209999999998,25.226056521222734,1.2522605652122274,moderada,consumo_fuera_patron
2025-09-06 00:00:00,Sogamoso,comedor,0,5,0.5343,0.4399222,0.09437780000000001,21.453293332321035,1.2145329333232104,moderada,consumo_nocturno_alto
2025-09-06 01:00:00,Sogamoso,oficinas,1,5,0.9843,0.8057338,0.1785662,22.161934872286608,1.2216193487228661,moderada,consumo_nocturno_alto
2025-09-06 02:00:00,Sogamoso,oficinas,2,5,0.9696,0.81814563,0.15145437000000006,18.511908448377344,1.1851190844837736,moderada,consumo_nocturno_alto
2025-09-06 03:00:00,Duitama,salones,3,5,0.5051,0.4265981,0.07850190000000001,18.4018400457011,1.184018400457011,moderada,consumo_nocturno_alto
2025-09-06 03:00:00,Sogamoso,comedor,3,5,0.5342,0.4399222,0.09427780000000002,21.43056204028804,1.2143056204028804,moderada,consumo_nocturno_alto
2025-09-06 04:00:00,Sogamoso,comedor,4,5,0.5159,0.4408088,0.07509120000000002,17.034868632386654,1.1703486863238666,moderada,consumo_nocturno_alto
2025-09-06 05:00:00,Sogamoso,comedor,5,5,0.5134,0.43847987,0.07492012999999997,17.08633283438986,1.1708633283438985,moderada,consumo_nocturno_alto
2025-09-06 08:00:00,Chiquinquirá,salones,8,5,3.1768,2.6522284,0.5245716000000002,19.77852284516674,1.1977852284516675,moderada,consumo_fin_semana_alto
2025-09-06 08:00:00,Sogamoso,salones,8,5,6.1112,4.900185,1.2110150000000006,24.713658770026043,1.2471365877002605,moderada,consumo_fin_semana_alto
2025-09-06 08:00:00,Tunja,oficinas,8,5,1.4635,1.088395,0.375105,34.46405027586492,1.3446405027586492,critica,consumo_fin_semana_alto
2025-09-06 10:00:00,Chiquinquirá,oficinas,10,5,1.2827,0.986382,0.29631799999999997,30.040896934453382,1.3004089693445338,critica,consumo_fin_semana_alto
2025-09-06 11:00:00,Chiquinquirá,oficinas,11,5,1.1741,0.98617435,0.18792564999999994,19.056026959127458,1.1905602695912745,moderada,consumo_fin_semana_alto
2025-09-06 11:00:00,Duitama,oficinas,11,5,2.6194,2.2046978,0.41470220000000024,18.809933951038563,1.1880993395103856,moderada,consumo_fin_semana_alto
2025-09-06 11:00:00,Sogamoso,comedor,11,5,0.5114,0.42583588,0.08556411999999997,20.093215254665708,1.2009321525466572,moderada,consumo_fin_semana_alto
2025-09-06 11:00:00,Sogamoso,salones,11,5,5.0146,4.355971,0.6586289999999995,15.120141984416321,1.1512014198441631,moderada,consumo_fin_semana_alto
2025-09-06 12:00:00,Chiquinquirá,salones,12,5,2.7934,1.6490128,1.1443872000000002,69.3983212258874,1.693983212258874,critica,consumo_fin_semana_alto
2025-09-06 12:00:00,Sogamoso,salones,12,5,4.5573,3.700066,0.8572339999999996,23.168073218153395,1.231680732181534,moderada,consumo_fin_semana_alto
2025-09-06 13:00:00,Chiquinquirá,comedor,13,5,0.5115,0.44184628,0.06965371999999997,15.764242713551866,1.1576424271355186,moderada,consumo_fin_semana_alto
2025-09-06 13:00:00,Duitama,comedor,13,5,1.597,1.1053058,0.49169419999999997,44.484901825359096,1.444849018253591,critica,consumo_fin_semana_alto
2025-09-06 13:00:00,Sogamoso,comedor,13,5,1.6288,1.273908,0.354892,27.858526675395712,1.278585266753957,moderada,consumo_fin_semana_alto
2025-09-06 13:00:00,Tunja,comedor,13,5,0.9123,0.6834308,0.2288692,33.48827708672187,1.3348827708672186,critica,consumo_fin_semana_alto
2025-09-06 14:00:00,Duitama,comedor,14,5,0.5376,0.39847803,0.13912196999999998,34.913335121637694,1.349133351216377,critica,consumo_fin_semana_alto
2025-09-06 15:00:00,Duitama,comedor,15,5,0.5023,0.3916558,0.11064419999999997,28.25036677613353,1.2825036677613353,moderada,consumo_fin_semana_alto
2025-09-06 15:00:00,Sogamoso,oficinas,15,5,0.9689,0.8170886,0.15181139999999993,18.579551838074835,1.1857955183807483,moderada,consumo_fin_semana_alto
2025-09-06 15:00:00,Tunja,laboratorios,15,5,5.389869880085835,2.9449818,2.4448880800858355,83.01878402392285,1.8301878402392284,critica,consumo_fin_semana_alto
2025-09-06 17:00:00,Sogamoso,comedor,17,5,0.5148,0.41371253,0.10108747000000001,24.434229729517742,1.2443422972951774,moderada,consumo_fin_semana_alto
2025-09-06 19:00:00,Duitama,comedor,19,5,0.5229,0.45030007,0.07259993000000003,16.12256689189501,1.16122566891895,moderada,consumo_fin_semana_alto
2025-09-06 19:00:00,Sogamoso,comedor,19,5,0.5238,0.43312284,0.09067716000000003,20.935668042812065,1.2093566804281206,moderada,consumo_fin_semana_alto
2025-09-06 19:00:00,Sogamoso,oficinas,19,5,0.9766,0.8391356,0.13746440000000004,16.381667039272322,1.1638166703927233,moderada,consumo_fin_semana_alto
2025-09-06 20:00:00,Sogamoso,comedor,20,5,0.5315,0.4407967,0.09070329999999999,20.57712773258057,1.2057712773258058,moderada,consumo_fin_semana_alto
2025-09-06 20:00:00,Sogamoso,oficinas,20,5,0.8937,0.762698,0.13100200000000006,17.176130001652037,1.1717613000165203,moderada,consumo_fin_semana_alto
2025-09-06 21:00:00,Sogamoso,comedor,21,5,0.5349,0.44409636,0.09080364000000002,20.446832754945348,1.2044683275494534,moderada,consumo_fin_semana_alto
2025-09-06 23:00:00,Duitama,oficinas,23,5,0.9753,0.8262584,0.1490416,18.038134317303157,1.1803813431730317,moderada,consumo_fin_semana_alto
2025-09-06 23:00:00,Sogamoso,comedor,23,5,0.5211,0.44005737,0.08104263,18.416378300856547,1.1841637830085654,moderada,consumo_fin_semana_alto
2025-09-06 23:00:00,Sogamoso,oficinas,23,5,0.9592,0.7983113,0.1608887000000001,20.153629292232257,1.2015362929223226,moderada,consumo_fin_semana_alto
2025-09-07 01:00:00,Duitama,oficinas,1,6,0.9702,0.83632034,0.13387965999999996,16.00817935385859,1.1600817935385859,moderada,consumo_nocturno_alto
2025-09-07 05:00:00,Duitama,oficinas,5,6,0.9759,0.82292765,0.15297234999999998,18.588796961677005,1.1858879696167701,moderada,consumo_nocturno_alto
2025-09-07 09:00:00,Sogamoso,oficinas,9,6,0.9701,0.8325193,0.1375807,16.525827088933553,1.1652582708893355,moderada,consumo_fin_semana_alto
2025-09-07 12:00:00,Duitama,salones,12,6,0.501,0.40003556,0.10096443999999999,25.238866264789056,1.2523886626478906,moderada,consumo_fin_semana_alto
2025-09-07 12:00:00,Sogamoso,oficinas,12,6,0.9347,0.80953175,0.12516824999999998,15.46180863196533,1.1546180863196533,moderada,consumo_fin_semana_alto
2025-09-07 13:00:00,Duitama,oficinas,13,6,0.9845,0.822326,0.16217400000000004,19.721375707444498,1.197213757074445,moderada,consumo_fin_semana_alto
2025-09-07 13:00:00,Sogamoso,oficinas,13,6,0.9261,0.80500746,0.12109254000000003,15.042412153547001,1.15042412153547,moderada,consumo_fin_semana_alto
2025-09-07 14:00:00,Duitama,oficinas,14,6,0.9919,0.81966203,0.17223796999999996,21.01329129519394,1.2101329129519394,moderada,consumo_fin_semana_alto
2025-09-07 17:00:00,Duitama,salones,17,6,0.5028,0.42770857,0.07509143000000001,17.556681176624544,1.1755668117662454,moderada,consumo_fin_semana_alto
2025-09-07 21:00:00,Duitama,oficinas,21,6,0.9612,0.82902443,0.13217557000000002,15.943507237778265,1.1594350723777826,moderada,consumo_fin_semana_alto
2025-09-07 21:00:00,Sogamoso,oficinas,21,6,0.934,0.7941602,0.13983980000000007,17.60851274088025,1.1760851274088024,moderada,consumo_fin_semana_alto
2025-09-07 22:00:00,Sogamoso,oficinas,22,6,0.9755,0.8087394,0.16676060000000004,20.619818942912886,1.206198189429129,moderada,consumo_fin_semana_alto
2025-09-07 23:00:00,Duitama,oficinas,23,6,0.9649,0.82902443,0.13587556999999995,16.38981495394532,1.1638981495394531,moderada,consumo_fin_semana_alto
2025-09-08 00:00:00,Duitama,comedor,0,0,0.5293,0.43787807,0.09142192999999998,20.878398865693363,1.2087839886569336,moderada,consumo_nocturno_alto
2025-09-08 01:00:00,Duitama,salones,1,0,0.5054,0.43356523,0.07183476999999994,16.56838810621413,1.1656838810621413,moderada,consumo_nocturno_alto
2025-09-08 03:00:00,Sogamoso,comedor,3,0,0.5214,0.4401552,0.08124479999999995,18.458216556341934,1.1845821655634192,moderada,consumo_nocturno_alto
2025-09-08 04:00:00,Duitama,comedor,4,0,0.5356,0.4438759,0.09172409999999998,20.66435686190667,1.2066435686190666,moderada,consumo_nocturno_alto
2025-09-08 04:00:00,Sogamoso,oficinas,4,0,0.9584,0.81922174,0.13917826,16.98908283366601,1.16989082833666,moderada,consumo_nocturno_alto
2025-09-08 05:00:00,Duitama,comedor,5,0,0.5236,0.4499465,0.07365349999999993,16.369390583102643,1.1636939058310265,moderada,consumo_nocturno_alto
2025-09-08 05:00:00,Sogamoso,comedor,5,0,0.5068,0.4401552,0.0666448,15.14120473869217,1.1514120473869216,moderada,consumo_nocturno_alto
2025-09-08 08:00:00,Tunja,oficinas,8,0,3.6195,3.089643,0.5298569999999998,17.14945707319583,1.1714945707319582,moderada,consumo_pico_excesivo
2025-09-08 09:00:00,Duitama,comedor,9,0,1.0139,0.85311306,0.16078694000000004,18.847084582200637,1.1884708458220063,moderada,consumo_pico_excesivo
2025-09-08 10:00:00,Tunja,comedor,10,0,0.6441,0.47255957,0.17154043000000002,36.30027638631888,1.3630027638631887,critica,consumo_pico_excesivo
2025-09-08 12:00:00,Sogamoso,comedor,12,0,3.3894,2.8673346,0.5220654000000002,18.207341410381623,1.1820734141038163,moderada,consumo_fuera_patron
2025-09-08 13:00:00,Chiquinquirá,laboratorios,13,0,1.1609,0.99984366,0.16105634000000002,16.10815234853817,1.1610815234853817,moderada,consumo_fuera_patron
2025-09-08 13:00:00,Duitama,salones,13,0,1.6672,1.3233019,0.3438981000000001,25.987879258693734,1.2598787925869372,moderada,consumo_fuera_patron
2025-09-08 13:00:00,Sogamoso,comedor,13,0,3.0983,2.531426,0.5668739999999999,22.39346518523551,1.223934651852355,moderada,consumo_fuera_patron
2025-09-08 14:00:00,Duitama,salones,14,0,8.9109,7.304948,1.6059519999999994,21.984441230793145,1.2198444123079315,moderada,consumo_pico_excesivo
2025-09-08 14:00:00,Sogamoso,laboratorios,14,0,11.3496,9.676609,1.6729910000000014,17.289021391687953,1.1728902139168795,moderada,consumo_pico_excesivo
2025-09-08 16:00:00,Chiquinquirá,oficinas,16,0,3.0579,2.5430012,0.5148988000000001,20.247682148164152,1.2024768214816415,moderada,consumo_pico_excesivo
2025-09-08 16:00:00,Sogamoso,laboratorios,16,0,11.6385,9.472796,2.165704,22.86235236143584,1.2286235236143583,moderada,consumo_pico_excesivo
2025-09-08 16:00:00,Tunja,comedor,16,0,0.8415,0.609632,0.23186800000000007,38.034092698546026,1.3803409269854603,critica,consumo_pico_excesivo
2025-09-08 17:00:00,Duitama,comedor,17,0,1.4923,1.0808824,0.41141760000000005,38.063123240789196,1.380631232407892,critica,consumo_pico_excesivo
2025-09-08 17:00:00,Tunja,salones,17,0,3.4546,2.88074,0.5738600000000003,19.920575963120594,1.199205759631206,moderada,consumo_pico_excesivo
2025-09-08 18:00:00,Sogamoso,salones,18,0,3.0216,2.61667,0.4049299999999998,15.475012133742498,1.154750121337425,moderada,consumo_fuera_patron
2025-09-08 18:00:00,Tunja,laboratorios,18,0,2.4894,2.1515906,0.3378093999999998,15.700449704511621,1.1570044970451163,moderada,consumo_fuera_patron
2025-09-08 19:00:00,Duitama,comedor,19,0,0.5289,0.45509055,0.07380945000000005,16.21862945736844,1.1621862945736845,moderada,consumo_fuera_patron
2025-09-08 19:00:00,Sogamoso,laboratorios,19,0,7.4897,6.4847517,1.0049482999999997,15.497097598972056,1.1549709759897206,moderada,consumo_fuera_patron
2025-09-08 20:00:00,Chiquinquirá,salones,20,0,1.6983,1.4168017,0.2814983,19.868574409530986,1.1986857440953098,moderada,consumo_fuera_patron
2025-09-08 20:00:00,Sogamoso,comedor,20,0,0.5331,0.43104902,0.10205098000000001,23.675028886505764,1.2367502888650577,moderada,consumo_fuera_patron
2025-09-08 20:00:00,Sogamoso,salones,20,0,3.4616,2.7694972,0.6921027999999998,24.99019677651235,1.2499019677651235,moderada,consumo_fuera_patron
2025-09-08 21:00:00,Duitama,oficinas,21,0,0.9959,0.78740895,0.20849105,26.478115342732643,1.2647811534273263,moderada,consumo_fuera_patron
2025-09-08 21:00:00,Sogamoso,comedor,21,0,0.5119,0.43924958,0.07265042000000005,16.539667493819813,1.165396674938198,moderada,consumo_fuera_patron
2025-09-09 02:00:00,Duitama,comedor,2,1,0.532,0.44045982,0.09154018000000003,20.782867322608457,1.2078286732260846,moderada,consumo_nocturno_alto
2025-09-09 02:00:00,Sogamoso,oficinas,2,1,0.9741,0.8164979,0.15760209999999997,19.302205186320744,1.1930220518632075,moderada,consumo_nocturno_alto
2025-09-09 04:00:00,Duitama,comedor,4,1,0.5276,0.4482429,0.07935709999999996,17.70403948394943,1.1770403948394943,moderada,consumo_nocturno_alto
2025-09-09 05:00:00,Duitama,comedor,5,1,0.5297,0.43583956,0.09386043999999993,21.535548539926005,1.21535548539926,moderada,consumo_nocturno_alto
2025-09-09 05:00:00,Sogamoso,oficinas,5,1,0.9574,0.8310759,0.12632410000000005,15.20006776757695,1.1520006776757694,moderada,consumo_nocturno_alto
2025-09-09 06:00:00,Sogamoso,comedor,6,1,0.5292,0.44517082,0.08402917999999998,18.875716067823127,1.1887571606782312,moderada,consumo_nocturno_alto
2025-09-09 07:00:00,Chiquinquirá,salones,7,1,4.4497,3.7916882,0.6580118000000001,17.35405880683966,1.1735405880683967,moderada,consumo_pico_excesivo
2025-09-09 07:00:00,Tunja,oficinas,7,1,3.7032,2.9753473,0.7278526999999997,24.462781202046553,1.2446278120204655,moderada,consumo_pico_excesivo
2025-09-09 08:00:00,Chiquinquirá,laboratorios,8,1,2.2355,1.8085101,0.42698990000000014,23.610036792163903,1.236100367921639,moderada,consumo_pico_excesivo
2025-09-09 08:00:00,Sogamoso,salones,8,1,7.5023,6.5154753,0.9868246999999997,15.145858967495426,1.1514585896749543,moderada,consumo_pico_excesivo
2025-09-09 09:00:00,Tunja,oficinas,9,1,3.5725,3.0989504,0.4735495999999997,15.280967388184067,1.1528096738818407,moderada,consumo_pico_excesivo
2025-09-09 10:00:00,Duitama,comedor,10,1,1.208,0.8459906,0.3620093999999999,42.79118467746567,1.4279118467746568,critica,consumo_pico_excesivo
2025-09-09 10:00:00,Sogamoso,comedor,10,1,1.0204,0.8548051,0.1655949,19.37224052593977,1.1937224052593978,moderada,consumo_pico_excesivo
2025-09-09 12:00:00,Duitama,comedor,12,1,2.9808,2.5056674,0.4751325999999998,18.9623171854333,1.189623171854333,moderada,consumo_fuera_patron
2025-09-09 13:00:00,Chiquinquirá,salones,13,1,0.7312,0.6338708,0.0973292,15.3547379055795,1.153547379055795,moderada,consumo_fuera_patron
2025-09-09 15:00:00,Chiquinquirá,laboratorios,15,1,2.1481,1.8633826,0.2847173999999999,15.27959958411117,1.1527959958411116,moderada,consumo_pico_excesivo
2025-09-09 15:00:00,Sogamoso,laboratorios,15,1,10.5641,9.042379,1.5217209999999994,16.82876818147082,1.168287681814708,moderada,consumo_pico_excesivo
2025-09-09 16:00:00,Sogamoso,comedor,16,1,1.3519,1.1648182,0.18708180000000008,16.061029953000396,1.160610299530004,moderada,consumo_pico_excesivo
2025-09-09 16:00:00,Tunja,comedor,16,1,0.709,0.56827104,0.14072896000000001,24.76440819507537,1.2476440819507537,moderada,consumo_pico_excesivo
2025-09-09 16:00:00,Tunja,oficinas,16,1,3.4484,2.7508826,0.6975173999999997,25.356131155869743,1.2535613115586974,moderada,consumo_pico_excesivo
2025-09-09 18:00:00,Chiquinquirá,salones,18,1,1.2964,1.0900304,0.20636959999999993,18.932462801037467,1.1893246280103746,moderada,consumo_fuera_patron
2025-09-09 18:00:00,Duitama,oficinas,18,1,2.4158,1.9300979,0.4857020999999999,25.164635431187186,1.2516463543118719,moderada,consumo_fuera_patron
2025-09-09 18:00:00,Sogamoso,salones,18,1,3.1828,2.5993028,0.5834972,22.448219576418726,1.2244821957641872,moderada,consumo_fuera_patron
2025-09-09 19:00:00,Duitama,comedor,19,1,0.5027,0.43659392,0.06610608000000001,15.141319421030877,1.1514131942103087,moderada,consumo_fuera_patron
2025-09-09 19:00:00,Duitama,salones,19,1,3.2612,2.7806501,0.4805499000000002,17.281926266091524,1.1728192626609153,moderada,consumo_fuera_patron
2025-09-09 19:00:00,Sogamoso,comedor,19,1,0.5148,0.41386685,0.10093315000000003,24.38783149701408,1.243878314970141,moderada,consumo_fuera_patron
2025-09-09 20:00:00,Chiquinquirá,laboratorios,20,1,1.4763,1.178137,0.29816299999999996,25.308007472815124,1.2530800747281512,moderada,consumo_fuera_patron
2025-09-09 20:00:00,Sogamoso,salones,20,1,3.0726,2.5399735,0.5326265000000001,20.96976602314946,1.2096976602314946,moderada,consumo_fuera_patron
2025-09-09 21:00:00,Duitama,comedor,21,1,0.5147,0.42856672,0.08613328000000003,20.097986143207766,1.2009798614320777,moderada,consumo_fuera_patron
2025-09-09 21:00:00,Duitama,oficinas,21,1,0.89,0.76106596,0.12893403999999997,16.94124383121799,1.1694124383121798,moderada,consumo_fuera_patron
2025-09-09 21:00:00,Sogamoso,oficinas,21,1,0.9358,0.80743414,0.12836585999999994,15.897997575381186,1.158979975753812,moderada,consumo_fuera_patron
2025-09-10 00:00:00,Duitama,comedor,0,2,0.528,0.453605,0.07439500000000004,16.400833324147673,1.1640083332414768,moderada,consumo_nocturno_alto
2025-09-10 00:00:00,Sogamoso,oficinas,0,2,0.9849,0.831226,0.15367399999999998,18.487631522594334,1.1848763152259434,moderada,consumo_nocturno_alto
2025-09-10 01:00:00,Duitama,comedor,1,2,0.5204,0.448481,0.07191899999999996,16.03613085058229,1.1603613085058229,moderada,consumo_nocturno_alto
2025-09-10 01:00:00,Duitama,oficinas,1,2,0.9895,0.8465262,0.14297380000000004,16.88947134772675,1.1688947134772676,moderada,consumo_nocturno_alto
2025-09-10 02:00:00,Duitama,comedor,2,2,0.5295,0.43929082,0.09020917999999994,20.535184413824066,1.2053518441382407,moderada,consumo_nocturno_alto
2025-09-10 02:00:00,Sogamoso,oficinas,2,2,0.977,0.8267988,0.15020120000000003,18.16659627469223,1.1816659627469224,moderada,consumo_nocturno_alto
2025-09-10 03:00:00,Sogamoso,comedor,3,2,0.5285,0.44089288,0.08760711999999998,19.8703866571853,1.198703866571853,moderada,consumo_nocturno_alto
2025-09-10 05:00:00,Sogamoso,oficinas,5,2,0.9804,0.82105243,0.15934757,19.407721623818833,1.1940772162381883,moderada,consumo_nocturno_alto
2025-09-10 12:00:00,Tunja,comedor,12,2,1.7386,1.4262917,0.3123083,21.89652369147209,1.2189652369147208,moderada,consumo_fuera_patron
2025-09-10 12:00:00,Tunja,salones,12,2,0.6101,0.5304252,0.07967479999999993,15.020930378119276,1.1502093037811927,moderada,consumo_fuera_patron
2025-09-10 13:00:00,Chiquinquirá,salones,13,2,0.8135,0.58404404,0.22945596000000001,39.28744140595973,1.3928744140595972,critica,consumo_fuera_patron
2025-09-10 13:00:00,Sogamoso,salones,13,2,1.5992,1.1696268,0.4295731999999999,36.72737320998458,1.3672737320998458,critica,consumo_fuera_patron
2025-09-10 14:00:00,Duitama,salones,14,2,8.4581,7.2912083,1.1668916999999999,16.004092216100858,1.1600409221610086,moderada,consumo_pico_excesivo
2025-09-10 14:00:00,Sogamoso,laboratorios,14,2,11.354,9.595137,1.7588629999999998,18.33077526667936,1.1833077526667937,moderada,consumo_pico_excesivo
2025-09-10 15:00:00,Chiquinquirá,laboratorios,15,2,2.2381,1.807108,0.43099200000000026,23.849819711937542,1.2384981971193754,moderada,consumo_pico_excesivo
2025-09-10 16:00:00,Sogamoso,salones,16,2,7.4651,6.349949,1.115151,17.56157411657952,1.1756157411657953,moderada,consumo_pico_excesivo
2025-09-10 16:00:00,Tunja,comedor,16,2,0.6814,0.56827104,0.11312896000000006,19.907570866183868,1.1990757086618387,moderada,consumo_pico_excesivo
2025-09-10 17:00:00,Tunja,comedor,17,2,0.819,0.6461803,0.1728196999999999,26.74481100708268,1.2674481100708268,moderada,consumo_pico_excesivo
2025-09-10 18:00:00,Duitama,salones,18,2,3.3044,2.837645,0.4667549999999996,16.44867486947802,1.1644867486947803,moderada,consumo_fuera_patron
2025-09-10 18:00:00,Sogamoso,comedor,18,2,0.5005,0.41386685,0.08663314999999994,20.932613955430334,1.2093261395543033,moderada,consumo_fuera_patron
2025-09-10 19:00:00,Chiquinquirá,salones,19,2,1.8041,1.3542498,0.4498502,33.21766781874363,1.3321766781874362,critica,consumo_fuera_patron
2025-09-10 19:00:00,Duitama,salones,19,2,3.7129,2.79307,0.9198299999999997,32.932579562989815,1.329325795629898,critica,consumo_fuera_patron
2025-09-10 19:00:00,Tunja,salones,19,2,1.1627,0.79741395,0.36528605000000003,45.80883617599115,1.4580883617599116,critica,consumo_fuera_patron
2025-09-10 20:00:00,Chiquinquirá,salones,20,2,1.5994,1.3516222,0.24777779999999994,18.33188297735861,1.1833188297735862,moderada,consumo_fuera_patron
2025-09-10 20:00:00,Duitama,oficinas,20,2,0.9148,0.79312956,0.12167043999999994,15.340550413982795,1.153405504139828,moderada,consumo_fuera_patron
2025-09-10 20:00:00,Sogamoso,salones,20,2,3.0677,2.4796295,0.5880704999999997,23.716063226381188,1.2371606322638118,moderada,consumo_fuera_patron
2025-09-10 20:00:00,Tunja,salones,20,2,1.4189,0.8322326,0.5866674000000001,70.49320105941537,1.7049320105941537,critica,consumo_fuera_patron
2025-09-10 20:00:00,Tunja,laboratorios,20,2,2.729,2.323659,0.40534099999999995,17.44408280216675,1.1744408280216676,moderada,consumo_fuera_patron
2025-09-10 21:00:00,Duitama,comedor,21,2,0.5158,0.4462269,0.06957310000000005,15.591417729410766,1.1559141772941077,moderada,consumo_fuera_patron
2025-09-10 22:00:00,Duitama,comedor,22,2,0.5376,0.44867536,0.08892463999999994,19.819372296263367,1.1981937229626336,moderada,consumo_fuera_patron
2025-09-10 22:00:00,Sogamoso,comedor,22,2,0.5307,0.4361383,0.09456169999999997,21.681585863933524,1.2168158586393352,moderada,consumo_fuera_patron
2025-09-10 23:00:00,Duitama,comedor,23,2,0.5379,0.44898733,0.08891267000000003,19.802935196411894,1.198029351964119,moderada,consumo_fuera_patron
2025-09-10 23:00:00,Sogamoso,oficinas,23,2,0.967,0.80751145,0.15948854999999995,19.75062396948055,1.1975062396948055,moderada,consumo_fuera_patron
2025-09-11 02:00:00,Duitama,salones,2,3,0.5042,0.41978678,0.08441321999999996,20.108594177263026,1.2010859417726303,moderada,consumo_nocturno_alto
2025-09-11 03:00:00,Duitama,comedor,3,3,0.5384,0.453605,0.08479500000000001,18.693577010835423,1.1869357701083543,moderada,consumo_nocturno_alto
2025-09-11 03:00:00,Sogamoso,comedor,3,3,0.5202,0.44662634,0.07357365999999999,16.473202185074882,1.1647320218507489,moderada,consumo_nocturno_alto
2025-09-11 06:00:00,Duitama,comedor,6,3,0.5397,0.4499465,0.08975349999999993,19.94759376948147,1.1994759376948148,moderada,consumo_nocturno_alto
2025-09-11 07:00:00,Duitama,salones,7,3,8.8479,7.685143,1.1627569999999992,15.12993317105484,1.1512993317105484,moderada,consumo_pico_excesivo
2025-09-11 07:00:00,Sogamoso,comedor,7,3,0.8835,0.7523932,0.13110679999999997,17.425303684296985,1.1742530368429698,moderada,consumo_pico_excesivo
2025-09-11 08:00:00,Tunja,comedor,8,3,0.5143,0.39023757,0.12406243,31.791513564416675,1.3179151356441667,critica,consumo_pico_excesivo
2025-09-11 09:00:00,Tunja,comedor,9,3,0.5016,0.41141042,0.09018958000000005,21.92204563024924,1.2192204563024924,moderada,consumo_pico_excesivo
2025-09-11 10:00:00,Tunja,comedor,10,3,0.6168,0.45960143,0.15719857000000004,34.20323779236284,1.3420323779236285,critica,consumo_pico_excesivo
2025-09-11 10:00:00,Tunja,salones,10,3,3.6842,3.0076199,0.6765801000000002,22.49553209832134,1.2249553209832134,moderada,consumo_pico_excesivo
2025-09-11 11:00:00,Chiquinquirá,oficinas,11,3,3.4734,2.96053,0.5128699999999999,17.323587330646877,1.1732358733064687,moderada,consumo_pico_excesivo
2025-09-11 11:00:00,Tunja,oficinas,11,3,3.4914,2.969408,0.521992,17.57899217621829,1.175789921762183,moderada,consumo_pico_excesivo
2025-09-11 12:00:00,Chiquinquirá,comedor,12,3,0.9276,0.57571965,0.35188034999999995,61.12008683393035,1.6112008683393035,critica,consumo_fuera_patron
2025-09-11 12:00:00,Sogamoso,laboratorios,12,3,5.4511,4.248584,1.2025160000000001,28.303924319255547,1.2830392431925555,moderada,consumo_fuera_patron
2025-09-11 12:00:00,Sogamoso,oficinas,12,3,3.9391,2.969434,0.9696659999999997,32.65490999294814,1.3265490999294813,critica,consumo_fuera_patron
2025-09-11 13:00:00,Chiquinquirá,comedor,13,3,1.0379,0.86388946,0.17401054000000005,20.142685847793544,1.2014268584779355,moderada,consumo_fuera_patron
2025-09-11 13:00:00,Sogamoso,laboratorios,13,3,6.7536,5.856446,0.8971539999999996,15.319086012233353,1.1531908601223335,moderada,consumo_fuera_patron
2025-09-11 14:00:00,Sogamoso,comedor,14,3,0.5118,0.4417142,0.07008580000000003,15.866775394587728,1.1586677539458774,moderada,consumo_pico_excesivo
2025-09-11 14:00:00,Tunja,laboratorios,14,3,4.3737,3.6797664,0.6939336000000003,18.85808838300171,1.1885808838300171,moderada,consumo_pico_excesivo
2025-09-11 16:00:00,Duitama,comedor,16,3,1.3736,1.1063906,0.26720940000000004,24.151452479802344,1.2415145247980235,moderada,consumo_pico_excesivo
2025-09-11 16:00:00,Tunja,comedor,16,3,0.7642,0.6030702,0.1611298,26.71824938456584,1.2671824938456584,moderada,consumo_pico_excesivo
2025-09-11 17:00:00,Tunja,comedor,17,3,0.7445,0.5941405,0.1503595000000001,25.3070612085862,1.2530706120858621,moderada,consumo_pico_excesivo
2025-09-11 18:00:00,Duitama,salones,18,3,3.8657,2.7077384,1.1579615999999997,42.76489929750967,1.4276489929750966,critica,consumo_fuera_patron
2025-09-11 18:00:00,Sogamoso,salones,18,3,3.2041,2.668299,0.5358009999999997,20.080245879491006,1.20080245879491,moderada,consumo_fuera_patron
2025-09-11 18:00:00,Sogamoso,oficinas,18,3,2.7301,1.9676722,0.7624278000000002,38.74770401289403,1.3874770401289402,critica,consumo_fuera_patron
2025-09-11 18:00:00,Tunja,oficinas,18,3,1.3549,1.0168378,0.3380622,33.24642337253788,1.3324642337253787,critica,consumo_fuera_patron
2025-09-11 19:00:00,Duitama,salones,19,3,3.0137,2.5785418,0.43515820000000005,16.87613518617383,1.1687613518617384,moderada,consumo_fuera_patron
2025-09-11 19:00:00,Tunja,salones,19,3,1.424,1.1858475,0.2381525,20.082894301333013,1.20082894301333,moderada,consumo_fuera_patron
2025-09-11 20:00:00,Chiquinquirá,salones,20,3,1.7401,1.3540843,0.38601569999999996,28.507508727484687,1.2850750872748469,moderada,consumo_fuera_patron
2025-09-11 20:00:00,Sogamoso,comedor,20,3,0.5014,0.42476657,0.07663342999999995,18.041304427511783,1.180413044275118,moderada,consumo_fuera_patron
2025-09-11 20:00:00,Tunja,salones,20,3,1.3518,1.0758172,0.2759828,25.653317310784768,1.2565331731078477,moderada,consumo_fuera_patron
2025-09-11 21:00:00,Duitama,oficinas,21,3,0.9653,0.83440053,0.13089947000000002,15.687845979675973,1.1568784597967596,moderada,consumo_fuera_patron
2025-09-11 23:00:00,Duitama,comedor,23,3,0.5315,0.45045426,0.08104573999999998,17.992002118039682,1.1799200211803968,moderada,consumo_fuera_patron
2025-09-11 23:00:00,Sogamoso,comedor,23,3,0.5034,0.4363582,0.06704179999999998,15.363937242384809,1.153639372423848,moderada,consumo_fuera_patron
2025-09-12 03:00:00,Sogamoso,comedor,3,4,0.5292,0.43898004,0.09021995999999999,20.552178181039846,1.2055217818103985,moderada,consumo_nocturno_alto
2025-09-12 03:00:00,Sogamoso,oficinas,3,4,0.9841,0.8164979,0.16760209999999998,20.52694807910712,1.205269480791071,moderada,consumo_nocturno_alto
2025-09-12 04:00:00,Duitama,comedor,4,4,0.5373,0.453605,0.08369500000000002,18.45107527474345,1.1845107527474346,moderada,consumo_nocturno_alto
2025-09-12 04:00:00,Sogamoso,comedor,4,4,0.5138,0.44517082,0.06862918000000001,15.416369833045213,1.1541636983304522,moderada,consumo_nocturno_alto
2025-09-12 07:00:00,Tunja,salones,7,4,3.4877,3.0310092,0.4566907999999996,15.06728518013075,1.1506728518013074,moderada,consumo_pico_excesivo
2025-09-12 08:00:00,Tunja,comedor,8,4,0.5414,0.43015623,0.11124377000000002,25.861248133032976,1.2586124813303297,moderada,consumo_pico_excesivo
2025-09-12 09:00:00,Sogamoso,comedor,9,4,1.0748,0.8633228,0.21147720000000003,24.495727438218942,1.2449572743821895,moderada,consumo_pico_excesivo
2025-09-12 09:00:00,Tunja,comedor,9,4,0.598,0.4958308,0.10216919999999996,20.605658220505855,1.2060565822050586,moderada,consumo_pico_excesivo
2025-09-12 09:00:00,Tunja,laboratorios,9,4,4.5788,3.914579,0.6642210000000004,16.967878282696567,1.1696787828269657,moderada,consumo_pico_excesivo
2025-09-12 10:00:00,Chiquinquirá,laboratorios,10,4,2.4123,1.9513675,0.4609325000000002,23.620999119848015,1.23620999119848,moderada,consumo_pico_excesivo
2025-09-12 12:00:00,Chiquinquirá,salones,12,4,0.9395,0.6752748,0.26422520000000005,39.12854440888363,1.3912854440888363,critica,consumo_fuera_patron
2025-09-12 12:00:00,Duitama,salones,12,4,1.7044,1.4651433,0.23925669999999988,16.329918036003704,1.163299180360037,moderada,consumo_fuera_patron
2025-09-12 12:00:00,Tunja,comedor,12,4,1.6455,1.3950293,0.25047069999999994,17.954511779788422,1.1795451177978842,moderada,consumo_fuera_patron
2025-09-12 13:00:00,Chiquinquirá,comedor,13,4,1.0916,0.82358974,0.26801025999999994,32.541719133120814,1.325417191331208,critica,consumo_fuera_patron
2025-09-12 13:00:00,Chiquinquirá,oficinas,13,4,1.7616,1.4043933,0.3572067000000001,25.434947603353,1.25434947603353,moderada,consumo_fuera_patron
2025-09-12 13:00:00,Duitama,oficinas,13,4,4.7041,3.8901105,0.8139895000000004,20.92458556125849,1.209245855612585,moderada,consumo_fuera_patron
2025-09-12 13:00:00,Tunja,comedor,13,4,1.7662,1.5219178,0.2442822,16.05094572124723,1.1605094572124723,moderada,consumo_fuera_patron
2025-09-12 14:00:00,Duitama,comedor,14,4,0.5308,0.4378063,0.09299370000000007,21.240831847326106,1.212408318473261,moderada,consumo_pico_excesivo
2025-09-12 14:00:00,Duitama,oficinas,14,4,5.086,4.1045313,0.9814687000000006,23.91183373361048,1.2391183373361048,moderada,consumo_pico_excesivo
2025-09-12 15:00:00,Tunja,oficinas,15,4,2.193,1.8753983,0.3176017,16.935159853776128,1.1693515985377612,moderada,consumo_pico_excesivo
2025-09-12 16:00:00,Chiquinquirá,laboratorios,16,4,2.1267,1.7965542,0.33014579999999993,18.376612294803014,1.18376612294803,moderada,consumo_pico_excesivo
2025-09-12 16:00:00,Duitama,laboratorios,16,4,10.5216,8.668193,1.853406999999999,21.38169973834222,1.2138169973834223,moderada,consumo_pico_excesivo
2025-09-12 16:00:00,Sogamoso,comedor,16,4,1.1377,0.97550124,0.1621987599999999,16.627222329312456,1.1662722232931246,moderada,consumo_pico_excesivo
2025-09-12 16:00:00,Sogamoso,salones,16,4,4.4658,3.5640752,0.9017247999999998,25.300386478938485,1.2530038647893849,moderada,consumo_pico_excesivo
2025-09-12 17:00:00,Chiquinquirá,oficinas,17,4,2.2472,1.8019478,0.4452521999999999,24.70949491433658,1.2470949491433658,moderada,consumo_pico_excesivo
2025-09-12 17:00:00,Sogamoso,salones,17,4,4.5565,3.7637432,0.7927567999999998,21.062988569464565,1.2106298856946456,moderada,consumo_pico_excesivo
2025-09-12 18:00:00,Duitama,salones,18,4,3.4913,2.6784759,0.8128240999999998,30.346515344789914,1.3034651534478991,critica,consumo_fuera_patron
2025-09-12 18:00:00,Sogamoso,salones,18,4,2.8015,2.4116087,0.38989129999999994,16.16727041994831,1.161672704199483,moderada,consumo_fuera_patron
2025-09-12 19:00:00,Duitama,comedor,19,4,0.5383,0.46617943,0.07212057,15.470560337679421,1.1547056033767942,moderada,consumo_fuera_patron
2025-09-12 19:00:00,Duitama,oficinas,19,4,2.1827,1.7225177,0.46018230000000004,26.715679031919382,1.2671567903191938,moderada,consumo_fuera_patron
2025-09-12 19:00:00,Sogamoso,laboratorios,19,4,7.4008,6.3772726,1.0235273999999999,16.04961029892308,1.160496102989231,moderada,consumo_fuera_patron
2025-09-12 19:00:00,Sogamoso,oficinas,19,4,2.2215,1.9145114,0.3069885999999997,16.03482747608605,1.1603482747608604,moderada,consumo_fuera_patron
2025-09-12 20:00:00,Duitama,salones,20,4,3.3531,2.6075618,0.7455381999999999,28.59139139099215,1.2859139139099214,moderada,consumo_fuera_patron
2025-09-12 20:00:00,Sogamoso,comedor,20,4,0.5072,0.42427486,0.08292514000000001,19.545145804773824,1.1954514580477382,moderada,consumo_fuera_patron
2025-09-12 22:00:00,Sogamoso,comedor,22,4,0.5318,0.43365023,0.09814977000000003,22.633395121224776,1.2263339512122478,moderada,consumo_fuera_patron
2025-09-13 00:00:00,Duitama,comedor,0,5,0.5181,0.45011315,0.06798684999999999,15.104390973691833,1.1510439097369183,moderada,consumo_nocturno_alto
2025-09-13 00:00:00,Sogamoso,oficinas,0,5,0.9343,0.8057338,0.12856620000000007,15.956411410319399,1.159564114103194,moderada,consumo_nocturno_alto
2025-09-13 01:00:00,Duitama,salones,1,5,0.5007,0.4265981,0.07410190000000005,17.37042429396663,1.1737042429396662,moderada,consumo_nocturno_alto
2025-09-13 01:00:00,Sogamoso,comedor,1,5,0.5261,0.44447124,0.08162876000000002,18.365363752219384,1.1836536375221938,moderada,consumo_nocturno_alto
2025-09-13 02:00:00,Sogamoso,comedor,2,5,0.5195,0.43682495,0.08267504999999997,18.926357113988104,1.1892635711398811,moderada,consumo_nocturno_alto
2025-09-13 03:00:00,Duitama,comedor,3,5,0.5314,0.4426274,0.08877259999999998,20.055830253617373,1.2005583025361737,moderada,consumo_nocturno_alto
2025-09-13 05:00:00,Duitama,comedor,5,5,0.5409,0.43064135,0.11025865000000007,25.603358804257898,1.256033588042579,moderada,consumo_nocturno_alto
2025-09-13 07:00:00,Duitama,comedor,7,5,0.5088,0.42120966,0.08759034000000004,20.79495042919957,1.2079495042919957,moderada,consumo_fin_semana_alto
2025-09-13 08:00:00,Tunja,salones,8,5,2.0956,1.8201569,0.27544310000000016,15.132931671989386,1.151329316719894,moderada,consumo_fin_semana_alto
2025-09-13 08:00:00,Tunja,oficinas,8,5,1.4298,1.1712338,0.25856619999999997,22.07639499474827,1.2207639499474827,moderada,consumo_fin_semana_alto
2025-09-13 09:00:00,Tunja,oficinas,9,5,1.5461,1.2202362,0.32586380000000004,26.704977282267155,1.2670497728226715,moderada,consumo_fin_semana_alto
2025-09-13 10:00:00,Sogamoso,salones,10,5,5.9021,5.041269,0.8608310000000001,17.07568074625655,1.1707568074625656,moderada,consumo_fin_semana_alto
2025-09-13 10:00:00,Tunja,salones,10,5,2.3271,1.9894193,0.33768070000000017,16.97383251484492,1.1697383251484492,moderada,consumo_fin_semana_alto
2025-09-13 11:00:00,Duitama,laboratorios,11,5,8.2721,6.9732556,1.2988444000000001,18.62608334620633,1.1862608334620632,moderada,consumo_fin_semana_alto
2025-09-13 11:00:00,Sogamoso,laboratorios,11,5,8.6671,7.4493856,1.2177143999999993,16.346507824752678,1.1634650782475269,moderada,consumo_fin_semana_alto
2025-09-13 11:00:00,Tunja,oficinas,11,5,1.4152,1.1953174,0.21988260000000004,18.39533164998686,1.1839533164998686,moderada,consumo_fin_semana_alto
2025-09-13 12:00:00,Sogamoso,salones,12,5,5.444,3.700066,1.7439339999999999,47.132510609270206,1.4713251060927022,critica,consumo_fin_semana_alto
2025-09-13 12:00:00,Tunja,salones,12,5,2.0471,1.6748166,0.37228339999999993,22.228308460759223,1.2222830846075923,moderada,consumo_fin_semana_alto
2025-09-13 13:00:00,Chiquinquirá,comedor,13,5,0.5127,0.40590313,0.10679687000000004,26.310925466379143,1.2631092546637914,moderada,consumo_fin_semana_alto
2025-09-13 13:00:00,Duitama,comedor,13,5,1.5695,1.0886055,0.4808945,44.17527745358626,1.4417527745358627,critica,consumo_fin_semana_alto
2025-09-13 13:00:00,Sogamoso,comedor,13,5,1.7203,1.2612109,0.4590890999999999,36.40066066666566,1.3640066066666565,critica,consumo_fin_semana_alto
2025-09-13 13:00:00,Tunja,comedor,13,5,0.866,0.74133563,0.12466436999999997,16.816184863528,1.16816184863528,moderada,consumo_fin_semana_alto
2025-09-13 15:00:00,Sogamoso,comedor,15,5,0.5145,0.41217333,0.10232666999999995,24.82612594075409,1.2482612594075408,moderada,consumo_fin_semana_alto
2025-09-13 17:00:00,Duitama,comedor,17,5,0.5307,0.45921016,0.07148983999999997,15.56800049894366,1.1556800049894367,moderada,consumo_fin_semana_alto
2025-09-13 17:00:00,Duitama,oficinas,17,5,0.9793,0.84521836,0.13408164,15.863550337453628,1.1586355033745364,moderada,consumo_fin_semana_alto
2025-09-13 18:00:00,Duitama,comedor,18,5,0.5185,0.43014273,0.08835726999999999,20.54138401920683,1.2054138401920684,moderada,consumo_fin_semana_alto
2025-09-13 19:00:00,Sogamoso,comedor,19,5,0.519,0.428911,0.09008900000000003,21.004124398768052,1.2100412439876804,moderada,consumo_fin_semana_alto
2025-09-13 20:00:00,Sogamoso,comedor,20,5,0.5273,0.43662506,0.09067493999999998,20.76723218772646,1.2076723218772647,moderada,consumo_fin_semana_alto
2025-09-13 21:00:00,Duitama,comedor,21,5,0.5254,0.43973,0.08566999999999997,19.482409660473465,1.1948240966047345,moderada,consumo_fin_semana_alto
2025-09-13 21:00:00,Sogamoso,comedor,21,5,0.5204,0.44148076,0.07891923999999995,17.876031562507944,1.1787603156250794,moderada,consumo_fin_semana_alto
2025-09-13 22:00:00,Sogamoso,comedor,22,5,0.5199,0.43962437,0.08027563000000004,18.26005005136545,1.1826005005136546,moderada,consumo_fin_semana_alto
2025-09-13 23:00:00,Duitama,oficinas,23,5,0.9838,0.8325224,0.1512776,18.1709945582245,1.181709945582245,moderada,consumo_fin_semana_alto
2025-09-14 00:00:00,Duitama,salones,0,6,0.5045,0.41964892,0.08485107999999997,20.21953970476082,1.2021953970476082,moderada,consumo_nocturno_alto
2025-09-14 00:00:00,Duitama,oficinas,0,6,0.9838,0.84829557,0.13550443,15.973728355082653,1.1597372835508266,moderada,consumo_nocturno_alto
2025-09-14 02:00:00,Sogamoso,oficinas,2,6,0.9525,0.8092739,0.14322610000000002,17.698099493879642,1.1769809949387964,moderada,consumo_nocturno_alto
2025-09-14 05:00:00,Duitama,oficinas,5,6,0.965,0.822138,0.14286199999999993,17.376888065020704,1.1737688806502071,moderada,consumo_nocturno_alto
2025-09-14 07:00:00,Duitama,oficinas,7,6,0.9518,0.79796135,0.15383864999999997,19.278960064920433,1.1927896006492043,moderada,consumo_fin_semana_alto
2025-09-14 08:00:00,Tunja,laboratorios,8,6,1.5941,1.3761088,0.21799120000000016,15.841131166372904,1.1584113116637291,moderada,consumo_fin_semana_alto
2025-09-14 13:00:00,Sogamoso,oficinas,13,6,0.9107,0.76946634,0.14123365999999993,18.354754803179553,1.1835475480317956,moderada,consumo_fin_semana_alto
2025-09-14 14:00:00,Sogamoso,oficinas,14,6,0.9431,0.7963785,0.14672150000000006,18.423588783474198,1.1842358878347419,moderada,consumo_fin_semana_alto
2025-09-14 16:00:00,Chiquinquirá,laboratorios,16,6,0.6916,0.5952998,0.09630019999999995,16.176756652698344,1.1617675665269835,moderada,consumo_fin_semana_alto
2025-09-14 20:00:00,Duitama,oficinas,20,6,0.9691,0.82364535,0.1454546499999999,17.659864163623322,1.1765986416362333,moderada,consumo_fin_semana_alto
2025-09-14 23:00:00,Sogamoso,oficinas,23,6,0.9619,0.81466013,0.14723986999999994,18.073778816203994,1.18073778816204,moderada,consumo_fin_semana_alto
2025-09-15 00:00:00,Duitama,comedor,0,0,0.538,0.45133683,0.08666317000000001,19.201439864767963,1.1920143986476797,moderada,consumo_nocturno_alto
2025-09-15 01:00:00,Duitama,comedor,1,0,0.5279,0.4499465,0.07795350000000001,17.32505975710446,1.1732505975710446,moderada,consumo_nocturno_alto
2025-09-15 01:00:00,Sogamoso,comedor,1,0,0.5301,0.44706234,0.08303766000000001,18.574067321349414,1.185740673213494,moderada,consumo_nocturno_alto
2025-09-15 03:00:00,Sogamoso,comedor,3,0,0.5257,0.44662634,0.07907365999999993,17.704656648777124,1.1770465664877712,moderada,consumo_nocturno_alto
2025-09-15 03:00:00,Sogamoso,oficinas,3,0,0.9798,0.8359574,0.14384260000000004,17.206929444012346,1.1720692944401234,moderada,consumo_nocturno_alto
2025-09-15 04:00:00,Sogamoso,oficinas,4,0,0.9846,0.81336,0.17124000000000006,21.05340808498083,1.2105340808498082,moderada,consumo_nocturno_alto
2025-09-15 06:00:00,Duitama,oficinas,6,0,0.9883,0.82381135,0.1644886499999999,19.96678608518806,1.1996678608518805,moderada,consumo_nocturno_alto
2025-09-15 09:00:00,Duitama,comedor,9,0,1.0671,0.8507809,0.2163191,25.425946915357407,1.254259469153574,moderada,consumo_pico_excesivo
2025-09-15 09:00:00,Tunja,comedor,9,0,0.5574,0.46032235,0.09707765000000002,21.089058569500267,1.2108905856950027,moderada,consumo_pico_excesivo
2025-09-15 09:00:00,Tunja,salones,9,0,3.6065,3.0340457,0.5724543,18.86768877607875,1.1886768877607876,moderada,consumo_pico_excesivo
2025-09-15 10:00:00,Tunja,oficinas,10,0,3.6609,3.061898,0.599002,19.563094525029904,1.1956309452502991,moderada,consumo_pico_excesivo
2025-09-15 11:00:00,Tunja,salones,11,0,3.4266,2.927106,0.4994939999999999,17.064431557996187,1.170644315579962,moderada,consumo_pico_excesivo
2025-09-15 12:00:00,Sogamoso,comedor,12,0,3.056,2.5241542,0.5318458000000001,21.070257910550797,1.210702579105508,moderada,consumo_fuera_patron
2025-09-15 12:00:00,Tunja,laboratorios,12,0,2.5673,2.2239249,0.3433750999999998,15.440049257058986,1.15440049257059,moderada,consumo_fuera_patron
2025-09-15 12:00:00,Tunja,oficinas,12,0,2.0851,1.735573,0.34952700000000014,20.138997322498113,1.201389973224981,moderada,consumo_fuera_patron
2025-09-15 13:00:00,Chiquinquirá,salones,13,0,0.9295,0.72549504,0.20400496,28.119414848101513,1.2811941484810152,moderada,consumo_fuera_patron
2025-09-15 13:00:00,Sogamoso,comedor,13,0,3.3693,2.9214818,0.44781819999999994,15.32846105698827,1.1532846105698826,moderada,consumo_fuera_patron
2025-09-15 13:00:00,Tunja,comedor,13,0,1.846,1.5614884,0.2845116000000001,18.2205388141212,1.182205388141212,moderada,consumo_fuera_patron
2025-09-15 16:00:00,Sogamoso,salones,16,0,7.4848,6.4988832,0.9859168,15.17055730436885,1.1517055730436885,moderada,consumo_pico_excesivo
2025-09-15 17:00:00,Chiquinquirá,oficinas,17,0,3.0632,2.6004558,0.46274419999999994,17.794734292349823,1.1779473429234981,moderada,consumo_pico_excesivo
2025-09-15 17:00:00,Duitama,comedor,17,0,1.425,1.0808824,0.34411760000000013,31.83672895404719,1.3183672895404719,critica,consumo_pico_excesivo
2025-09-15 18:00:00,Chiquinquirá,oficinas,18,0,1.1482,0.9083284,0.23987160000000007,26.408025995884316,1.2640802599588432,moderada,consumo_fuera_patron
2025-09-15 18:00:00,Duitama,salones,18,0,3.3857,2.7632442,0.6224558,22.526268217626225,1.2252626821762622,moderada,consumo_fuera_patron
2025-09-15 18:00:00,Duitama,oficinas,18,0,2.4259,1.9536527,0.47224730000000004,24.172530767623133,1.2417253076762313,moderada,consumo_fuera_patron
2025-09-15 18:00:00,Sogamoso,laboratorios,18,0,7.1465,5.9450207,1.2014793,20.20984216253444,1.2020984216253443,moderada,consumo_fuera_patron
2025-09-15 18:00:00,Tunja,oficinas,18,0,1.2239,0.9482891,0.2756109,29.064016448148568,1.2906401644814856,moderada,consumo_fuera_patron
2025-09-15 19:00:00,Chiquinquirá,oficinas,19,0,0.8144,0.68176055,0.13263945,19.455430502688955,1.1945543050268896,moderada,consumo_fuera_patron
2025-09-15 20:00:00,Chiquinquirá,salones,20,0,1.5661,1.3426325,0.22346750000000015,16.64398113407803,1.1664398113407803,moderada,consumo_fuera_patron
2025-09-15 23:00:00,Sogamoso,comedor,23,0,0.5064,0.43570355,0.07069644999999997,16.225814547528923,1.1622581454752892,moderada,consumo_fuera_patron
2025-09-15 23:00:00,Sogamoso,oficinas,23,0,0.9509,0.8206304,0.13026959999999999,15.874332708122923,1.1587433270812293,moderada,consumo_fuera_patron
2025-09-16 00:00:00,Duitama,comedor,0,1,0.5209,0.45167968,0.06922032000000006,15.325090559752446,1.1532509055975244,moderada,consumo_nocturno_alto
2025-09-16 01:00:00,Duitama,comedor,1,1,0.5343,0.44877133,0.08552866999999997,19.058407764150168,1.1905840776415018,moderada,consumo_nocturno_alto
2025-09-16 03:00:00,Duitama,comedor,3,1,0.521,0.448481,0.072519,16.16991578238543,1.1616991578238542,moderada,consumo_nocturno_alto
2025-09-16 03:00:00,Sogamoso,comedor,3,1,0.5332,0.45114678,0.08205321999999998,18.187699355850434,1.1818769935585043,moderada,consumo_nocturno_alto
2025-09-16 05:00:00,Sogamoso,comedor,5,1,0.5248,0.45173913,0.07306087000000006,16.17324361518119,1.161732436151812,moderada,consumo_nocturno_alto
2025-09-16 06:00:00,Duitama,comedor,6,1,0.5325,0.44598758,0.08651241999999998,19.397943772335537,1.1939794377233555,moderada,consumo_nocturno_alto
2025-09-16 06:00:00,Sogamoso,comedor,6,1,0.531,0.4401552,0.0908448,20.639265422741797,1.206392654227418,moderada,consumo_nocturno_alto
2025-09-16 07:00:00,Duitama,comedor,7,1,0.9148,0.7717305,0.14306949999999996,18.538790419712576,1.1853879041971258,moderada,consumo_pico_excesivo
2025-09-16 07:00:00,Tunja,salones,7,1,3.6113,3.0359035,0.5753965000000001,18.95305631420762,1.1895305631420763,moderada,consumo_pico_excesivo
2025-09-16 08:00:00,Chiquinquirá,oficinas,8,1,3.3726,2.8466787,0.5259212999999998,18.474909022925555,1.1847490902292555,moderada,consumo_pico_excesivo
2025-09-16 08:00:00,Sogamoso,comedor,8,1,0.8717,0.7486995,0.12300050000000007,16.428553778919323,1.1642855377891932,moderada,consumo_pico_excesivo
2025-09-16 08:00:00,Tunja,comedor,8,1,0.5188,0.4177515,0.10104850000000004,24.18866239857907,1.2418866239857906,moderada,consumo_pico_excesivo
2025-09-16 09:00:00,Chiquinquirá,laboratorios,9,1,2.2874,1.9528184,0.3345815999999999,17.13326748662343,1.1713326748662343,moderada,consumo_pico_excesivo
2025-09-16 11:00:00,Tunja,oficinas,11,1,3.6249,2.9691007,0.6557993,22.087472479461542,1.2208747247946155,moderada,consumo_pico_excesivo
2025-09-16 12:00:00,Chiquinquirá,comedor,12,1,0.8397,0.4868613,0.3528387,72.47211885602738,1.7247211885602738,critica,consumo_fuera_patron
2025-09-16 12:00:00,Chiquinquirá,oficinas,12,1,1.7533,1.3984827,0.3548173000000001,25.371590224176536,1.2537159022417654,moderada,consumo_fuera_patron
2025-09-16 12:00:00,Duitama,salones,12,1,1.8904,1.5201731,0.3702269,24.35425939322305,1.2435425939322304,moderada,consumo_fuera_patron
2025-09-16 12:00:00,Tunja,comedor,12,1,1.7569,1.4661814,0.29071859999999994,19.828283185150212,1.1982828318515022,moderada,consumo_fuera_patron
2025-09-16 13:00:00,Duitama,salones,13,1,1.3971,1.1966698,0.2004302,16.748997927414898,1.1674899792741489,moderada,consumo_fuera_patron
2025-09-16 13:00:00,Duitama,oficinas,13,1,4.5533,3.2347028,1.3185972000000001,40.764091217282775,1.4076409121728277,critica,consumo_fuera_patron
2025-09-16 15:00:00,Duitama,oficinas,15,1,7.2727,5.942521,1.3301790000000002,22.384085811392172,1.2238408581139217,moderada,consumo_pico_excesivo
2025-09-16 15:00:00,Tunja,oficinas,15,1,3.2923,2.7062025,0.5860975000000002,21.657562580775096,1.216575625807751,moderada,consumo_pico_excesivo
2025-09-16 16:00:00,Tunja,comedor,16,1,0.6536,0.56827104,0.08532896000000001,15.015539063894584,1.150155390638946,moderada,consumo_pico_excesivo
2025-09-16 16:00:00,Tunja,oficinas,16,1,3.5303,2.744826,0.7854739999999998,28.616531612568508,1.2861653161256852,moderada,consumo_pico_excesivo
2025-09-16 18:00:00,Duitama,laboratorios,18,1,6.9324,5.9616756,0.9707243999999999,16.28274440159072,1.1628274440159072,moderada,consumo_fuera_patron
2025-09-16 20:00:00,Sogamoso,comedor,20,1,0.5142,0.43624783,0.07795216999999999,17.868781146716533,1.1786878114671653,moderada,consumo_fuera_patron
2025-09-16 20:00:00,Tunja,salones,20,1,1.1163,0.8335733,0.2827267000000001,33.917437134802675,1.3391743713480269,critica,consumo_fuera_patron
2025-09-16 20:00:00,Tunja,laboratorios,20,1,2.5453,2.0937402,0.45155980000000007,21.56713617095378,1.2156713617095378,moderada,consumo_fuera_patron
2025-09-16 21:00:00,Duitama,comedor,21,1,0.5377,0.4462269,0.09147309999999997,20.499234806328346,1.2049923480632834,moderada,consumo_fuera_patron
2025-09-16 21:00:00,Duitama,oficinas,21,1,0.9894,0.84909296,0.14030703999999994,16.524343812719863,1.1652434381271985,moderada,consumo_fuera_patron
2025-09-16 21:00:00,Sogamoso,comedor,21,1,0.5305,0.43772033,0.09277966999999998,21.19610711250263,1.2119610711250264,moderada,consumo_fuera_patron
2025-09-16 22:00:00,Duitama,comedor,22,1,0.5284,0.44867536,0.07972463999999996,17.768891966788626,1.1776889196678864,moderada,consumo_fuera_patron
2025-09-16 23:00:00,Duitama,oficinas,23,1,0.995,0.80676985,0.18823014999999998,23.33133172986075,1.2333133172986075,moderada,consumo_fuera_patron
2025-09-16 23:00:00,Sogamoso,comedor,23,1,0.5135,0.4338087,0.07969129999999996,18.370147947701366,1.1837014794770135,moderada,consumo_fuera_patron
2025-09-17 00:00:00,Duitama,oficinas,0,2,0.9967,0.833926,0.16277400000000009,19.518998088559428,1.1951899808855944,moderada,consumo_nocturno_alto
2025-09-17 00:00:00,Sogamoso,oficinas,0,2,0.9682,0.81384677,0.1543532299999999,18.9658834672281,1.189658834672281,moderada,consumo_nocturno_alto
2025-09-17 01:00:00,Sogamoso,comedor,1,2,0.5182,0.44706234,0.07113765999999999,15.912246153411175,1.1591224615341118,moderada,consumo_nocturno_alto
2025-09-17 05:00:00,Duitama,oficinas,5,2,0.9945,0.805311,0.18918900000000005,23.492663082958018,1.23492663082958,moderada,consumo_nocturno_alto
2025-09-17 05:00:00,Sogamoso,oficinas,5,2,0.9679,0.82478654,0.14311346000000003,17.351575596759865,1.1735157559675986,moderada,consumo_nocturno_alto
2025-09-17 06:00:00,Sogamoso,comedor,6,2,0.5347,0.44278932,0.09191067999999997,20.75720344835778,1.2075720344835779,moderada,consumo_nocturno_alto
2025-09-17 07:00:00,Chiquinquirá,salones,7,2,4.5227,3.7865453,0.7361547000000006,19.44132822073991,1.1944132822073992,moderada,consumo_pico_excesivo
2025-09-17 07:00:00,Duitama,comedor,7,2,1.0211,0.7394719,0.28162809999999994,38.08503068203132,1.3808503068203133,critica,consumo_pico_excesivo
2025-09-17 09:00:00,Chiquinquirá,oficinas,9,2,3.4184,2.849328,0.5690720000000002,19.972147818713758,1.1997214781871375,moderada,consumo_pico_excesivo
2025-09-17 09:00:00,Sogamoso,comedor,9,2,1.0188,0.86143976,0.15736023999999993,18.267120616768366,1.1826712061676836,moderada,consumo_pico_excesivo
2025-09-17 10:00:00,Chiquinquirá,salones,10,2,4.3794,3.8068402,0.5725598000000005,15.040289844580304,1.150402898445803,moderada,consumo_pico_excesivo
2025-09-17 10:00:00,Duitama,comedor,10,2,1.0312,0.82922786,0.20197213999999986,24.356651499866373,1.2435665149986637,moderada,consumo_pico_excesivo
2025-09-17 10:00:00,Tunja,comedor,10,2,0.5146,0.43895105,0.07564894999999994,17.234028714591282,1.1723402871459128,moderada,consumo_pico_excesivo
2025-09-17 11:00:00,Chiquinquirá,laboratorios,11,2,2.2906,1.9633213,0.3272786999999999,16.669645462512932,1.1666964546251293,moderada,consumo_pico_excesivo
2025-09-17 11:00:00,Duitama,salones,11,2,8.6421,7.2520223,1.390077699999999,19.168138796263754,1.1916813879626376,moderada,consumo_pico_excesivo
2025-09-17 11:00:00,Tunja,laboratorios,11,2,17.597100217188125,15.0881,2.509000217188124,16.629000451933138,1.1662900045193314,moderada,consumo_pico_excesivo
2025-09-17 12:00:00,Chiquinquirá,comedor,12,2,0.812,0.66802186,0.1439781400000001,21.552908463205096,1.215529084632051,moderada,consumo_fuera_patron
2025-09-17 12:00:00,Chiquinquirá,oficinas,12,2,2.2114,1.5801381,0.6312618999999997,39.94979299594129,1.3994979299594128,critica,consumo_fuera_patron
2025-09-17 12:00:00,Sogamoso,comedor,12,2,3.1666,2.7425623,0.42403769999999996,15.461369829228675,1.1546136982922868,moderada,consumo_fuera_patron
2025-09-17 12:00:00,Sogamoso,salones,12,2,1.3954,1.1426684,0.25273159999999995,22.11766773282607,1.2211766773282606,moderada,consumo_fuera_patron
2025-09-17 12:00:00,Tunja,comedor,12,2,1.6366,1.4035903,0.2330097,16.6009767950092,1.166009767950092,moderada,consumo_fuera_patron
2025-09-17 12:00:00,Tunja,oficinas,12,2,1.9131,1.5529239,0.3601761000000001,23.193415981298255,1.2319341598129825,moderada,consumo_fuera_patron
2025-09-17 13:00:00,Duitama,salones,13,2,1.4685,1.2170241,0.2514759,20.66318160831819,1.206631816083182,moderada,consumo_fuera_patron
2025-09-17 13:00:00,Duitama,laboratorios,13,2,5.2505,4.164877,1.085623,26.066147931859696,1.2606614793185968,moderada,consumo_fuera_patron
2025-09-17 13:00:00,Duitama,oficinas,13,2,4.0392,3.151777,0.8874230000000001,28.1562750156499,1.281562750156499,moderada,consumo_fuera_patron
2025-09-17 13:00:00,Sogamoso,salones,13,2,1.506,1.3011737,0.2048262999999999,15.741656936349074,1.1574165693634908,moderada,consumo_fuera_patron
2025-09-17 13:00:00,Sogamoso,oficinas,13,2,4.5615,3.9211252,0.6403747999999996,16.33140405718235,1.1633140405718234,moderada,consumo_fuera_patron
2025-09-17 13:00:00,Tunja,oficinas,13,2,2.1692,1.8636638,0.3055361999999999,16.394384008532008,1.1639438400853201,moderada,consumo_fuera_patron
2025-09-17 14:00:00,Duitama,comedor,14,2,0.5381,0.4591341,0.07896590000000003,17.198875012768607,1.171988750127686,moderada,consumo_pico_excesivo
2025-09-17 14:00:00,Duitama,oficinas,14,2,6.9195,5.967639,0.9518610000000001,15.950378365715487,1.159503783657155,moderada,consumo_pico_excesivo
2025-09-17 14:00:00,Sogamoso,oficinas,14,2,6.7371,5.798014,0.9390859999999996,16.19668389900403,1.1619668389900404,moderada,consumo_pico_excesivo
2025-09-17 15:00:00,Duitama,salones,15,2,8.5434,7.227813,1.3155869999999998,18.201729900870426,1.1820172990087043,moderada,consumo_pico_excesivo
2025-09-17 15:00:00,Sogamoso,comedor,15,2,0.5291,0.44100055,0.08809945000000002,19.977174631641624,1.1997717463164161,moderada,consumo_pico_excesivo
2025-09-17 15:00:00,Tunja,laboratorios,15,2,4.195,3.5276089,0.6673911000000001,18.919078586064348,1.1891907858606434,moderada,consumo_pico_excesivo
2025-09-17 17:00:00,Tunja,oficinas,17,2,3.3742,2.7280204,0.6461796,23.686758354153067,1.2368675835415306,moderada,consumo_pico_excesivo
2025-09-17 18:00:00,Sogamoso,oficinas,18,2,2.0595,1.7378967,0.3216032999999998,18.505317375883145,1.1850531737588315,moderada,consumo_fuera_patron
2025-09-17 19:00:00,Chiquinquirá,oficinas,19,2,1.1635,0.94434077,0.21915922999999993,23.207642512352813,1.232076425123528,moderada,consumo_fuera_patron
2025-09-17 19:00:00,Duitama,oficinas,19,2,2.7263,2.3313408,0.3949592000000002,16.941289750516106,1.169412897505161,moderada,consumo_fuera_patron
2025-09-17 19:00:00,Sogamoso,salones,19,2,3.4265,2.5197906,0.9067094,35.98352180534366,1.3598352180534368,critica,consumo_fuera_patron
2025-09-17 19:00:00,Sogamoso,oficinas,19,2,2.218,1.9172715,0.30072849999999995,15.68523289476738,1.1568523289476738,moderada,consumo_fuera_patron
2025-09-17 19:00:00,Tunja,salones,19,2,1.2138,0.9969439,0.2168561,21.752086551710683,1.2175208655171068,moderada,consumo_fuera_patron
2025-09-17 20:00:00,Chiquinquirá,salones,20,2,1.7692,1.4516808,0.3175192,21.872521838134112,1.218725218381341,moderada,consumo_fuera_patron
2025-09-17 20:00:00,Duitama,comedor,20,2,0.5145,0.44084993,0.07365006999999996,16.706381239529733,1.1670638123952972,moderada,consumo_fuera_patron
2025-09-17 21:00:00,Sogamoso,comedor,21,2,0.5212,0.43860835,0.08259165000000002,18.830387063994568,1.1883038706399456,moderada,consumo_fuera_patron
2025-09-17 22:00:00,Duitama,comedor,22,2,0.5252,0.4508595,0.07434049999999998,16.488617851015665,1.1648861785101567,moderada,consumo_fuera_patron
2025-09-17 23:00:00,Duitama,comedor,23,2,0.532,0.4462269,0.08577310000000005,19.221857758911455,1.1922185775891145,moderada,consumo_fuera_patron
2025-09-18 01:00:00,Sogamoso,comedor,1,3,0.5143,0.4401552,0.07414479999999996,16.845149165567044,1.1684514916556705,moderada,consumo_nocturno_alto
2025-09-18 01:00:00,Sogamoso,oficinas,1,3,0.9827,0.82890975,0.15379025000000002,18.553316570350393,1.185533165703504,moderada,consumo_nocturno_alto
2025-09-18 06:00:00,Duitama,comedor,6,3,0.5199,0.44623056,0.07366944000000003,16.509277177251157,1.1650927717725115,moderada,consumo_nocturno_alto
2025-09-18 06:00:00,Duitama,salones,6,3,0.5012,0.40927425,0.09192574999999997,22.46067276404513,1.2246067276404513,moderada,consumo_nocturno_alto
2025-09-18 06:00:00,Duitama,oficinas,6,3,0.9726,0.83965397,0.13294603000000005,15.833430764342133,1.1583343076434214,moderada,consumo_nocturno_alto
2025-09-18 09:00:00,Chiquinquirá,salones,9,3,4.4753,3.7821517,0.6931482999999998,18.326824384119757,1.1832682438411974,moderada,consumo_pico_excesivo
2025-09-18 09:00:00,Sogamoso,comedor,9,3,1.1082,0.81123227,0.2969677300000001,36.60699173123378,1.3660699173123378,critica,consumo_pico_excesivo
2025-09-18 09:00:00,Tunja,comedor,9,3,0.567,0.47078177,0.09621822999999996,20.437968530514674,1.2043796853051467,moderada,consumo_pico_excesivo
2025-09-18 10:00:00,Tunja,comedor,10,3,0.5614,0.4381997,0.12320029999999998,28.11510368446167,1.2811510368446166,moderada,consumo_pico_excesivo
2025-09-18 12:00:00,Chiquinquirá,salones,12,3,0.8606,0.6892905,0.1713095,24.853019155203793,1.248530191552038,moderada,consumo_fuera_patron
2025-09-18 12:00:00,Chiquinquirá,laboratorios,12,3,1.1332,0.9685767,0.16462330000000003,16.996413397101133,1.1699641339710114,moderada,consumo_fuera_patron
2025-09-18 12:00:00,Sogamoso,comedor,12,3,3.2395,2.808562,0.43093800000000027,15.343723941290962,1.1534372394129095,moderada,consumo_fuera_patron
2025-09-18 12:00:00,Tunja,salones,12,3,0.7175,0.5463213,0.17117870000000002,31.332972007498157,1.3133297200749816,critica,consumo_fuera_patron
2025-09-18 13:00:00,Chiquinquirá,salones,13,3,0.8785,0.6732853,0.20521469999999997,30.479605005485784,1.3047960500548579,critica,consumo_fuera_patron
2025-09-18 13:00:00,Duitama,salones,13,3,1.7627,1.2878664,0.47483359999999997,36.869787114564055,1.3686978711456406,critica,consumo_fuera_patron
2025-09-18 13:00:00,Sogamoso,comedor,13,3,3.0671,2.4915361,0.5755639000000001,23.10076502604157,1.2310076502604157,moderada,consumo_fuera_patron
2025-09-18 13:00:00,Tunja,comedor,13,3,1.7764,1.4721882,0.30421180000000003,20.663920550375288,1.206639205503753,moderada,consumo_fuera_patron
2025-09-18 14:00:00,Tunja,oficinas,14,3,3.1012,2.5937734,0.5074266000000001,19.563258687131267,1.1956325868713127,moderada,consumo_pico_excesivo
2025-09-18 15:00:00,Sogamoso,salones,15,3,6.7424,5.8244367,0.9179633000000003,15.760550715573926,1.1576055071557392,moderada,consumo_pico_excesivo
2025-09-18 16:00:00,Chiquinquirá,laboratorios,16,3,2.1741,1.8695866,0.30451340000000005,16.28773976022293,1.1628773976022293,moderada,consumo_pico_excesivo
2025-09-18 16:00:00,Tunja,oficinas,16,3,3.3195,2.7917209,0.5277791000000001,18.905152732137374,1.1890515273213738,moderada,consumo_pico_excesivo
2025-09-18 18:00:00,Duitama,comedor,18,3,0.5399,0.43659392,0.10330608000000002,23.661822867345478,1.2366182286734548,moderada,consumo_fuera_patron
2025-09-18 19:00:00,Chiquinquirá,oficinas,19,3,1.0877,0.93214303,0.1555569699999999,16.688100966651,1.16688100966651,moderada,consumo_fuera_patron
2025-09-18 19:00:00,Duitama,comedor,19,3,0.5241,0.41782996,0.10627004000000001,25.433800869616917,1.254338008696169,moderada,consumo_fuera_patron
2025-09-18 19:00:00,Sogamoso,salones,19,3,3.2981,2.5878773,0.7102226999999997,27.44421847202723,1.2744421847202723,moderada,consumo_fuera_patron
2025-09-18 20:00:00,Duitama,salones,20,3,3.6922,2.9634147,0.7287853000000002,24.59275443291822,1.2459275443291822,moderada,consumo_fuera_patron
2025-09-18 20:00:00,Sogamoso,comedor,20,3,0.5317,0.457684,0.07401599999999997,16.171856564791423,1.1617185656479143,moderada,consumo_fuera_patron
2025-09-18 20:00:00,Tunja,salones,20,3,1.2877,0.8335733,0.4541267000000001,54.47951607855004,1.5447951607855004,critica,consumo_fuera_patron
2025-09-18 21:00:00,Sogamoso,comedor,21,3,0.5219,0.43263355,0.08926645000000005,20.63327035085468,1.2063327035085467,moderada,consumo_fuera_patron
2025-09-18 22:00:00,Duitama,comedor,22,3,0.5129,0.44241512,0.07048488000000003,15.931842474099897,1.1593184247409989,moderada,consumo_fuera_patron
2025-09-18 23:00:00,Duitama,comedor,23,3,0.522,0.45235085,0.06964914999999999,15.397152453676167,1.1539715245367617,moderada,consumo_fuera_patron
2025-09-19 04:00:00,Sogamoso,comedor,4,4,0.5236,0.45146197,0.07213802999999996,15.97876117893163,1.1597876117893162,moderada,consumo_nocturno_alto
2025-09-19 05:00:00,Duitama,comedor,5,4,0.5365,0.44982547,0.08667452999999997,19.26847983952531,1.192684798395253,moderada,consumo_nocturno_alto
2025-09-19 06:00:00,Sogamoso,comedor,6,4,0.5239,0.43898004,0.08491996000000002,19.344833992907745,1.1934483399290774,moderada,consumo_nocturno_alto
2025-09-19 09:00:00,Chiquinquirá,laboratorios,9,4,2.4346,2.0168421,0.41775790000000024,20.713465868250186,1.2071346586825018,moderada,consumo_pico_excesivo
2025-09-19 09:00:00,Sogamoso,comedor,9,4,0.9955,0.7774607,0.21803930000000005,28.045057454351074,1.2804505745435109,moderada,consumo_pico_excesivo
2025-09-19 09:00:00,Sogamoso,salones,9,4,7.2987,6.2010407,1.0976593000000001,17.701211024143092,1.177012110241431,moderada,consumo_pico_excesivo
2025-09-19 10:00:00,Chiquinquirá,laboratorios,10,4,2.4421,2.0669763,0.37512370000000006,18.148427729916406,1.181484277299164,moderada,consumo_pico_excesivo
2025-09-19 10:00:00,Duitama,comedor,10,4,1.1219,0.85230833,0.26959166999999995,31.630767940517483,1.316307679405175,critica,consumo_pico_excesivo
2025-09-19 10:00:00,Tunja,comedor,10,4,0.6099,0.4607312,0.1491688,32.376535385491586,1.323765353854916,critica,consumo_pico_excesivo
2025-09-19 12:00:00,Tunja,comedor,12,4,1.6159,1.3984789,0.21742109999999992,15.546970354718969,1.1554697035471897,moderada,consumo_fuera_patron
2025-09-19 13:00:00,Chiquinquirá,comedor,13,4,0.9277,0.62280023,0.30489977,48.95627125892359,1.489562712589236,critica,consumo_fuera_patron
2025-09-19 13:00:00,Chiquinquirá,oficinas,13,4,1.9079,1.5632354,0.3446646,22.048157302476646,1.2204815730247665,moderada,consumo_fuera_patron
2025-09-19 13:00:00,Tunja,salones,13,4,0.6836,0.51857126,0.16502874,31.823734311847517,1.3182373431184753,critica,consumo_fuera_patron
2025-09-19 13:00:00,Tunja,oficinas,13,4,2.2969,1.7079253,0.5889746999999999,34.48480445836828,1.3448480445836828,critica,consumo_fuera_patron
2025-09-19 15:00:00,Chiquinquirá,laboratorios,15,4,2.1546,1.8118604,0.3427395999999998,18.91644632224424,1.1891644632224425,moderada,consumo_pico_excesivo
2025-09-19 15:00:00,Sogamoso,salones,15,4,3.7734,3.167829,0.6055710000000003,19.11627805667542,1.1911627805667542,moderada,consumo_pico_excesivo
2025-09-19 15:00:00,Sogamoso,oficinas,15,4,4.5871,3.7774405,0.8096595000000004,21.434076857067648,1.2143407685706764,moderada,consumo_pico_excesivo
2025-09-19 16:00:00,Sogamoso,comedor,16,4,1.3924,1.148373,0.244027,21.24980298213211,1.212498029821321,moderada,consumo_pico_excesivo
2025-09-19 17:00:00,Chiquinquirá,oficinas,17,4,2.1841,1.8103709,0.37372910000000004,20.64378630920327,1.2064378630920327,moderada,consumo_pico_excesivo
2025-09-19 17:00:00,Duitama,comedor,17,4,1.3662,1.0778056,0.28839440000000005,26.757552567921344,1.2675755256792134,moderada,consumo_pico_excesivo
2025-09-19 18:00:00,Duitama,comedor,18,4,0.5212,0.42790303,0.09329696999999998,21.80329734986919,1.2180329734986919,moderada,consumo_fuera_patron
2025-09-19 18:00:00,Sogamoso,oficinas,18,4,2.3147,1.8305479,0.4841521000000002,26.44848026101913,1.2644848026101914,moderada,consumo_fuera_patron
2025-09-19 18:00:00,Tunja,salones,18,4,1.024,0.75647146,0.26752854000000004,35.365318342611374,1.3536531834261136,critica,consumo_fuera_patron
2025-09-19 18:00:00,Tunja,laboratorios,18,4,2.6537,2.285586,0.3681140000000003,16.10589144315726,1.1610589144315726,moderada,consumo_fuera_patron
2025-09-19 18:00:00,Tunja,oficinas,18,4,1.1387,0.7867424,0.3519576000000001,44.736066087197045,1.4473606608719705,critica,consumo_fuera_patron
2025-09-19 19:00:00,Duitama,comedor,19,4,0.5201,0.43092576,0.08917424000000002,20.69364337838611,1.206936433783861,moderada,consumo_fuera_patron
2025-09-19 20:00:00,Tunja,salones,20,4,1.3013,1.0861454,0.21515459999999997,19.809005313653216,1.1980900531365322,moderada,consumo_fuera_patron
2025-09-19 21:00:00,Sogamoso,comedor,21,4,0.5274,0.44221923,0.08518076999999996,19.262113499677515,1.1926211349967752,moderada,consumo_fuera_patron
2025-09-19 22:00:00,Duitama,comedor,22,4,0.5203,0.44780558,0.07249442,16.188815690952314,1.1618881569095232,moderada,consumo_fuera_patron
2025-09-19 22:00:00,Duitama,oficinas,22,4,0.9956,0.85003185,0.14556815,17.125023021196206,1.171250230211962,moderada,consumo_fuera_patron
2025-09-20 02:00:00,Duitama,comedor,2,5,0.5355,0.45377165,0.08172834999999995,18.010898212790497,1.180108982127905,moderada,consumo_nocturno_alto
2025-09-20 03:00:00,Duitama,comedor,3,5,0.531,0.44999212,0.08100788000000003,18.002066347295155,1.1800206634729515,moderada,consumo_nocturno_alto
2025-09-20 06:00:00,Duitama,oficinas,6,5,0.9548,0.8228,0.132,16.0427807486631,1.160427807486631,moderada,consumo_nocturno_alto
2025-09-20 06:00:00,Sogamoso,comedor,6,5,0.5301,0.4380001,0.09209990000000001,21.027369628454426,1.2102736962845442,moderada,consumo_nocturno_alto
2025-09-20 07:00:00,Chiquinquirá,salones,7,5,2.9093,2.3736331,0.5356668999999998,22.56738415048222,1.2256738415048223,moderada,consumo_fin_semana_alto
2025-09-20 07:00:00,Sogamoso,comedor,7,5,0.5274,0.42552668,0.10187331999999999,23.94052471633506,1.2394052471633505,moderada,consumo_fin_semana_alto
2025-09-20 09:00:00,Chiquinquirá,salones,9,5,3.0311,2.5348454,0.4962545999999999,19.57731228894669,1.1957731228894668,moderada,consumo_fin_semana_alto
2025-09-20 09:00:00,Tunja,salones,9,5,2.3709,1.9996213,0.37127869999999974,18.567450746798894,1.1856745074679889,moderada,consumo_fin_semana_alto
2025-09-20 09:00:00,Tunja,oficinas,9,5,1.2786,1.0701421,0.20845789999999997,19.47945978389225,1.1947945978389225,moderada,consumo_fin_semana_alto
2025-09-20 10:00:00,Chiquinquirá,oficinas,10,5,1.2316,1.0333762,0.19822380000000006,19.182152637151898,1.191821526371519,moderada,consumo_fin_semana_alto
2025-09-20 10:00:00,Duitama,comedor,10,5,0.5341,0.45272064,0.08137936000000001,17.97562399629052,1.1797562399629051,moderada,consumo_fin_semana_alto
2025-09-20 11:00:00,Tunja,oficinas,11,5,1.3075,1.101252,0.2062480000000002,18.728501741654068,1.1872850174165406,moderada,consumo_fin_semana_alto
2025-09-20 12:00:00,Chiquinquirá,salones,12,5,3.033,1.7185032,1.3144968,76.49079734038318,1.7649079734038318,critica,consumo_fin_semana_alto
2025-09-20 12:00:00,Tunja,comedor,12,5,0.9189,0.7637038,0.1551962,20.32151732124418,1.2032151732124419,moderada,consumo_fin_semana_alto
2025-09-20 12:00:00,Tunja,laboratorios,12,5,3.0268,2.5404875,0.48631250000000037,19.14248741629315,1.1914248741629314,moderada,consumo_fin_semana_alto
2025-09-20 13:00:00,Duitama,comedor,13,5,1.6148,1.2754533,0.3393467000000001,26.605968246740208,1.2660596824674022,moderada,consumo_fin_semana_alto
2025-09-20 13:00:00,Sogamoso,comedor,13,5,1.4764,1.103394,0.37300599999999995,33.805331549745596,1.338053315497456,critica,consumo_fin_semana_alto
2025-09-20 14:00:00,Duitama,oficinas,14,5,0.9509,0.8255019,0.12539809999999996,15.190528331915404,1.151905283319154,moderada,consumo_fin_semana_alto
2025-09-20 16:00:00,Duitama,comedor,16,5,0.5034,0.42694625,0.07645374999999993,17.907113600365367,1.1790711360036537,moderada,consumo_fin_semana_alto
2025-09-20 16:00:00,Duitama,oficinas,16,5,0.9917,0.8606729,0.13102710000000006,15.223797565834834,1.1522379756583483,moderada,consumo_fin_semana_alto
2025-09-20 16:00:00,Sogamoso,oficinas,16,5,0.9428,0.80911815,0.13368185,16.52191957379772,1.1652191957379772,moderada,consumo_fin_semana_alto
2025-09-20 20:00:00,Sogamoso,comedor,20,5,0.5256,0.4407967,0.08480329999999997,19.238642213065564,1.1923864221306557,moderada,consumo_fin_semana_alto
2025-09-20 21:00:00,Sogamoso,comedor,21,5,0.5187,0.44617358,0.07252642000000004,16.255202739705034,1.1625520273970504,moderada,consumo_fin_semana_alto
2025-09-20 22:00:00,Sogamoso,oficinas,22,5,0.9746,0.8184559,0.1561441,19.077888008382615,1.1907788800838262,moderada,consumo_fin_semana_alto
2025-09-20 23:00:00,Sogamoso,comedor,23,5,0.5353,0.43717313,0.09812686999999998,22.445768796449126,1.2244576879644913,moderada,consumo_fin_semana_alto
2025-09-21 00:00:00,Duitama,oficinas,0,6,0.9576,0.8195287,0.1380713,16.847646702305852,1.1684764670230585,moderada,consumo_nocturno_alto
2025-09-21 02:00:00,Sogamoso,oficinas,2,6,0.9473,0.7997005,0.1475995,18.456847282201274,1.1845684728220127,moderada,consumo_nocturno_alto
2025-09-21 03:00:00,Duitama,oficinas,3,6,0.9721,0.8241108,0.14798919999999993,17.957439703496174,1.1795743970349617,moderada,consumo_nocturno_alto
2025-09-21 05:00:00,Chiquinquirá,laboratorios,5,6,2.452014439734352,1.1530024,1.299012039734352,112.66342895160946,2.126634289516095,critica,consumo_nocturno_alto
2025-09-21 08:00:00,Sogamoso,oficinas,8,6,0.972,0.80606204,0.16593795999999994,20.58625164881849,1.2058625164881849,moderada,consumo_fin_semana_alto
2025-09-21 12:00:00,Chiquinquirá,laboratorios,12,6,0.6626,0.5733044,0.08929559999999992,15.57559997795236,1.1557559997795237,moderada,consumo_fin_semana_alto
2025-09-21 14:00:00,Sogamoso,oficinas,14,6,0.9799,0.84250903,0.13739097,16.307358747240965,1.1630735874724096,moderada,consumo_fin_semana_alto
2025-09-21 15:00:00,Sogamoso,oficinas,15,6,0.9466,0.8086698,0.1379302,17.056430201795592,1.170564302017956,moderada,consumo_fin_semana_alto
2025-09-21 19:00:00,Sogamoso,oficinas,19,6,0.9706,0.8417909,0.1288091,15.30179287991828,1.1530179287991829,moderada,consumo_fin_semana_alto
2025-09-21 20:00:00,Duitama,oficinas,20,6,0.959,0.8076148,0.1513852,18.744728303641786,1.1874472830364178,moderada,consumo_fin_semana_alto
2025-09-22 00:00:00,Duitama,comedor,0,0,0.5266,0.44982547,0.07677452999999995,17.06762625068784,1.1706762625068783,moderada,consumo_nocturno_alto
2025-09-22 00:00:00,Sogamoso,oficinas,0,0,0.9532,0.81810075,0.13509925,16.513766794615456,1.1651376679461545,moderada,consumo_nocturno_alto
2025-09-22 01:00:00,Sogamoso,comedor,1,0,0.5152,0.44453013,0.07066986999999997,15.897655801193942,1.1589765580119393,moderada,consumo_nocturno_alto
2025-09-22 02:00:00,Sogamoso,oficinas,2,0,0.944,0.8164979,0.12750209999999995,15.615729079033756,1.1561572907903375,moderada,consumo_nocturno_alto
2025-09-22 04:00:00,Duitama,comedor,4,0,0.5404,0.44471848,0.09568151999999996,21.51507623429545,1.2151507623429545,moderada,consumo_nocturno_alto
2025-09-22 04:00:00,Sogamoso,comedor,4,0,0.534,0.44590598,0.08809402000000005,19.75618716752802,1.1975618716752803,moderada,consumo_nocturno_alto
2025-09-22 07:00:00,Tunja,comedor,7,0,0.5481,0.41069993,0.13740007000000004,33.45509944450198,1.3345509944450198,critica,consumo_pico_excesivo
2025-09-22 09:00:00,Chiquinquirá,salones,9,0,4.3316,3.6624374,0.6691625999999999,18.270963484590887,1.182709634845909,moderada,consumo_pico_excesivo
2025-09-22 09:00:00,Tunja,salones,9,0,3.5763,3.027077,0.549223,18.143674574515284,1.181436745745153,moderada,consumo_pico_excesivo
2025-09-22 11:00:00,Tunja,laboratorios,11,0,4.5544,3.8604927,0.6939073000000002,17.97457873706121,1.179745787370612,moderada,consumo_pico_excesivo
2025-09-22 12:00:00,Chiquinquirá,salones,12,0,0.8641,0.6762481,0.18785189999999996,27.778547547860015,1.2777854754786002,moderada,consumo_fuera_patron
2025-09-22 12:00:00,Sogamoso,comedor,12,0,3.0942,2.5710053,0.5231946999999999,20.34981024737677,1.2034981024737677,moderada,consumo_fuera_patron
2025-09-22 12:00:00,Tunja,oficinas,12,0,1.7405,1.4241228,0.3163772,22.215584217877844,1.2221558421787784,moderada,consumo_fuera_patron
2025-09-22 13:00:00,Duitama,oficinas,13,0,4.4858,3.7740426,0.7117574000000002,18.859283676342187,1.1885928367634218,moderada,consumo_fuera_patron
2025-09-22 13:00:00,Sogamoso,comedor,13,0,3.2604,2.7942808,0.46611920000000007,16.681186801269224,1.1668118680126922,moderada,consumo_fuera_patron
2025-09-22 14:00:00,Duitama,oficinas,14,0,6.865,5.947815,0.9171849999999999,15.420536785357312,1.154205367853573,moderada,consumo_pico_excesivo
2025-09-22 15:00:00,Sogamoso,laboratorios,15,0,10.6749,9.129339,1.5455609999999993,16.92960465155253,1.1692960465155253,moderada,consumo_pico_excesivo
2025-09-22 16:00:00,Chiquinquirá,laboratorios,16,0,2.0635,1.7715083,0.29199169999999985,16.482660566704645,1.1648266056670464,moderada,consumo_pico_excesivo
2025-09-22 16:00:00,Duitama,comedor,16,0,1.4553,1.1278967,0.32740330000000006,29.027773554085236,1.2902777355408523,moderada,consumo_pico_excesivo
2025-09-22 17:00:00,Chiquinquirá,laboratorios,17,0,2.1086,1.8056147,0.3029853,16.780174640802382,1.167801746408024,moderada,consumo_pico_excesivo
2025-09-22 17:00:00,Tunja,comedor,17,0,0.7775,0.5941405,0.1833595,30.86130300829518,1.3086130300829517,critica,consumo_pico_excesivo
2025-09-22 18:00:00,Duitama,salones,18,0,3.4834,2.8605483,0.6228517,21.77385713081649,1.217738571308165,moderada,consumo_fuera_patron
2025-09-22 18:00:00,Sogamoso,comedor,18,0,0.5212,0.43432108,0.08687891999999997,20.003385513777033,1.2000338551377703,moderada,consumo_fuera_patron
2025-09-22 19:00:00,Chiquinquirá,salones,19,0,1.8987,1.4557685,0.44293150000000003,30.42595714909342,1.3042595714909342,critica,consumo_fuera_patron
2025-09-22 19:00:00,Duitama,salones,19,0,3.2152,2.7287507,0.48644929999999986,17.82681356710233,1.1782681356710234,moderada,consumo_fuera_patron
2025-09-22 19:00:00,Sogamoso,comedor,19,0,0.53,0.42300975,0.10699025000000001,25.292620323763227,1.2529262032376323,moderada,consumo_fuera_patron
2025-09-22 19:00:00,Sogamoso,salones,19,0,3.4222,2.4198453,1.0023547000000002,41.4222636463579,1.414222636463579,critica,consumo_fuera_patron
2025-09-22 20:00:00,Chiquinquirá,laboratorios,20,0,1.2372,1.0049999,0.23220010000000002,23.10448986114327,1.2310448986114326,moderada,consumo_fuera_patron
2025-09-22 20:00:00,Duitama,laboratorios,20,0,7.0788,5.968693,1.1101070000000002,18.598828922847936,1.1859882892284794,moderada,consumo_fuera_patron
2025-09-22 20:00:00,Tunja,salones,20,0,0.9419,0.7563316,0.18556839999999997,24.53532286631948,1.2453532286631948,moderada,consumo_fuera_patron
2025-09-22 21:00:00,Duitama,oficinas,21,0,0.9503,0.82125723,0.12904277000000008,15.712832141520398,1.157128321415204,moderada,consumo_fuera_patron
2025-09-22 21:00:00,Sogamoso,comedor,21,0,0.5228,0.43508202,0.08771798000000003,20.161251434844406,1.201612514348444,moderada,consumo_fuera_patron
2025-09-22 22:00:00,Duitama,comedor,22,0,0.517,0.4462269,0.07077310000000003,15.860339213077483,1.1586033921307748,moderada,consumo_fuera_patron
2025-09-23 00:00:00,Sogamoso,oficinas,0,1,0.9753,0.82890975,0.14639024999999994,17.66057764430928,1.1766057764430928,moderada,consumo_nocturno_alto
2025-09-23 01:00:00,Duitama,comedor,1,1,0.5185,0.43703985,0.08146014999999995,18.639066895158404,1.186390668951584,moderada,consumo_nocturno_alto
2025-09-23 04:00:00,Duitama,comedor,4,1,0.534,0.45301098,0.08098902000000002,17.87793752813674,1.1787793752813673,moderada,consumo_nocturno_alto
2025-09-23 05:00:00,Duitama,comedor,5,1,0.5162,0.43291458,0.08328542,19.23830331609529,1.1923830331609528,moderada,consumo_nocturno_alto
2025-09-23 05:00:00,Sogamoso,comedor,5,1,0.5269,0.4401552,0.08674480000000001,19.707775802716863,1.1970777580271685,moderada,consumo_nocturno_alto
2025-09-23 05:00:00,Sogamoso,oficinas,5,1,0.9582,0.8179709,0.1402291000000001,17.143531634193845,1.1714353163419384,moderada,consumo_nocturno_alto
2025-09-23 05:00:00,Sogamoso,comedor,5,1,0.5269,0.4401552,0.08674480000000001,19.707775802716863,1.1970777580271685,moderada,consumo_nocturno_alto
2025-09-23 05:00:00,Sogamoso,oficinas,5,1,0.9582,0.8179709,0.1402291000000001,17.143531634193845,1.1714353163419384,moderada,consumo_nocturno_alto
2025-09-23 06:00:00,Tunja,laboratorios,6,1,6.02891426352668,3.4780602,2.55085406352668,73.34128556850972,1.7334128556850972,critica,consumo_nocturno_alto
2025-09-23 07:00:00,Chiquinquirá,laboratorios,7,1,2.3107,1.8532966,0.45740340000000024,24.68052873997612,1.2468052873997613,moderada,consumo_pico_excesivo
2025-09-23 07:00:00,Sogamoso,comedor,7,1,0.8733,0.7494615,0.12383849999999996,16.523663990745348,1.1652366399074534,moderada,consumo_pico_excesivo
2025-09-23 08:00:00,Sogamoso,comedor,8,1,0.9417,0.7523932,0.1893068,25.160620803058826,1.2516062080305883,moderada,consumo_pico_excesivo
2025-09-23 08:00:00,Tunja,comedor,8,1,0.5101,0.4388222,0.0712778,16.24297950286016,1.1624297950286016,moderada,consumo_pico_excesivo
2025-09-23 09:00:00,Duitama,comedor,9,1,1.036,0.85230833,0.18369167000000008,21.55225562561381,1.215522556256138,moderada,consumo_pico_excesivo
2025-09-23 09:00:00,Tunja,comedor,9,1,0.5773,0.46529958,0.11200042000000004,24.070604147117443,1.2407060414711744,moderada,consumo_pico_excesivo
2025-09-23 10:00:00,Duitama,comedor,10,1,0.9804,0.8400903,0.1403097000000001,16.701740277205925,1.1670174027720592,moderada,consumo_pico_excesivo
2025-09-23 10:00:00,Sogamoso,comedor,10,1,1.061,0.8527084,0.2082915999999999,24.427060880366593,1.244270608803666,moderada,consumo_pico_excesivo
2025-09-23 10:00:00,Sogamoso,laboratorios,10,1,11.2736,9.58398,1.6896199999999997,17.62962777468233,1.1762962777468233,moderada,consumo_pico_excesivo
2025-09-23 10:00:00,Tunja,comedor,10,1,0.5622,0.42127258,0.14092742000000003,33.45278726661964,1.3345278726661964,critica,consumo_pico_excesivo
2025-09-23 11:00:00,Duitama,comedor,11,1,0.5297,0.4604585,0.06924149999999996,15.037511523839816,1.150375115238398,moderada,consumo_pico_excesivo
2025-09-23 12:00:00,Chiquinquirá,comedor,12,1,0.9413,0.6563146,0.28498540000000006,43.42207228058009,1.4342207228058008,critica,consumo_fuera_patron
2025-09-23 12:00:00,Chiquinquirá,oficinas,12,1,2.121,1.2604239,0.8605761000000001,68.27672023673941,1.682767202367394,critica,consumo_fuera_patron
2025-09-23 12:00:00,Duitama,salones,12,1,1.73,1.3777062,0.3522938,25.571039747081052,1.2557103974708106,moderada,consumo_fuera_patron
2025-09-23 13:00:00,Chiquinquirá,salones,13,1,0.9136,0.6861185,0.2274815,33.15484132842942,1.3315484132842943,critica,consumo_fuera_patron
2025-09-23 13:00:00,Tunja,salones,13,1,0.5563,0.41050562,0.14579438,35.515806092983574,1.3551580609298357,critica,consumo_fuera_patron
2025-09-23 13:00:00,Tunja,oficinas,13,1,1.7625,1.5025682,0.25993179999999994,17.29916818417959,1.1729916818417958,moderada,consumo_fuera_patron
2025-09-23 15:00:00,Duitama,salones,15,1,8.5234,7.4029975,1.1204025000000009,15.134443851966733,1.1513444385196674,moderada,consumo_pico_excesivo
2025-09-23 15:00:00,Tunja,salones,15,1,3.2566,2.8252199,0.43138010000000016,15.268903493140487,1.152689034931405,moderada,consumo_pico_excesivo
2025-09-23 16:00:00,Chiquinquirá,laboratorios,16,1,2.2183,1.905638,0.3126620000000002,16.40720850444839,1.164072085044484,moderada,consumo_pico_excesivo
2025-09-23 16:00:00,Tunja,oficinas,16,1,3.3859,2.8195455,0.5663545000000001,20.086730290396098,1.200867302903961,moderada,consumo_pico_excesivo
2025-09-23 17:00:00,Tunja,laboratorios,17,1,4.0894,3.476982,0.6124180000000004,17.613493541237784,1.1761349354123778,moderada,consumo_pico_excesivo
2025-09-23 18:00:00,Duitama,comedor,18,1,0.5114,0.43659392,0.07480607999999994,17.134017807668954,1.1713401780766894,moderada,consumo_fuera_patron
2025-09-23 18:00:00,Duitama,laboratorios,18,1,7.4231,6.3237367,1.0993632999999994,17.384710214136515,1.1738471021413652,moderada,consumo_fuera_patron
2025-09-23 19:00:00,Chiquinquirá,salones,19,1,1.5861,1.2179608,0.3681392000000001,30.225866054145595,1.302258660541456,critica,consumo_fuera_patron
2025-09-23 19:00:00,Sogamoso,oficinas,19,1,2.8135,1.9087521,0.9047478999999998,47.39996880684505,1.4739996880684505,critica,consumo_fuera_patron
2025-09-23 20:00:00,Chiquinquirá,salones,20,1,1.6132,1.346072,0.26712800000000003,19.845000861766685,1.1984500086176668,moderada,consumo_fuera_patron
2025-09-23 20:00:00,Duitama,oficinas,20,1,0.9925,0.79913676,0.19336324000000005,24.196514248700066,1.2419651424870006,moderada,consumo_fuera_patron
2025-09-23 21:00:00,Duitama,comedor,21,1,0.5168,0.44898733,0.06781267000000002,15.103470737136396,1.151034707371364,moderada,consumo_fuera_patron
2025-09-24 00:00:00,Duitama,comedor,0,2,0.5193,0.43186918,0.08743081999999996,20.24474633730519,1.202447463373052,moderada,consumo_nocturno_alto
2025-09-24 04:00:00,Sogamoso,oficinas,4,2,0.98,0.8256612,0.1543388,18.692751942322104,1.186927519423221,moderada,consumo_nocturno_alto
2025-09-24 06:00:00,Duitama,comedor,6,2,0.5416,0.44632998,0.09527001999999996,21.345198456083985,1.2134519845608398,moderada,consumo_nocturno_alto
2025-09-24 07:00:00,Tunja,salones,7,2,3.6335,3.098538,0.5349620000000002,17.26498109753697,1.1726498109753698,moderada,consumo_pico_excesivo
2025-09-24 09:00:00,Sogamoso,comedor,9,2,1.1639,0.8637566,0.30014339999999995,34.748608577925765,1.3474860857792577,critica,consumo_pico_excesivo
2025-09-24 09:00:00,Tunja,comedor,9,2,0.5586,0.40630323,0.15229676999999997,37.48352431261745,1.3748352431261743,critica,consumo_pico_excesivo
2025-09-24 11:00:00,Chiquinquirá,salones,11,2,4.449,3.8035321,0.6454678999999999,16.97022354563538,1.1697022354563538,moderada,consumo_pico_excesivo
2025-09-24 12:00:00,Duitama,comedor,12,2,3.2685,2.8229942,0.44550579999999984,15.78132183197542,1.1578132183197543,moderada,consumo_fuera_patron
2025-09-24 12:00:00,Sogamoso,salones,12,2,1.4835,1.2127553,0.27074470000000006,22.3247591661731,1.223247591661731,moderada,consumo_fuera_patron
2025-09-24 13:00:00,Chiquinquirá,comedor,13,2,1.0852,0.9149481,0.1702518999999999,18.60782048730413,1.1860782048730414,moderada,consumo_fuera_patron
2025-09-24 13:00:00,Duitama,comedor,13,2,3.3754,2.847408,0.5279919999999998,18.54289936672229,1.1854289936672229,moderada,consumo_fuera_patron
2025-09-24 14:00:00,Chiquinquirá,salones,14,2,3.1597,2.7211947,0.4385053000000001,16.11444046984217,1.1611444046984216,moderada,consumo_pico_excesivo
2025-09-24 14:00:00,Chiquinquirá,oficinas,14,2,2.6439,2.2140026,0.42989739999999976,19.4172039364362,1.194172039364362,moderada,consumo_pico_excesivo
2025-09-24 14:00:00,Sogamoso,salones,14,2,7.751,6.4328203,1.3181797,20.491474011795415,1.204914740117954,moderada,consumo_pico_excesivo
2025-09-24 15:00:00,Sogamoso,oficinas,15,2,6.5955,5.7154655,0.8800345000000007,15.39742475919067,1.1539742475919066,moderada,consumo_pico_excesivo
2025-09-24 16:00:00,Tunja,comedor,16,2,0.7159,0.56827104,0.14762896000000003,25.978617527298248,1.2597861752729824,moderada,consumo_pico_excesivo
2025-09-24 17:00:00,Chiquinquirá,oficinas,17,2,3.1859,2.7379992,0.4479008000000002,16.35868995140686,1.1635868995140686,moderada,consumo_pico_excesivo
2025-09-24 17:00:00,Tunja,comedor,17,2,0.697,0.5525369,0.14446309999999996,26.145421237929984,1.2614542123792998,moderada,consumo_pico_excesivo
2025-09-24 18:00:00,Chiquinquirá,salones,18,2,1.6017,1.3130792,0.2886207999999999,21.980456319771108,1.219804563197711,moderada,consumo_fuera_patron
2025-09-24 18:00:00,Duitama,salones,18,2,3.6631,2.953603,0.7094969999999998,24.02140707468132,1.2402140707468132,moderada,consumo_fuera_patron
2025-09-24 18:00:00,Duitama,laboratorios,18,2,6.9022,5.887597,1.0146029999999993,17.232888052629946,1.1723288805262995,moderada,consumo_fuera_patron
2025-09-24 18:00:00,Sogamoso,comedor,18,2,0.5335,0.42869183,0.10480816999999998,24.448371222749913,1.2444837122274992,moderada,consumo_fuera_patron
2025-09-24 18:00:00,Sogamoso,oficinas,18,2,2.5101,1.8796856,0.6304144,33.538289594813094,1.3353828959481309,critica,consumo_fuera_patron
2025-09-24 18:00:00,Tunja,salones,18,2,1.3824,1.2020221,0.1803779000000001,15.006204960790662,1.1500620496079066,moderada,consumo_fuera_patron
2025-09-24 19:00:00,Chiquinquirá,salones,19,2,1.813,1.4172622,0.39573780000000003,27.92269489724626,1.2792269489724626,moderada,consumo_fuera_patron
2025-09-24 19:00:00,Duitama,oficinas,19,2,2.4793,2.0007854,0.4785146,23.91633805404618,1.2391633805404618,moderada,consumo_fuera_patron
2025-09-24 19:00:00,Sogamoso,oficinas,19,2,2.1935,1.7672057,0.4262942999999997,24.122505942573618,1.2412250594257361,moderada,consumo_fuera_patron
2025-09-24 19:00:00,Tunja,oficinas,19,2,1.1797,1.0221183,0.15758169999999994,15.41716844322227,1.1541716844322227,moderada,consumo_fuera_patron
2025-09-24 20:00:00,Chiquinquirá,salones,20,2,1.4976,1.2764081,0.2211919,17.329246030325255,1.1732924603032526,moderada,consumo_fuera_patron
2025-09-24 20:00:00,Duitama,salones,20,2,3.244,2.6040454,0.6399546000000003,24.575401027954438,1.2457540102795444,moderada,consumo_fuera_patron
2025-09-24 20:00:00,Sogamoso,salones,20,2,3.2386,2.6737535,0.5648464999999998,21.125601144608126,1.2112560114460813,moderada,consumo_fuera_patron
2025-09-24 22:00:00,Duitama,comedor,22,2,0.5201,0.4462269,0.07387310000000002,16.555053045883167,1.1655505304588316,moderada,consumo_fuera_patron
2025-09-24 22:00:00,Sogamoso,comedor,22,2,0.5311,0.43263355,0.09846645000000004,22.759781343818585,1.2275978134381857,moderada,consumo_fuera_patron
2025-09-25 00:00:00,Sogamoso,comedor,0,3,0.5161,0.4401552,0.07594479999999998,17.25409582801702,1.1725409582801702,moderada,consumo_nocturno_alto
2025-09-25 01:00:00,Duitama,comedor,1,3,0.5182,0.44301265,0.07518734999999999,16.971829133998767,1.1697182913399877,moderada,consumo_nocturno_alto
2025-09-25 03:00:00,Sogamoso,comedor,3,3,0.5246,0.44268262,0.08191737999999993,18.50476533277948,1.1850476533277947,moderada,consumo_nocturno_alto
2025-09-25 03:00:00,Sogamoso,oficinas,3,3,0.9842,0.82076526,0.1634347399999999,19.912482650642392,1.1991248265064238,moderada,consumo_nocturno_alto
2025-09-25 04:00:00,Duitama,comedor,4,3,0.5369,0.4499465,0.08695350000000002,19.325297563154734,1.1932529756315473,moderada,consumo_nocturno_alto
2025-09-25 05:00:00,Duitama,comedor,5,3,0.5401,0.453605,0.08649500000000004,19.06835242115939,1.1906835242115938,moderada,consumo_nocturno_alto
2025-09-25 06:00:00,Duitama,oficinas,6,3,0.9937,0.83882195,0.15487805,18.463757415980826,1.1846375741598083,moderada,consumo_nocturno_alto
2025-09-25 06:00:00,Sogamoso,oficinas,6,3,0.9566,0.8256612,0.13093880000000002,15.858659702066664,1.1585865970206666,moderada,consumo_nocturno_alto
2025-09-25 07:00:00,Chiquinquirá,laboratorios,7,3,2.3248,1.9963857,0.32841430000000016,16.45044341882434,1.1645044341882433,moderada,consumo_pico_excesivo
2025-09-25 09:00:00,Chiquinquirá,laboratorios,9,3,2.2964,1.853777,0.4426230000000002,23.876820135323733,1.2387682013532373,moderada,consumo_pico_excesivo
2025-09-25 13:00:00,Chiquinquirá,oficinas,13,3,1.9394,1.6286077,0.3107922999999999,19.08331269709703,1.1908331269709702,moderada,consumo_fuera_patron
2025-09-25 13:00:00,Duitama,oficinas,13,3,4.2812,3.7090266,0.5721734,15.42651109593013,1.1542651109593014,moderada,consumo_fuera_patron
2025-09-25 13:00:00,Tunja,comedor,13,3,1.7206,1.4351591,0.2854409,19.889146785189183,1.1988914678518918,moderada,consumo_fuera_patron
2025-09-25 14:00:00,Sogamoso,salones,14,3,7.5708,6.441284,1.1295160000000006,17.53557210022102,1.1753557210022103,moderada,consumo_pico_excesivo
2025-09-25 15:00:00,Sogamoso,oficinas,15,3,7.1,5.93965,1.1603499999999993,19.53566287575866,1.1953566287575865,moderada,consumo_pico_excesivo
2025-09-25 16:00:00,Duitama,comedor,16,3,1.4715,1.1148124,0.3566876000000001,31.995302528030738,1.3199530252803073,critica,consumo_pico_excesivo
2025-09-25 16:00:00,Duitama,oficinas,16,3,7.2757,5.916393,1.3593069999999994,22.97526550382977,1.2297526550382978,moderada,consumo_pico_excesivo
2025-09-25 16:00:00,Tunja,comedor,16,3,0.7115,0.5774307,0.13406930000000006,23.218249393390423,1.232182493933904,moderada,consumo_pico_excesivo
2025-09-25 17:00:00,Chiquinquirá,oficinas,17,3,2.8516,2.4213417,0.43025829999999976,17.76941684851831,1.1776941684851832,moderada,consumo_pico_excesivo
2025-09-25 17:00:00,Tunja,comedor,17,3,0.7112,0.55432135,0.15687865,28.30102971859193,1.2830102971859194,moderada,consumo_pico_excesivo
2025-09-25 18:00:00,Chiquinquirá,oficinas,18,3,1.0845,0.8865614,0.19793859999999996,22.326552904288405,1.223265529042884,moderada,consumo_fuera_patron
2025-09-25 18:00:00,Sogamoso,salones,18,3,3.1294,2.6546595,0.4747404999999998,17.883291623652667,1.1788329162365268,moderada,consumo_fuera_patron
2025-09-25 18:00:00,Sogamoso,oficinas,18,3,2.5663,2.0379117,0.5283883,25.92792906581772,1.2592792906581771,moderada,consumo_fuera_patron
2025-09-25 19:00:00,Chiquinquirá,salones,19,3,1.7998,1.4493684,0.35043160000000007,24.17822825445898,1.2417822825445899,moderada,consumo_fuera_patron
2025-09-25 19:00:00,Duitama,comedor,19,3,0.5232,0.42890307,0.09429693,21.985603880149423,1.2198560388014943,moderada,consumo_fuera_patron
2025-09-25 19:00:00,Sogamoso,comedor,19,3,0.5015,0.4335567,0.06794329999999993,15.671145204306594,1.156711452043066,moderada,consumo_fuera_patron
2025-09-25 19:00:00,Sogamoso,oficinas,19,3,2.2628,1.884471,0.3783289999999999,20.076138078007034,1.2007613807800703,moderada,consumo_fuera_patron
2025-09-25 20:00:00,Sogamoso,salones,20,3,2.9036,2.4796295,0.4239704999999998,17.09813905666148,1.1709813905666149,moderada,consumo_fuera_patron
2025-09-25 21:00:00,Duitama,comedor,21,3,0.5344,0.4396986,0.09470139999999999,21.53779884675548,1.2153779884675548,moderada,consumo_fuera_patron
2025-09-25 21:00:00,Duitama,oficinas,21,3,0.976,0.82125723,0.15474277000000003,18.842180543116807,1.1884218054311682,moderada,consumo_fuera_patron
2025-09-25 22:00:00,Duitama,oficinas,22,3,0.9851,0.82265705,0.16244294999999997,19.74613236463481,1.197461323646348,moderada,consumo_fuera_patron
2025-09-25 23:00:00,Sogamoso,comedor,23,3,0.531,0.44010955,0.09089045000000001,20.651778631024936,1.2065177863102494,moderada,consumo_fuera_patron
2025-09-26 00:00:00,Duitama,salones,0,4,0.5004,0.4265981,0.07380189999999998,17.300100492711987,1.1730010049271198,moderada,consumo_nocturno_alto
2025-09-26 00:00:00,Sogamoso,comedor,0,4,0.5307,0.43898004,0.09171995999999993,20.893879366360242,1.2089387936636025,moderada,consumo_nocturno_alto
2025-09-26 00:00:00,Sogamoso,oficinas,0,4,0.9786,0.8164979,0.16210210000000003,19.85333948807462,1.1985333948807462,moderada,consumo_nocturno_alto
2025-09-26 02:00:00,Duitama,comedor,2,4,0.5202,0.4499465,0.07025349999999997,15.61374518970588,1.1561374518970589,moderada,consumo_nocturno_alto
2025-09-26 03:00:00,Sogamoso,comedor,3,4,0.5323,0.4394179,0.09288210000000002,21.137532176090236,1.2113753217609025,moderada,consumo_nocturno_alto
2025-09-26 06:00:00,Duitama,comedor,6,4,0.5256,0.4499465,0.07565349999999993,16.813887873336036,1.1681388787333604,moderada,consumo_nocturno_alto
2025-09-26 07:00:00,Sogamoso,comedor,7,4,0.9062,0.7253088,0.18089120000000003,24.939887672671286,1.2493988767267128,moderada,consumo_pico_excesivo
2025-09-26 07:00:00,Tunja,comedor,7,4,0.5462,0.41584033,0.13035967000000004,31.348491378890557,1.3134849137889055,critica,consumo_pico_excesivo
2025-09-26 08:00:00,Chiquinquirá,salones,8,4,4.0732,3.5194297,0.5537703,15.73466007859171,1.1573466007859172,moderada,consumo_pico_excesivo
2025-09-26 10:00:00,Sogamoso,comedor,10,4,1.1002,0.8967975,0.20340250000000004,22.680984280174737,1.2268098428017473,moderada,consumo_pico_excesivo
2025-09-26 10:00:00,Sogamoso,oficinas,10,4,6.7322,5.79061,0.9415899999999997,16.26063575340076,1.1626063575340075,moderada,consumo_pico_excesivo
2025-09-26 10:00:00,Tunja,comedor,10,4,0.56,0.45174077,0.10825923000000004,23.964901374741988,1.2396490137474199,moderada,consumo_pico_excesivo
2025-09-26 10:00:00,Tunja,salones,10,4,3.5752,2.9997358,0.5754642000000003,19.183829455914093,1.191838294559141,moderada,consumo_pico_excesivo
2025-09-26 11:00:00,Duitama,salones,11,4,9.1175,7.2954173,1.8220826999999993,24.97571591963628,1.2497571591963628,moderada,consumo_pico_excesivo
2025-09-26 12:00:00,Chiquinquirá,salones,12,4,0.7696,0.6272674,0.14233259999999992,22.69089705602426,1.2269089705602425,moderada,consumo_fuera_patron
2025-09-26 12:00:00,Duitama,oficinas,12,4,4.3882,3.7560432,0.6321568000000002,16.8303921531041,1.168303921531041,moderada,consumo_fuera_patron
2025-09-26 12:00:00,Tunja,salones,12,4,0.5377,0.409676,0.12802399999999997,31.250061023833464,1.3125006102383345,critica,consumo_fuera_patron
2025-09-26 12:00:00,Tunja,laboratorios,12,4,2.0019,1.7296236,0.2722764,15.741945241727736,1.1574194524172774,moderada,consumo_fuera_patron
2025-09-26 12:00:00,Tunja,oficinas,12,4,1.8445,1.4916894,0.3528106,23.65174680466322,1.2365174680466322,moderada,consumo_fuera_patron
2025-09-26 13:00:00,Chiquinquirá,comedor,13,4,0.9491,0.8221378,0.12696220000000003,15.442934262358454,1.1544293426235845,moderada,consumo_fuera_patron
2025-09-26 13:00:00,Sogamoso,oficinas,13,4,4.2622,3.6619222,0.6002778000000002,16.39242362931687,1.1639242362931688,moderada,consumo_fuera_patron
2025-09-26 14:00:00,Duitama,salones,14,4,4.7219,3.571283,1.1506169999999996,32.21858922969699,1.3221858922969698,critica,consumo_pico_excesivo
2025-09-26 14:00:00,Tunja,salones,14,4,1.7578,1.378237,0.3795630000000001,27.53974824358946,1.2753974824358947,moderada,consumo_pico_excesivo
2025-09-26 15:00:00,Duitama,salones,15,4,4.3176,3.2676883,1.0499116999999996,32.130105555049404,1.321301055550494,critica,consumo_pico_excesivo
2025-09-26 15:00:00,Sogamoso,salones,15,4,3.6293,3.0090492,0.6202508,20.612850065728402,1.206128500657284,moderada,consumo_pico_excesivo
2025-09-26 15:00:00,Tunja,oficinas,15,4,2.316,1.8964647,0.41953529999999994,22.121967258341268,1.2212196725834128,moderada,consumo_pico_excesivo
2025-09-26 17:00:00,Tunja,comedor,17,4,0.7133,0.60193896,0.11136104000000002,18.500387481149254,1.1850038748114926,moderada,consumo_pico_excesivo
2025-09-26 18:00:00,Duitama,oficinas,18,4,2.4867,1.7225177,0.7641822999999999,44.3642640072726,1.443642640072726,critica,consumo_fuera_patron
2025-09-26 18:00:00,Sogamoso,comedor,18,4,0.5241,0.42591625,0.09818375000000001,23.052360646019025,1.2305236064601903,moderada,consumo_fuera_patron
2025-09-26 18:00:00,Sogamoso,salones,18,4,2.8388,2.3405633,0.4982367000000001,21.287042311566626,1.2128704231156662,moderada,consumo_fuera_patron
2025-09-26 18:00:00,Sogamoso,oficinas,18,4,2.4189,1.6453097,0.7735902999999997,47.01791401339211,1.470179140133921,critica,consumo_fuera_patron
2025-09-26 18:00:00,Tunja,oficinas,18,4,1.2937,0.8701928,0.4235072000000001,48.66820318439777,1.4866820318439777,critica,consumo_fuera_patron
2025-09-26 19:00:00,Duitama,laboratorios,19,4,6.3196,5.324994,0.9946060000000001,18.678067994067224,1.1867806799406722,moderada,consumo_fuera_patron
2025-09-26 19:00:00,Sogamoso,comedor,19,4,0.5229,0.434588,0.08831200000000006,20.320855614973276,1.2032085561497328,moderada,consumo_fuera_patron
2025-09-26 19:00:00,Tunja,oficinas,19,4,1.2241,1.0624118,0.16168819999999995,15.218976295255752,1.1521897629525575,moderada,consumo_fuera_patron
2025-09-26 20:00:00,Duitama,comedor,20,4,0.5198,0.42906782,0.09073218000000005,21.146349311397916,1.2114634931139792,moderada,consumo_fuera_patron
2025-09-26 20:00:00,Duitama,salones,20,4,3.2965,2.5996647,0.6968353,26.804814482421524,1.2680481448242151,moderada,consumo_fuera_patron
2025-09-26 20:00:00,Tunja,laboratorios,20,4,2.9391,2.362155,0.5769449999999998,24.42451913612781,1.244245191361278,moderada,consumo_fuera_patron
2025-09-26 21:00:00,Duitama,comedor,21,4,0.5213,0.44031787,0.08098212999999999,18.39174276528908,1.1839174276528908,moderada,consumo_fuera_patron
2025-09-26 21:00:00,Sogamoso,comedor,21,4,0.5055,0.43594643,0.06955356999999995,15.954613964839659,1.1595461396483966,moderada,consumo_fuera_patron
2025-09-26 21:00:00,Sogamoso,oficinas,21,4,0.9655,0.8126861,0.15281390000000006,18.8035577328073,1.188035577328073,moderada,consumo_fuera_patron
2025-09-26 23:00:00,Sogamoso,comedor,23,4,0.5159,0.43907404,0.07682596000000003,17.497267659003484,1.1749726765900348,moderada,consumo_fuera_patron
2025-09-27 00:00:00,Duitama,comedor,0,5,0.5206,0.45011315,0.07048684999999993,15.659806873005138,1.1565980687300514,moderada,consumo_nocturno_alto
2025-09-27 01:00:00,Duitama,oficinas,1,5,0.9979,0.8393063,0.15859370000000006,18.89580716837227,1.1889580716837227,moderada,consumo_nocturno_alto
2025-09-27 03:00:00,Duitama,comedor,3,5,0.5356,0.45011315,0.08548684999999995,18.992302268885044,1.1899230226888504,moderada,consumo_nocturno_alto
2025-09-27 03:00:00,Duitama,oficinas,3,5,0.9837,0.84216183,0.14153817000000002,16.806528740444104,1.168065287404441,moderada,consumo_nocturno_alto
2025-09-27 05:00:00,Duitama,comedor,5,5,0.5064,0.435298,0.07110199999999994,16.33409756075147,1.1633409756075148,moderada,consumo_nocturno_alto
2025-09-27 06:00:00,Duitama,oficinas,6,5,0.9791,0.8181377,0.1609623,19.674230878249467,1.1967423087824947,moderada,consumo_nocturno_alto
2025-09-27 07:00:00,Chiquinquirá,salones,7,5,2.9667,2.5054314,0.4612685999999999,18.410745550646485,1.1841074555064648,moderada,consumo_fin_semana_alto
2025-09-27 07:00:00,Tunja,laboratorios,7,5,3.4252,2.8335872,0.5916127999999996,20.87858104384434,1.2087858104384435,moderada,consumo_fin_semana_alto
2025-09-27 09:00:00,Duitama,salones,9,5,6.4443,5.4102287,1.0340713,19.113264102865003,1.19113264102865,moderada,consumo_fin_semana_alto
2025-09-27 09:00:00,Duitama,oficinas,9,5,3.0236,2.4460592,0.5775408,23.611072046007713,1.2361107204600772,moderada,consumo_fin_semana_alto
2025-09-27 10:00:00,Chiquinquirá,laboratorios,10,5,1.7459,1.3764987,0.36940130000000004,26.836298501407963,1.2683629850140796,moderada,consumo_fin_semana_alto
2025-09-27 11:00:00,Tunja,salones,11,5,1.8821,1.6176715,0.2644285000000002,16.34624211405098,1.1634624211405098,moderada,consumo_fin_semana_alto
2025-09-27 12:00:00,Chiquinquirá,oficinas,12,5,1.2554,1.048179,0.2072210000000001,19.769619502012546,1.1976961950201255,moderada,consumo_fin_semana_alto
2025-09-27 12:00:00,Sogamoso,comedor,12,5,1.7354,1.5073252,0.22807480000000013,15.131094471186454,1.1513109447118646,moderada,consumo_fin_semana_alto
2025-09-27 12:00:00,Sogamoso,laboratorios,12,5,8.3566,7.0059686,1.3506314000000001,19.278296508494204,1.192782965084942,moderada,consumo_fin_semana_alto
2025-09-27 12:00:00,Tunja,salones,12,5,2.4786,2.1472414,0.33135860000000017,15.431828018964246,1.1543182801896426,moderada,consumo_fin_semana_alto
2025-09-27 13:00:00,Chiquinquirá,comedor,13,5,0.5373,0.44534662,0.09195337999999997,20.647598043968532,1.2064759804396854,moderada,consumo_fin_semana_alto
2025-09-27 13:00:00,Duitama,comedor,13,5,1.6379,1.2190363,0.41886369999999995,34.36023193074726,1.3436023193074726,critica,consumo_fin_semana_alto
2025-09-27 13:00:00,Sogamoso,comedor,13,5,1.6371,1.1736436,0.4634564000000001,39.4886829357737,1.394886829357737,critica,consumo_fin_semana_alto
2025-09-27 13:00:00,Tunja,comedor,13,5,0.7932,0.6354946,0.1577054,24.81616680928524,1.2481616680928524,moderada,consumo_fin_semana_alto
2025-09-27 14:00:00,Duitama,comedor,14,5,0.5184,0.44183886,0.07656113999999997,17.327842100624643,1.1732784210062464,moderada,consumo_fin_semana_alto
2025-09-27 15:00:00,Duitama,comedor,15,5,0.5003,0.39313698,0.10716301999999994,27.25844310041755,1.2725844310041756,moderada,consumo_fin_semana_alto
2025-09-27 16:00:00,Duitama,comedor,16,5,0.5028,0.42883334,0.07396666000000002,17.24834640888696,1.1724834640888697,moderada,consumo_fin_semana_alto
2025-09-27 17:00:00,Duitama,comedor,17,5,0.5264,0.4273395,0.0990605,23.180749731770643,1.2318074973177064,moderada,consumo_fin_semana_alto
2025-09-27 18:00:00,Sogamoso,comedor,18,5,0.5251,0.42605564,0.09904436,23.246813491308316,1.2324681349130833,moderada,consumo_fin_semana_alto
2025-09-27 18:00:00,Sogamoso,oficinas,18,5,0.951,0.80467224,0.14632775999999992,18.184765513968756,1.1818476551396875,moderada,consumo_fin_semana_alto
2025-09-27 20:00:00,Duitama,comedor,20,5,0.5373,0.44787765,0.08942234999999998,19.96579869524634,1.1996579869524635,moderada,consumo_fin_semana_alto
2025-09-27 20:00:00,Sogamoso,comedor,20,5,0.5281,0.43859413,0.08950586999999999,20.407448225538264,1.2040744822553826,moderada,consumo_fin_semana_alto
2025-09-27 21:00:00,Sogamoso,comedor,21,5,0.5279,0.43925965,0.08864035000000003,20.17948837322072,1.2017948837322072,moderada,consumo_fin_semana_alto
2025-09-27 22:00:00,Duitama,comedor,22,5,0.5282,0.45304623,0.07515377000000001,16.588543292811423,1.1658854329281143,moderada,consumo_fin_semana_alto
2025-09-27 23:00:00,Duitama,comedor,23,5,0.5079,0.44118375,0.06671625000000003,15.122100485342,1.15122100485342,moderada,consumo_fin_semana_alto
2025-09-27 23:00:00,Sogamoso,comedor,23,5,0.5077,0.43717313,0.07052687000000002,16.132480511782603,1.161324805117826,moderada,consumo_fin_semana_alto
2025-09-28 00:00:00,Duitama,oficinas,0,6,0.9913,0.8278095,0.16349049999999998,19.749773347611978,1.1974977334761199,moderada,consumo_nocturno_alto
2025-09-28 01:00:00,Duitama,oficinas,1,6,0.9824,0.8241108,0.15828920000000002,19.20727164357026,1.1920727164357026,moderada,consumo_nocturno_alto
2025-09-28 03:00:00,Sogamoso,oficinas,3,6,0.9583,0.8070446,0.15125540000000004,18.741888614334332,1.1874188861433432,moderada,consumo_nocturno_alto
2025-09-28 04:00:00,Sogamoso,oficinas,4,6,0.977,0.8070446,0.16995539999999998,21.058984844208112,1.2105898484420812,moderada,consumo_nocturno_alto
2025-09-28 06:00:00,Duitama,salones,6,6,0.5047,0.41400948,0.09069052000000005,21.905421102917753,1.2190542110291775,moderada,consumo_nocturno_alto
2025-09-28 06:00:00,Duitama,oficinas,6,6,0.9911,0.82292765,0.16817234999999997,20.43586091681328,1.2043586091681329,moderada,consumo_nocturno_alto
2025-09-28 06:00:00,Sogamoso,oficinas,6,6,0.9683,0.8073344,0.16096560000000004,19.93790924801421,1.1993790924801422,moderada,consumo_nocturno_alto
2025-09-28 08:00:00,Duitama,oficinas,8,6,0.9653,0.81812674,0.14717326000000008,17.989053872019888,1.179890538720199,moderada,consumo_fin_semana_alto
2025-09-28 12:00:00,Duitama,salones,12,6,0.5019,0.41482374,0.08707626000000002,20.991146745844397,1.209911467458444,moderada,consumo_fin_semana_alto
2025-09-28 14:00:00,Tunja,laboratorios,14,6,6.333420242786713,3.1602466,3.173173642786713,100.40905171092388,2.0040905171092387,critica,consumo_fin_semana_alto
2025-09-28 15:00:00,Duitama,oficinas,15,6,0.9519,0.8210519,0.13084810000000002,15.936641764059011,1.15936641764059,moderada,consumo_fin_semana_alto
2025-09-28 15:00:00,Sogamoso,oficinas,15,6,0.9745,0.8263348,0.1481652,17.930407868578207,1.179304078685782,moderada,consumo_fin_semana_alto
2025-09-28 20:00:00,Sogamoso,oficinas,20,6,0.9717,0.8323982,0.13930180000000003,16.734995342373402,1.167349953423734,moderada,consumo_fin_semana_alto
2025-09-28 21:00:00,Duitama,oficinas,21,6,0.9717,0.8203294,0.15137060000000002,18.45241679744747,1.1845241679744747,moderada,consumo_fin_semana_alto
2025-09-28 22:00:00,Sogamoso,oficinas,22,6,0.8378,0.44634223,0.39145777,87.7035027584103,1.8770350275841028,critica,consumo_fin_semana_alto
2025-09-29 00:00:00,Sogamoso,oficinas,0,0,0.9748,0.80932295,0.16547705000000001,20.446355808889397,1.204463558088894,moderada,consumo_nocturno_alto
2025-09-29 01:00:00,Duitama,salones,1,0,0.5052,0.42530218,0.07989782000000001,18.78612989945173,1.1878612989945172,moderada,consumo_nocturno_alto
2025-09-29 01:00:00,Sogamoso,oficinas,1,0,0.9669,0.8312241,0.13567589999999996,16.322421354241285,1.163224213542413,moderada,consumo_nocturno_alto
2025-09-29 02:00:00,Sogamoso,oficinas,2,0,0.9689,0.8349352,0.1339648,16.04493378647828,1.1604493378647829,moderada,consumo_nocturno_alto
2025-09-29 04:00:00,Duitama,comedor,4,0,0.5259,0.4499465,0.07595350000000001,16.880562466871062,1.1688056246687106,moderada,consumo_nocturno_alto
2025-09-29 05:00:00,Duitama,oficinas,5,0,0.9937,0.8245769,0.16912310000000008,20.510288367282676,1.2051028836728268,moderada,consumo_nocturno_alto
2025-09-29 05:00:00,Sogamoso,comedor,5,0,0.5145,0.4401552,0.07434479999999993,16.890587683617035,1.1689058768361704,moderada,consumo_nocturno_alto
2025-09-29 06:00:00,Sogamoso,oficinas,6,0,0.9754,0.8169283,0.1584717,19.39848331854827,1.1939848331854828,moderada,consumo_nocturno_alto
2025-09-29 07:00:00,Chiquinquirá,laboratorios,7,0,2.0692,1.7956662,0.2735337999999998,15.232998204231935,1.1523299820423194,moderada,consumo_pico_excesivo
2025-09-29 08:00:00,Duitama,comedor,8,0,0.8993,0.76140517,0.13789483000000002,18.110571799768582,1.1811057179976858,moderada,consumo_pico_excesivo
2025-09-29 08:00:00,Duitama,oficinas,8,0,6.8421,5.925606,0.9164940000000001,15.466671256914486,1.1546667125691448,moderada,consumo_pico_excesivo
2025-09-29 08:00:00,Tunja,laboratorios,8,0,4.5827,3.8879132,0.6947868000000001,17.870429823381865,1.1787042982338187,moderada,consumo_pico_excesivo
2025-09-29 10:00:00,Chiquinquirá,oficinas,10,0,3.4405,2.94856,0.49194000000000004,16.68407629486936,1.1668407629486937,moderada,consumo_pico_excesivo
2025-09-29 12:00:00,Duitama,laboratorios,12,0,5.9218,5.1430387,0.7787613000000002,15.142046277038517,1.1514204627703852,moderada,consumo_fuera_patron
2025-09-29 12:00:00,Tunja,comedor,12,0,1.6952,1.4639249,0.23127509999999996,15.798289925938136,1.1579828992593815,moderada,consumo_fuera_patron
2025-09-29 12:00:00,Tunja,salones,12,0,0.6216,0.5362723,0.0853277,15.911263736724795,1.159112637367248,moderada,consumo_fuera_patron
2025-09-29 13:00:00,Chiquinquirá,comedor,13,0,1.0603,0.89916575,0.16113425000000003,17.920416786337785,1.1792041678633778,moderada,consumo_fuera_patron
2025-09-29 13:00:00,Chiquinquirá,salones,13,0,0.8612,0.634669,0.22653099999999993,35.69277844041538,1.3569277844041538,critica,consumo_fuera_patron
2025-09-29 13:00:00,Duitama,oficinas,13,0,4.5673,3.9385865,0.6287135000000004,15.96292223111008,1.1596292223111009,moderada,consumo_fuera_patron
2025-09-29 14:00:00,Sogamoso,salones,14,0,7.7367,6.4641657,1.2725343000000002,19.685978965545395,1.196859789655454,moderada,consumo_pico_excesivo
2025-09-29 16:00:00,Tunja,salones,16,0,3.5391,2.9055955,0.6335044999999999,21.802914411176637,1.2180291441117663,moderada,consumo_pico_excesivo
2025-09-29 18:00:00,Sogamoso,comedor,18,0,0.5101,0.42300975,0.08709024999999998,20.58823703236154,1.2058823703236154,moderada,consumo_fuera_patron
2025-09-29 19:00:00,Chiquinquirá,salones,19,0,1.6402,1.4245433,0.21565670000000003,15.138655315005167,1.1513865531500518,moderada,consumo_fuera_patron
2025-09-29 19:00:00,Duitama,salones,19,0,3.8969,2.5667179,1.3301821,51.824242157659796,1.518242421576598,critica,consumo_fuera_patron
2025-09-29 19:00:00,Sogamoso,comedor,19,0,0.5336,0.46201894,0.07158105999999997,15.493100780673618,1.154931007806736,moderada,consumo_fuera_patron
2025-09-29 19:00:00,Sogamoso,salones,19,0,3.4188,2.6582863,0.7605137000000002,28.609172006792505,1.286091720067925,moderada,consumo_fuera_patron
2025-09-29 19:00:00,Tunja,oficinas,19,0,1.1456,0.9258376,0.2197623999999999,23.736603482079353,1.2373660348207935,moderada,consumo_fuera_patron
2025-09-29 20:00:00,Duitama,laboratorios,20,0,6.9097,5.9341197,0.9755802999999998,16.44018572796905,1.1644018572796906,moderada,consumo_fuera_patron
2025-09-29 20:00:00,Sogamoso,salones,20,0,3.1217,2.6031582,0.5185417999999999,19.91971905510775,1.1991971905510774,moderada,consumo_fuera_patron
2025-09-29 23:00:00,Duitama,comedor,23,0,0.5235,0.44083858,0.08266141999999999,18.750949610626183,1.1875094961062618,moderada,consumo_fuera_patron
2025-09-29 23:00:00,Sogamoso,comedor,23,0,0.5275,0.43932548,0.08817451999999998,20.070431608018723,1.2007043160801874,moderada,consumo_fuera_patron
2025-09-30 00:00:00,Duitama,comedor,0,1,0.5259,0.45326215,0.07263785000000006,16.025571515291993,1.16025571515292,moderada,consumo_nocturno_alto
2025-09-30 02:00:00,Duitama,comedor,2,1,0.5245,0.44982547,0.07467452999999996,16.60077851972232,1.1660077851972233,moderada,consumo_nocturno_alto
2025-09-30 04:00:00,Sogamoso,comedor,4,1,0.5161,0.43898004,0.07711995999999999,17.56798782924162,1.1756798782924163,moderada,consumo_nocturno_alto
2025-09-30 06:00:00,Duitama,comedor,6,1,0.533,0.4499465,0.0830535,18.45852784719961,1.1845852784719961,moderada,consumo_nocturno_alto
2025-09-30 07:00:00,Sogamoso,comedor,7,1,0.8653,0.75225,0.11304999999999998,15.02824858757062,1.1502824858757061,moderada,consumo_pico_excesivo
2025-09-30 07:00:00,Tunja,oficinas,7,1,3.4775,2.9569569,0.5205430999999998,17.604013775107774,1.1760401377510776,moderada,consumo_pico_excesivo
2025-09-30 08:00:00,Sogamoso,laboratorios,8,1,11.607,9.694701,1.912298999999999,19.72519833257363,1.1972519833257362,moderada,consumo_pico_excesivo
2025-09-30 09:00:00,Tunja,comedor,9,1,0.5346,0.38564146,0.14895853999999997,38.626173648445366,1.3862617364844536,critica,consumo_pico_excesivo
2025-09-30 12:00:00,Chiquinquirá,oficinas,12,1,2.0229,1.7552632,0.2676368,15.247673397357161,1.1524767339735715,moderada,consumo_fuera_patron
2025-09-30 12:00:00,Sogamoso,comedor,12,1,2.9458,1.6385149,1.3072851,79.78475508522992,1.7978475508522993,critica,consumo_fuera_patron
2025-09-30 12:00:00,Sogamoso,oficinas,12,1,4.1552,3.1160853,1.0391146999999998,33.34679894674256,1.3334679894674257,critica,consumo_fuera_patron
2025-09-30 14:00:00,Chiquinquirá,salones,14,1,3.2666,2.7353191,0.5312809000000001,19.42299529148172,1.1942299529148173,moderada,consumo_pico_excesivo
2025-09-30 14:00:00,Chiquinquirá,oficinas,14,1,2.8065,2.3419106,0.4645894000000004,19.83805018005386,1.1983805018005387,moderada,consumo_pico_excesivo
2025-09-30 14:00:00,Sogamoso,salones,14,1,7.3968,6.380141,1.0166589999999998,15.934741881096354,1.1593474188109636,moderada,consumo_pico_excesivo
2025-09-30 15:00:00,Tunja,salones,15,1,3.3958,2.8301852,0.5656148000000001,19.98508083499271,1.199850808349927,moderada,consumo_pico_excesivo
2025-09-30 18:00:00,Chiquinquirá,laboratorios,18,1,1.358,1.0738136,0.28418640000000006,26.46515186620844,1.2646515186620844,moderada,consumo_fuera_patron
2025-09-30 18:00:00,Chiquinquirá,oficinas,18,1,1.0143,0.8707614,0.14353859999999996,16.484263082860583,1.1648426308286057,moderada,consumo_fuera_patron
2025-09-30 18:00:00,Duitama,salones,18,1,3.5868,2.8397498,0.7470502000000003,26.306902108066012,1.26306902108066,moderada,consumo_fuera_patron
2025-09-30 18:00:00,Duitama,laboratorios,18,1,6.8974,5.9708295,0.9265705000000004,15.518287701901393,1.155182877019014,moderada,consumo_fuera_patron
2025-09-30 18:00:00,Sogamoso,salones,18,1,3.3855,2.716573,0.668927,24.623928751408485,1.2462392875140849,moderada,consumo_fuera_patron
2025-09-30 18:00:00,Tunja,salones,18,1,1.1497,0.7930506,0.3566493999999999,44.971834079691746,1.4497183407969174,critica,consumo_fuera_patron
2025-09-30 18:00:00,Tunja,laboratorios,18,1,2.886,2.28651,0.5994900000000003,26.21856016374301,1.2621856016374302,moderada,consumo_fuera_patron
2025-09-30 19:00:00,Chiquinquirá,laboratorios,19,1,1.2462,1.0470916,0.19910840000000007,19.015375541165653,1.1901537554116566,moderada,consumo_fuera_patron
2025-09-30 19:00:00,Duitama,comedor,19,1,0.5246,0.4215649,0.10303509999999994,24.44110029084488,1.2444110029084487,moderada,consumo_fuera_patron
2025-09-30 19:00:00,Sogamoso,salones,19,1,2.9996,2.4198453,0.5797547000000001,23.958337336688427,1.2395833733668842,moderada,consumo_fuera_patron
2025-09-30 20:00:00,Chiquinquirá,salones,20,1,1.5309,1.1876036,0.34329639999999984,28.906648649431492,1.2890664864943149,moderada,consumo_fuera_patron
2025-09-30 20:00:00,Duitama,salones,20,1,3.179,2.7058547,0.47314529999999966,17.48598326436374,1.1748598326436375,moderada,consumo_fuera_patron
2025-09-30 21:00:00,Duitama,comedor,21,1,0.5398,0.43266663,0.10713336999999995,24.76118160533895,1.2476118160533896,moderada,consumo_fuera_patron
2025-09-30 22:00:00,Sogamoso,oficinas,22,1,0.9487,0.79502386,0.15367613999999996,19.329751939771967,1.1932975193977196,moderada,consumo_fuera_patron
2025-10-01 08:00:00,Chiquinquirá,salones,8,2,3.7752,3.2796006,0.4955993999999997,15.111577915920604,1.1511157791592062,moderada,consumo_pico_excesivo
2025-10-01 09:00:00,Chiquinquirá,oficinas,9,2,2.6334,2.2778733,0.3555267,15.607834728999192,1.156078347289992,moderada,consumo_pico_excesivo
2025-10-01 10:00:00,Duitama,oficinas,10,2,5.6349,4.8415,0.7934000000000001,16.38748321801095,1.1638748321801096,moderada,consumo_pico_excesivo
2025-10-01 10:00:00,Sogamoso,laboratorios,10,2,10.5696,9.0347185,1.5348814999999991,16.98870307912747,1.1698870307912748,moderada,consumo_pico_excesivo
2025-10-01 12:00:00,Sogamoso,salones,12,2,1.4475,1.0738809,0.3736191,34.79148386008169,1.3479148386008168,critica,consumo_fuera_patron
2025-10-01 13:00:00,Sogamoso,salones,13,2,1.485,0.94079846,0.5442015400000001,57.84464613175494,1.5784464613175495,critica,consumo_fuera_patron
2025-10-01 13:00:00,Sogamoso,laboratorios,13,2,5.1513,4.368429,0.7828710000000001,17.921110770027397,1.179211107700274,moderada,consumo_fuera_patron
2025-10-01 13:00:00,Sogamoso,oficinas,13,2,3.5764,3.0129583,0.5634416999999998,18.700613944773142,1.1870061394477314,moderada,consumo_fuera_patron
2025-10-01 13:00:00,Tunja,salones,13,2,0.6642,0.52452517,0.13967483000000003,26.628813637294098,1.266288136372941,moderada,consumo_fuera_patron
2025-10-01 14:00:00,Sogamoso,oficinas,14,2,6.2035,4.9626527,1.2408473000000004,25.00371021328977,1.2500371021328978,moderada,consumo_pico_excesivo
2025-10-01 15:00:00,Chiquinquirá,salones,15,2,3.5372,2.9507961,0.5864039000000001,19.872735361145423,1.1987273536114542,moderada,consumo_pico_excesivo
2025-10-01 15:00:00,Tunja,salones,15,2,3.0666,2.6199977,0.44660230000000034,17.045904276938884,1.1704590427693888,moderada,consumo_pico_excesivo
2025-10-01 16:00:00,Tunja,comedor,16,2,0.7246,0.6031484,0.12145159999999999,20.136271604135896,1.201362716041359,moderada,consumo_pico_excesivo
2025-10-01 18:00:00,Chiquinquirá,oficinas,18,2,0.888,0.7555172,0.1324828,17.53537841362182,1.1753537841362183,moderada,consumo_fuera_patron
2025-10-01 18:00:00,Sogamoso,salones,18,2,2.965,2.4554849,0.5095150999999998,20.750080768161098,1.207500807681611,moderada,consumo_fuera_patron
2025-10-01 18:00:00,Tunja,salones,18,2,1.2755,1.103669,0.17183100000000007,15.569070074451677,1.1556907007445167,moderada,consumo_fuera_patron
2025-10-01 19:00:00,Sogamoso,laboratorios,19,2,6.1436,5.248141,0.8954589999999998,17.062403620634427,1.1706240362063443,moderada,consumo_fuera_patron
2025-10-01 19:00:00,Tunja,oficinas,19,2,1.0834,0.8706866,0.21271339999999994,24.430535625562623,1.2443053562556263,moderada,consumo_fuera_patron
2025-10-01 20:00:00,Chiquinquirá,salones,20,2,1.2361,0.95213306,0.28396694,29.824291575381285,1.298242915753813,moderada,consumo_fuera_patron
2025-10-01 20:00:00,Tunja,salones,20,2,0.9597,0.6915876,0.26811240000000003,38.767670212710584,1.387676702127106,critica,consumo_fuera_patron
2025-10-02 07:00:00,Duitama,comedor,7,3,0.731,0.6058569,0.12514309999999995,20.655554141580286,1.206555541415803,moderada,consumo_pico_excesivo
2025-10-02 09:00:00,Sogamoso,comedor,9,3,0.8666,0.7433413,0.12325870000000005,16.58171017808375,1.1658171017808374,moderada,consumo_pico_excesivo
2025-10-02 10:00:00,Sogamoso,comedor,10,3,0.9601,0.66243654,0.29766346,44.934637814514275,1.4493463781451428,critica,consumo_pico_excesivo
2025-10-02 10:00:00,Tunja,comedor,10,3,0.5059,0.4361016,0.06979840000000004,16.005077715835032,1.1600507771583504,moderada,consumo_pico_excesivo
2025-10-02 11:00:00,Tunja,oficinas,11,3,3.3168,2.8405147,0.47628530000000024,16.767570328011338,1.1676757032801133,moderada,consumo_pico_excesivo
2025-10-02 12:00:00,Chiquinquirá,salones,12,3,0.7141,0.5694556,0.1446444,25.40047020347153,1.2540047020347154,moderada,consumo_fuera_patron
2025-10-02 12:00:00,Duitama,salones,12,3,1.24,1.055094,0.18490600000000001,17.525073595338426,1.1752507359533844,moderada,consumo_fuera_patron
2025-10-02 12:00:00,Sogamoso,oficinas,12,3,3.686,3.1740398,0.5119601999999999,16.129608708750276,1.1612960870875029,moderada,consumo_fuera_patron
2025-10-02 16:00:00,Sogamoso,salones,16,3,6.8796,5.893958,0.9856420000000004,16.722922016071383,1.1672292201607137,moderada,consumo_pico_excesivo
2025-10-02 17:00:00,Chiquinquirá,salones,17,3,3.4255,2.9297507,0.49574929999999995,16.92121107778897,1.1692121107778897,moderada,consumo_pico_excesivo
2025-10-02 17:00:00,Duitama,comedor,17,3,1.0658,0.8927266,0.17307340000000004,19.387055342587534,1.1938705534258753,moderada,consumo_pico_excesivo
2025-10-02 18:00:00,Sogamoso,salones,18,3,2.7025,2.3314083,0.3710917,15.917061803374382,1.1591706180337438,moderada,consumo_fuera_patron
2025-10-02 19:00:00,Chiquinquirá,oficinas,19,3,1.0188,0.840199,0.1786009999999999,21.256987927859935,1.2125698792785993,moderada,consumo_fuera_patron
2025-10-02 20:00:00,Duitama,salones,20,3,2.71,2.2605078,0.4494921999999999,19.884567529472797,1.198845675294728,moderada,consumo_fuera_patron
2025-10-02 20:00:00,Sogamoso,oficinas,20,3,0.8241,0.6949903,0.1291097000000001,18.57719453062872,1.1857719453062872,moderada,consumo_fuera_patron
2025-10-03 07:00:00,Chiquinquirá,laboratorios,7,4,1.9728,1.7017387,0.27106130000000017,15.928491254268366,1.1592849125426836,moderada,consumo_pico_excesivo
2025-10-03 08:00:00,Duitama,comedor,8,4,0.7501,0.60122633,0.14887366999999996,24.76166837204218,1.247616683720422,moderada,consumo_pico_excesivo
2025-10-03 08:00:00,Tunja,salones,8,4,3.3898,2.9130216,0.47677840000000016,16.367142626062236,1.1636714262606223,moderada,consumo_pico_excesivo
2025-10-03 10:00:00,Duitama,comedor,10,4,0.8267,0.7132703,0.11342969999999997,15.902765052743675,1.1590276505274368,moderada,consumo_pico_excesivo
2025-10-03 10:00:00,Sogamoso,comedor,10,4,0.9043,0.7794862,0.12481379999999997,16.012316831266542,1.1601231683126654,moderada,consumo_pico_excesivo
2025-10-03 12:00:00,Duitama,comedor,12,4,2.5805,2.193452,0.3870479999999996,17.645610663009702,1.176456106630097,moderada,consumo_fuera_patron
2025-10-03 13:00:00,Chiquinquirá,salones,13,4,0.7591,0.5740321,0.18506789999999995,32.23999145692374,1.3223999145692373,critica,consumo_fuera_patron
2025-10-03 13:00:00,Tunja,oficinas,13,4,1.6644,1.4340601,0.23033990000000015,16.062081359072756,1.1606208135907277,moderada,consumo_fuera_patron
2025-10-03 15:00:00,Sogamoso,oficinas,15,4,4.4587,3.524081,0.9346190000000005,26.520928434959373,1.2652092843495937,moderada,consumo_pico_excesivo
2025-10-03 16:00:00,Chiquinquirá,oficinas,16,4,1.993,1.4629817,0.5300183,36.22863498565977,1.3622863498565976,critica,consumo_pico_excesivo
2025-10-03 16:00:00,Duitama,salones,16,4,2.9796,2.5749464,0.40465360000000006,15.715030029362945,1.1571503002936294,moderada,consumo_pico_excesivo
2025-10-03 16:00:00,Sogamoso,salones,16,4,3.5808,2.902311,0.6784889999999999,23.377542930444044,1.2337754293044405,moderada,consumo_pico_excesivo
2025-10-03 17:00:00,Duitama,salones,17,4,2.6068,2.187605,0.41919499999999976,19.16228021054988,1.1916228021054989,moderada,consumo_pico_excesivo
2025-10-03 18:00:00,Sogamoso,oficinas,18,4,2.3791,1.7045137,0.6745863000000003,39.576466883193746,1.3957646688319374,critica,consumo_fuera_patron
2025-10-03 18:00:00,Tunja,salones,18,4,1.2334,1.0153657,0.21803430000000001,21.473475024811258,1.2147347502481125,moderada,consumo_fuera_patron
2025-10-03 19:00:00,Tunja,salones,19,4,1.4231,1.0991045,0.3239955000000001,29.478134244741984,1.2947813424474197,moderada,consumo_fuera_patron
2025-10-03 20:00:00,Duitama,oficinas,20,4,0.6248,0.5379295,0.08687050000000007,16.14904927132646,1.1614904927132645,moderada,consumo_fuera_patron
2025-10-03 20:00:00,Sogamoso,salones,20,4,3.1174,2.4040034,0.7133965999999998,29.675357364303217,1.2967535736430322,moderada,consumo_fuera_patron
2025-10-03 20:00:00,Tunja,salones,20,4,1.2489,0.6745292,0.5743707999999998,85.15136186839648,1.8515136186839647,critica,consumo_fuera_patron
2025-10-04 04:00:00,Tunja,laboratorios,4,5,5.668525164477352,3.102491,2.5660341644773523,82.70883507727669,1.8270883507727669,critica,consumo_nocturno_alto
2025-10-04 07:00:00,Chiquinquirá,salones,7,5,2.4744,2.0581465,0.4162535000000003,20.22467788371723,1.2022467788371722,moderada,consumo_fin_semana_alto
2025-10-04 07:00:00,Duitama,oficinas,7,5,0.6796,0.58286417,0.09673582999999997,16.59663348323503,1.1659663348323503,moderada,consumo_fin_semana_alto
2025-10-04 08:00:00,Chiquinquirá,oficinas,8,5,1.2474,0.9198983,0.3275017000000001,35.601946432556744,1.3560194643255674,critica,consumo_fin_semana_alto
2025-10-04 08:00:00,Duitama,oficinas,8,5,2.1763,1.7377223,0.43857769999999996,25.238652919399147,1.2523865291939915,moderada,consumo_fin_semana_alto
2025-10-04 08:00:00,Sogamoso,oficinas,8,5,2.6945,2.0614126,0.6330874,30.711338428803625,1.3071133842880363,critica,consumo_fin_semana_alto
2025-10-04 08:00:00,Tunja,oficinas,8,5,1.2433,1.021057,0.22224299999999997,21.76597388784367,1.2176597388784367,moderada,consumo_fin_semana_alto
2025-10-04 09:00:00,Chiquinquirá,salones,9,5,2.3926,2.068403,0.32419699999999985,15.673783107063752,1.1567378310706375,moderada,consumo_fin_semana_alto
2025-10-04 09:00:00,Duitama,oficinas,9,5,1.9525,1.6687498,0.28375019999999984,17.00375934127452,1.1700375934127452,moderada,consumo_fin_semana_alto
2025-10-04 10:00:00,Tunja,salones,10,5,2.1209,1.7678822,0.3530177999999997,19.968400609497607,1.199684006094976,moderada,consumo_fin_semana_alto
2025-10-04 11:00:00,Chiquinquirá,oficinas,11,5,1.2571,0.94376844,0.31333156000000006,33.200046401212575,1.3320004640121257,critica,consumo_fin_semana_alto
2025-10-04 12:00:00,Duitama,salones,12,5,4.4594,3.7160726,0.7433273999999996,20.003037615572946,1.2000303761557294,moderada,consumo_fin_semana_alto
2025-10-04 12:00:00,Sogamoso,laboratorios,12,5,7.1671,6.1644173,1.0026826999999994,16.265652554054043,1.1626565255405403,moderada,consumo_fin_semana_alto
2025-10-04 12:00:00,Tunja,laboratorios,12,5,3.1886,2.6163964,0.5722035999999999,21.869912372605306,1.2186991237260532,moderada,consumo_fin_semana_alto
2025-10-04 13:00:00,Duitama,comedor,13,5,1.1189,0.8767333,0.24216669999999996,27.62147850435246,1.2762147850435246,moderada,consumo_fin_semana_alto
2025-10-04 13:00:00,Sogamoso,comedor,13,5,1.3589,0.98972803,0.36917197,37.30034502508735,1.3730034502508734,critica,consumo_fin_semana_alto
2025-10-04 13:00:00,Tunja,comedor,13,5,0.7912,0.60800576,0.18319424000000006,30.13034613356296,1.3013034613356296,critica,consumo_fin_semana_alto
2025-10-06 07:00:00,Duitama,oficinas,7,0,5.1388,4.4533887,0.6854113000000002,15.390780957431366,1.1539078095743136,moderada,consumo_pico_excesivo
2025-10-06 08:00:00,Duitama,oficinas,8,0,5.4841,4.760203,0.723897,15.20727162265979,1.152072716226598,moderada,consumo_pico_excesivo
2025-10-06 08:00:00,Sogamoso,laboratorios,8,0,9.8964,8.36743,1.5289699999999993,18.27287470585352,1.1827287470585353,moderada,consumo_pico_excesivo
2025-10-06 09:00:00,Sogamoso,comedor,9,0,1.0323,0.7361839,0.2961161,40.223115447104995,1.40223115447105,critica,consumo_pico_excesivo
2025-10-06 09:00:00,Tunja,comedor,9,0,0.5113,0.42976037,0.08153962999999997,18.973278061911568,1.1897327806191156,moderada,consumo_pico_excesivo
2025-10-06 10:00:00,Sogamoso,oficinas,10,0,5.8492,5.0008073,0.8483926999999998,16.96511481256236,1.1696511481256235,moderada,consumo_pico_excesivo
2025-10-06 12:00:00,Chiquinquirá,salones,12,0,0.7402,0.60290915,0.13729084999999996,22.7713993061807,1.227713993061807,moderada,consumo_fuera_patron
2025-10-06 13:00:00,Sogamoso,salones,13,0,1.373,1.1096573,0.26334269999999993,23.731894522750395,1.237318945227504,moderada,consumo_fuera_patron
2025-10-06 13:00:00,Tunja,oficinas,13,0,2.1577,1.7668624,0.39083760000000023,22.12043224192219,1.221204322419222,moderada,consumo_fuera_patron
2025-10-06 18:00:00,Chiquinquirá,oficinas,18,0,1.0179,0.6656357,0.3522643,52.92148543114499,1.5292148543114499,critica,consumo_fuera_patron
2025-10-06 20:00:00,Duitama,salones,20,0,2.8642,2.2391171,0.6250828999999998,27.916489941504164,1.2791648994150417,moderada,consumo_fuera_patron
2025-10-06 20:00:00,Sogamoso,salones,20,0,2.6183,2.2162716,0.4020284000000003,18.139852534319363,1.1813985253431936,moderada,consumo_fuera_patron
2025-10-06 20:00:00,Tunja,salones,20,0,1.3618,1.0820813,0.2797186999999999,25.85006320689581,1.258500632068958,moderada,consumo_fuera_patron
2025-10-06 23:00:00,Chiquinquirá,laboratorios,23,0,0.5916,0.51352286,0.07807713999999999,15.204218951421167,1.1520421895142117,moderada,consumo_fuera_patron
2025-10-07 07:00:00,Chiquinquirá,oficinas,7,1,2.6402,2.2430463,0.39715370000000005,17.705996528025302,1.1770599652802531,moderada,consumo_pico_excesivo
2025-10-07 07:00:00,Sogamoso,comedor,7,1,0.8563,0.64992493,0.20637507,31.75367807478935,1.3175367807478935,critica,consumo_pico_excesivo
2025-10-07 07:00:00,Tunja,laboratorios,7,1,4.3797,3.7498422,0.6298577999999999,16.79691481417538,1.1679691481417538,moderada,consumo_pico_excesivo
2025-10-07 08:00:00,Chiquinquirá,oficinas,8,1,2.7712,2.3931346,0.3780654000000001,15.797916255943154,1.1579791625594316,moderada,consumo_pico_excesivo
2025-10-07 09:00:00,Sogamoso,comedor,9,1,0.9027,0.76402,0.13867999999999991,18.151357294311655,1.1815135729431165,moderada,consumo_pico_excesivo
2025-10-07 09:00:00,Tunja,comedor,9,1,0.5253,0.4194239,0.10587609999999997,25.243220522244908,1.252432205222449,moderada,consumo_pico_excesivo
2025-10-07 10:00:00,Tunja,salones,10,1,3.4483,2.9465523,0.5017477000000001,17.028297783820097,1.170282977838201,moderada,consumo_pico_excesivo
2025-10-07 12:00:00,Sogamoso,salones,12,1,1.2216,1.0369052,0.18469479999999994,17.812120143673685,1.1781212014367368,moderada,consumo_fuera_patron
2025-10-07 12:00:00,Tunja,salones,12,1,0.5498,0.46026254,0.08953745999999996,19.453562308155682,1.1945356230815567,moderada,consumo_fuera_patron
2025-10-07 13:00:00,Chiquinquirá,comedor,13,1,0.7841,0.44515732,0.33894268,76.13997676147389,1.761399767614739,critica,consumo_fuera_patron
2025-10-07 17:00:00,Chiquinquirá,oficinas,17,1,2.8751,2.4632745,0.4118255000000004,16.718619869608542,1.1671861986960854,moderada,consumo_pico_excesivo
2025-10-07 17:00:00,Sogamoso,comedor,17,1,1.3344,0.9912024,0.3431976,34.62437136956085,1.3462437136956085,critica,consumo_pico_excesivo
2025-10-07 17:00:00,Sogamoso,salones,17,1,6.7101,5.81379,0.8963099999999997,15.41696552507056,1.1541696552507057,moderada,consumo_pico_excesivo
2025-10-07 19:00:00,Duitama,oficinas,19,1,1.8665,1.5083432,0.35815679999999994,23.74504688322922,1.2374504688322923,moderada,consumo_fuera_patron
2025-10-07 19:00:00,Sogamoso,salones,19,1,3.0647,2.5228686,0.5418314000000004,21.476798276374776,1.2147679827637479,moderada,consumo_fuera_patron
2025-10-07 19:00:00,Tunja,laboratorios,19,1,2.7923,2.3810105,0.4112895000000001,17.27373734807134,1.1727373734807134,moderada,consumo_fuera_patron
2025-10-07 19:00:00,Tunja,oficinas,19,1,1.2591,1.0761021,0.18299790000000016,17.005626139006715,1.1700562613900671,moderada,consumo_fuera_patron
2025-10-08 07:00:00,Sogamoso,laboratorios,7,2,10.3546,8.906035,1.4485650000000003,16.26498211605951,1.1626498211605951,moderada,consumo_pico_excesivo
2025-10-08 08:00:00,Sogamoso,comedor,8,2,0.779,0.6701841,0.10881590000000008,16.236717642212056,1.1623671764221206,moderada,consumo_pico_excesivo
2025-10-08 08:00:00,Tunja,comedor,8,2,0.5199,0.36047694,0.15942306,44.225591795136744,1.4422559179513674,critica,consumo_pico_excesivo
2025-10-08 08:00:00,Tunja,salones,8,2,3.352,2.8752413,0.4767587,16.58151961019759,1.1658151961019758,moderada,consumo_pico_excesivo
2025-10-08 09:00:00,Duitama,comedor,9,2,0.865,0.6988953,0.1661047,23.766750184183525,1.2376675018418353,moderada,consumo_pico_excesivo
2025-10-08 09:00:00,Sogamoso,comedor,9,2,0.8984,0.7794862,0.11891379999999996,15.255407985413976,1.1525540798541398,moderada,consumo_pico_excesivo
2025-10-08 10:00:00,Sogamoso,comedor,10,2,0.9538,0.76789194,0.18590805999999993,24.210185094532953,1.2421018509453294,moderada,consumo_pico_excesivo
2025-10-08 11:00:00,Sogamoso,oficinas,11,2,6.4442,5.4085245,1.0356755,19.14894718513339,1.191489471851334,moderada,consumo_pico_excesivo
2025-10-08 12:00:00,Chiquinquirá,salones,12,2,0.7026,0.53760105,0.16499894999999998,30.691709028470083,1.306917090284701,critica,consumo_fuera_patron
2025-10-08 12:00:00,Chiquinquirá,laboratorios,12,2,1.0334,0.8250136,0.20838640000000008,25.25854119253308,1.2525854119253308,moderada,consumo_fuera_patron
2025-10-08 12:00:00,Duitama,comedor,12,2,2.5067,2.0645056,0.4421944,21.41890048639248,1.2141890048639248,moderada,consumo_fuera_patron
2025-10-08 13:00:00,Sogamoso,salones,13,2,1.147,0.9928127,0.15418730000000003,15.530351293854322,1.1553035129385432,moderada,consumo_fuera_patron
2025-10-08 15:00:00,Chiquinquirá,laboratorios,15,2,1.7526,1.484648,0.26795199999999997,18.0481838119204,1.180481838119204,moderada,consumo_pico_excesivo
2025-10-08 15:00:00,Sogamoso,salones,15,2,6.6239,5.570528,1.0533719999999995,18.909733511796357,1.1890973351179637,moderada,consumo_pico_excesivo
2025-10-08 17:00:00,Tunja,comedor,17,2,0.741,0.6042029,0.1367971,22.64092079001938,1.2264092079001938,moderada,consumo_pico_excesivo
2025-10-08 18:00:00,Sogamoso,salones,18,2,2.8884,2.3249564,0.5634435999999998,24.23458779700126,1.2423458779700125,moderada,consumo_fuera_patron
2025-10-08 18:00:00,Sogamoso,oficinas,18,2,1.8333,1.548834,0.2844659999999999,18.36646148005531,1.1836646148005532,moderada,consumo_fuera_patron
2025-10-08 19:00:00,Chiquinquirá,laboratorios,19,2,1.279,1.0651529,0.21384709999999996,20.076657539025614,1.200766575390256,moderada,consumo_fuera_patron
2025-10-08 19:00:00,Chiquinquirá,oficinas,19,2,0.9706,0.82693356,0.14366644000000006,17.373395753825747,1.1737339575382575,moderada,consumo_fuera_patron
2025-10-08 19:00:00,Duitama,oficinas,19,2,1.7955,1.4954946,0.3000054000000001,20.0606140603918,1.200606140603918,moderada,consumo_fuera_patron
2025-10-08 19:00:00,Tunja,laboratorios,19,2,2.6978,2.2854922,0.4123077999999998,18.04021908278662,1.1804021908278661,moderada,consumo_fuera_patron
2025-10-09 07:00:00,Chiquinquirá,laboratorios,7,3,2.0003,1.7379024,0.2623976000000001,15.098523369321551,1.1509852336932156,moderada,consumo_pico_excesivo
2025-10-09 07:00:00,Chiquinquirá,oficinas,7,3,2.9,2.3153253,0.5846746999999999,25.252378143149034,1.2525237814314905,moderada,consumo_pico_excesivo
2025-10-09 07:00:00,Duitama,comedor,7,3,0.7737,0.661698,0.11200200000000005,16.926452853114267,1.1692645285311427,moderada,consumo_pico_excesivo
2025-10-09 08:00:00,Sogamoso,oficinas,8,3,6.4144,5.4614725,0.9529274999999995,17.448179039627124,1.1744817903962712,moderada,consumo_pico_excesivo
2025-10-09 09:00:00,Duitama,comedor,9,3,0.8045,0.6950113,0.1094887,15.753513647907594,1.157535136479076,moderada,consumo_pico_excesivo
2025-10-09 09:00:00,Tunja,comedor,9,3,0.5204,0.4420623,0.07833769999999995,17.72096376460964,1.1772096376460963,moderada,consumo_pico_excesivo
2025-10-09 10:00:00,Sogamoso,comedor,10,3,0.9332,0.79224503,0.14095497,17.791840234075057,1.1779184023407505,moderada,consumo_pico_excesivo
2025-10-09 10:00:00,Tunja,comedor,10,3,0.5138,0.43501356,0.07878644000000001,18.11126071564298,1.1811126071564297,moderada,consumo_pico_excesivo
2025-10-09 10:00:00,Tunja,laboratorios,10,3,4.3442,3.7344594,0.6097405999999999,16.32741274413105,1.1632741274413105,moderada,consumo_pico_excesivo
2025-10-09 12:00:00,Chiquinquirá,salones,12,3,0.6816,0.5730223,0.1085777,18.948250356050718,1.1894825035605072,moderada,consumo_fuera_patron
2025-10-09 12:00:00,Duitama,salones,12,3,1.2993,1.0657687,0.2335312999999999,21.91200586018335,1.2191200586018334,moderada,consumo_fuera_patron
2025-10-09 12:00:00,Sogamoso,comedor,12,3,2.6855,1.9926945,0.6928055000000002,34.76727114969205,1.3476727114969205,critica,consumo_fuera_patron
2025-10-09 12:00:00,Tunja,laboratorios,12,3,2.3307,2.0085802,0.3221198000000003,16.03718885608851,1.1603718885608851,moderada,consumo_fuera_patron
2025-10-09 13:00:00,Chiquinquirá,salones,13,3,0.737,0.49294975,0.24405024999999997,49.50813952132037,1.4950813952132036,critica,consumo_fuera_patron
2025-10-09 13:00:00,Chiquinquirá,oficinas,13,3,1.7034,1.2344403,0.4689597000000001,37.989662197515756,1.3798966219751576,critica,consumo_fuera_patron
2025-10-09 13:00:00,Duitama,oficinas,13,3,3.4435,2.9055269,0.5379730999999999,18.515509183549458,1.1851550918354945,moderada,consumo_fuera_patron
2025-10-09 13:00:00,Tunja,salones,13,3,0.6012,0.450379,0.15082099999999998,33.487573798955985,1.33487573798956,critica,consumo_fuera_patron
2025-10-09 14:00:00,Duitama,salones,14,3,6.1134,5.1442714,0.9691286000000003,18.838986605566735,1.1883898660556673,moderada,consumo_pico_excesivo
2025-10-09 15:00:00,Chiquinquirá,laboratorios,15,3,1.9372,1.6084836,0.3287164,20.43641601319404,1.2043641601319404,moderada,consumo_pico_excesivo
2025-10-09 15:00:00,Sogamoso,oficinas,15,3,5.9897,5.149701,0.8399989999999997,16.311607217584083,1.163116072175841,moderada,consumo_pico_excesivo
2025-10-09 16:00:00,Tunja,comedor,16,3,0.709,0.5752082,0.13379180000000002,23.25971709026402,1.2325971709026402,moderada,consumo_pico_excesivo
2025-10-09 17:00:00,Duitama,comedor,17,3,1.1049,0.832086,0.272814,32.78675521520612,1.3278675521520613,critica,consumo_pico_excesivo
2025-10-09 18:00:00,Chiquinquirá,oficinas,18,3,0.9504,0.80844814,0.14195186000000004,17.558561022850526,1.1755856102285052,moderada,consumo_fuera_patron
2025-10-09 18:00:00,Duitama,oficinas,18,3,1.9321,1.3955183,0.5365816999999999,38.45035210215445,1.3845035210215444,critica,consumo_fuera_patron
2025-10-09 18:00:00,Tunja,oficinas,18,3,1.1089,0.93040144,0.17849855999999997,19.185112181253714,1.1918511218125372,moderada,consumo_fuera_patron
2025-10-09 19:00:00,Chiquinquirá,laboratorios,19,3,4.132309606187969,1.768622,2.3636876061879697,133.64572001184933,2.336457200118493,critica,consumo_fuera_patron
2025-10-09 19:00:00,Duitama,laboratorios,19,3,5.0288,4.341207,0.6875930000000006,15.838751757287792,1.158387517572878,moderada,consumo_fuera_patron
2025-10-09 19:00:00,Sogamoso,oficinas,19,3,2.1711,1.5873272,0.5837728,36.777092964827915,1.3677709296482792,critica,consumo_fuera_patron
2025-10-09 20:00:00,Tunja,salones,20,3,0.89,0.75720197,0.13279803,17.537993198829106,1.1753799319882912,moderada,consumo_fuera_patron
2025-10-09 20:00:00,Tunja,laboratorios,20,3,2.5104,1.9508874,0.5595126000000001,28.67990228446809,1.2867990228446808,moderada,consumo_fuera_patron
2025-10-10 07:00:00,Sogamoso,comedor,7,4,0.8608,0.67771894,0.18308106000000002,27.014304779500485,1.2701430477950049,moderada,consumo_pico_excesivo
2025-10-10 09:00:00,Sogamoso,comedor,9,4,0.9859,0.75632423,0.22957576999999996,30.354147188964177,1.3035414718896416,critica,consumo_pico_excesivo
2025-10-10 10:00:00,Tunja,salones,10,4,3.3741,2.8950322,0.4790677999999997,16.547926479021534,1.1654792647902152,moderada,consumo_pico_excesivo
2025-10-10 11:00:00,Chiquinquirá,laboratorios,11,4,2.019,1.605581,0.4134190000000002,25.7488722151047,1.2574887221510471,moderada,consumo_pico_excesivo
2025-10-10 11:00:00,Duitama,salones,11,4,6.6996,5.68315,1.0164499999999999,17.88532767919199,1.17885327679192,moderada,consumo_pico_excesivo
2025-10-10 12:00:00,Chiquinquirá,comedor,12,4,0.7476,0.6248448,0.12275520000000006,19.645710422812204,1.196457104228122,moderada,consumo_fuera_patron
2025-10-10 12:00:00,Chiquinquirá,salones,12,4,0.6705,0.56404954,0.10645046000000002,18.872537330674895,1.1887253733067489,moderada,consumo_fuera_patron
2025-10-10 12:00:00,Tunja,comedor,12,4,1.6488,1.3842347,0.2645653000000001,19.112748726787455,1.1911274872678745,moderada,consumo_fuera_patron
2025-10-10 14:00:00,Sogamoso,oficinas,14,4,4.0104,3.4716442,0.5387557999999997,15.518750452595334,1.1551875045259534,moderada,consumo_pico_excesivo
2025-10-10 16:00:00,Duitama,salones,16,4,3.3423,2.894063,0.4482369999999998,15.488156270267778,1.1548815627026778,moderada,consumo_pico_excesivo
2025-10-10 16:00:00,Sogamoso,comedor,16,4,1.1444,0.8633133,0.28108670000000013,32.55906054036236,1.3255906054036237,critica,consumo_pico_excesivo
2025-10-10 16:00:00,Sogamoso,salones,16,4,3.488,2.9492028,0.5387971999999999,18.26924889668489,1.1826924889668489,moderada,consumo_pico_excesivo
2025-10-10 16:00:00,Tunja,comedor,16,4,0.6283,0.4784954,0.14980459999999995,31.30742740682563,1.3130742740682564,critica,consumo_pico_excesivo
2025-10-10 17:00:00,Chiquinquirá,salones,17,4,1.7938,1.3618729,0.4319271,31.715668914477995,1.31715668914478,critica,consumo_pico_excesivo
2025-10-10 17:00:00,Sogamoso,oficinas,17,4,3.9357,3.203346,0.7323540000000004,22.862157256818353,1.2286215725681835,moderada,consumo_pico_excesivo
2025-10-10 17:00:00,Tunja,comedor,17,4,0.6028,0.49459133,0.10820867,21.878400092456133,1.2187840009245614,moderada,consumo_pico_excesivo
2025-10-10 18:00:00,Sogamoso,oficinas,18,4,2.3724,1.5223738,0.8500261999999998,55.83557730696626,1.5583557730696624,critica,consumo_fuera_patron
2025-10-10 18:00:00,Tunja,laboratorios,18,4,2.629,2.1962898,0.4327101999999998,19.701871765738737,1.1970187176573874,moderada,consumo_fuera_patron
2025-10-10 19:00:00,Tunja,oficinas,19,4,1.0161,0.8516883,0.16441170000000005,19.304210237477733,1.1930421023747773,moderada,consumo_fuera_patron
2025-10-10 20:00:00,Chiquinquirá,laboratorios,20,4,1.0435,0.8925055,0.15099450000000014,16.918047003631926,1.1691804700363193,moderada,consumo_fuera_patron
2025-10-10 20:00:00,Sogamoso,salones,20,4,2.5473,2.2000299,0.3472700999999998,15.784790015808412,1.1578479001580841,moderada,consumo_fuera_patron
2025-10-10 20:00:00,Tunja,salones,20,4,1.3248,1.0823042,0.24249579999999993,22.40551223953487,1.2240551223953486,moderada,consumo_fuera_patron
2025-10-11 07:00:00,Chiquinquirá,salones,7,5,2.7133,2.2449565,0.4683435,20.862030066061415,1.2086203006606142,moderada,consumo_fin_semana_alto
2025-10-11 07:00:00,Duitama,laboratorios,7,5,5.5194,4.7592025,0.7601975000000003,15.973211898422063,1.1597321189842207,moderada,consumo_fin_semana_alto
2025-10-11 09:00:00,Duitama,oficinas,9,5,2.225,1.8489305,0.37606950000000006,20.339839707333514,1.203398397073335,moderada,consumo_fin_semana_alto
2025-10-11 09:00:00,Tunja,salones,9,5,2.5235,2.073184,0.45031599999999994,21.720985691573922,1.2172098569157392,moderada,consumo_fin_semana_alto
2025-10-11 09:00:00,Tunja,oficinas,9,5,1.3367,1.0569654,0.27973460000000006,26.465823763010604,1.264658237630106,moderada,consumo_fin_semana_alto
2025-10-11 10:00:00,Sogamoso,salones,10,5,4.9226,4.202216,0.7203840000000001,17.142955050382945,1.1714295505038295,moderada,consumo_fin_semana_alto
2025-10-11 11:00:00,Chiquinquirá,oficinas,11,5,1.2357,0.94116765,0.29453235,31.29435547428771,1.3129435547428772,critica,consumo_fin_semana_alto
2025-10-11 12:00:00,Chiquinquirá,laboratorios,12,5,1.4994,1.19898,0.30042000000000013,25.056297853175213,1.250562978531752,moderada,consumo_fin_semana_alto
2025-10-11 12:00:00,Duitama,oficinas,12,5,2.13,1.7941294,0.3358705999999998,18.720533758601793,1.1872053375860179,moderada,consumo_fin_semana_alto
2025-10-11 12:00:00,Tunja,comedor,12,5,0.8419,0.7260809,0.11581909999999995,15.951266587511109,1.1595126658751111,moderada,consumo_fin_semana_alto
2025-10-11 12:00:00,Tunja,laboratorios,12,5,2.725,2.3300126,0.3949874000000002,16.95215725442859,1.169521572544286,moderada,consumo_fin_semana_alto
2025-10-11 13:00:00,Chiquinquirá,laboratorios,13,5,0.5594,0.43821836,0.12118164000000003,27.653254875035373,1.2765325487503536,moderada,consumo_fin_semana_alto
2025-10-11 13:00:00,Duitama,comedor,13,5,1.1767,0.99780476,0.17889524000000012,17.928882199359332,1.1792888219935933,moderada,consumo_fin_semana_alto
2025-10-11 13:00:00,Sogamoso,comedor,13,5,1.4634,1.2449114,0.21848860000000014,17.550534118331647,1.1755053411833165,moderada,consumo_fin_semana_alto
2025-10-12 13:00:00,Duitama,oficinas,13,6,0.7292,0.62742925,0.10177074999999991,16.220275034993968,1.1622027503499397,moderada,consumo_fin_semana_alto
2025-10-12 17:00:00,Sogamoso,oficinas,17,6,0.809,0.70054305,0.10845695000000011,15.481839410154752,1.1548183941015475,moderada,consumo_fin_semana_alto
2025-10-13 04:00:00,Sogamoso,oficinas,4,0,0.8247,0.69469064,0.13000935999999996,18.714713069978885,1.187147130699789,moderada,consumo_nocturno_alto
2025-10-13 10:00:00,Chiquinquirá,laboratorios,10,0,2.0491,1.7076424,0.34145760000000025,19.995849248062726,1.1999584924806272,moderada,consumo_pico_excesivo
2025-10-13 10:00:00,Duitama,comedor,10,0,0.8742,0.6942904,0.1799096,25.912730465522788,1.2591273046552278,moderada,consumo_pico_excesivo
2025-10-13 10:00:00,Sogamoso,comedor,10,0,0.9126,0.77651304,0.13608695999999998,17.525392748072843,1.1752539274807285,moderada,consumo_pico_excesivo
2025-10-13 10:00:00,Tunja,salones,10,0,3.3749,2.8215177,0.5533823,19.612930303432087,1.196129303034321,moderada,consumo_pico_excesivo
2025-10-13 12:00:00,Chiquinquirá,salones,12,0,0.6299,0.5048143,0.12508569999999997,24.778557184295284,1.247785571842953,moderada,consumo_fuera_patron
2025-10-13 12:00:00,Sogamoso,salones,12,0,1.2658,1.0292102,0.23658979999999996,22.987510228717124,1.2298751022871712,moderada,consumo_fuera_patron
2025-10-13 13:00:00,Chiquinquirá,salones,13,0,0.7477,0.5969209,0.15077910000000005,25.25947742824888,1.2525947742824888,moderada,consumo_fuera_patron
2025-10-13 13:00:00,Tunja,salones,13,0,0.5702,0.4677745,0.10242550000000006,21.896341078874556,1.2189634107887455,moderada,consumo_fuera_patron
2025-10-13 14:00:00,Sogamoso,salones,14,0,6.3056,5.3341236,0.9714764000000002,18.21248386520328,1.1821248386520329,moderada,consumo_pico_excesivo
2025-10-13 15:00:00,Chiquinquirá,laboratorios,15,0,1.9888,1.5751748,0.4136251999999998,26.259003127779835,1.2625900312777985,moderada,consumo_pico_excesivo
2025-10-13 20:00:00,Chiquinquirá,salones,20,0,1.2053,0.95213306,0.25316694000000006,26.589449588064934,1.2658944958806493,moderada,consumo_fuera_patron
2025-10-13 20:00:00,Duitama,salones,20,0,2.3341,1.5233402,0.8107597999999998,53.222504073614004,1.5322250407361402,critica,consumo_fuera_patron
2025-10-14 08:00:00,Sogamoso,comedor,8,1,0.7493,0.63859534,0.11070466000000001,17.33565108696221,1.173356510869622,moderada,consumo_pico_excesivo
2025-10-14 09:00:00,Sogamoso,comedor,9,1,0.8782,0.69451314,0.18368686,26.44829153268432,1.2644829153268433,moderada,consumo_pico_excesivo
2025-10-14 10:00:00,Tunja,comedor,10,1,0.5366,0.4400743,0.09652569999999999,21.93395524346684,1.2193395524346684,moderada,consumo_pico_excesivo
2025-10-14 12:00:00,Chiquinquirá,comedor,12,1,0.8173,0.7052452,0.11205480000000001,15.888771734993732,1.1588877173499372,moderada,consumo_fuera_patron
2025-10-14 12:00:00,Sogamoso,oficinas,12,1,3.7825,2.9191203,0.8633797000000003,29.576708435072042,1.2957670843507205,moderada,consumo_fuera_patron
2025-10-14 13:00:00,Chiquinquirá,salones,13,1,0.757,0.564843,0.19215700000000002,34.019541713361065,1.3401954171336106,critica,consumo_fuera_patron
2025-10-14 13:00:00,Duitama,salones,13,1,1.4341,1.0532203,0.38087969999999993,36.16334588309776,1.3616334588309777,critica,consumo_fuera_patron
2025-10-14 13:00:00,Sogamoso,oficinas,13,1,4.1028,3.3268156,0.7759844,23.325140112965684,1.233251401129657,moderada,consumo_fuera_patron
2025-10-14 14:00:00,Duitama,salones,14,1,6.0184,5.1640396,0.8543604,16.54441999244158,1.1654441999244158,moderada,consumo_pico_excesivo
2025-10-14 14:00:00,Tunja,laboratorios,14,1,4.052,3.430444,0.6215559999999996,18.118820770722376,1.1811882077072238,moderada,consumo_pico_excesivo
2025-10-14 18:00:00,Chiquinquirá,salones,18,1,1.3814,1.0930456,0.2883544,26.38082070866943,1.2638082070866943,moderada,consumo_fuera_patron
2025-10-14 18:00:00,Tunja,salones,18,1,1.1319,0.7994393,0.33246069999999994,41.5867346026146,1.415867346026146,critica,consumo_fuera_patron
2025-10-14 18:00:00,Tunja,oficinas,18,1,0.9468,0.72406244,0.22273756,30.76220332600045,1.3076220332600046,critica,consumo_fuera_patron
2025-10-14 19:00:00,Chiquinquirá,oficinas,19,1,0.9439,0.7432669,0.2006331,26.993412460584487,1.2699341246058449,moderada,consumo_fuera_patron
2025-10-14 19:00:00,Duitama,oficinas,19,1,1.9057,1.3970234,0.5086766,36.41145882023165,1.3641145882023165,critica,consumo_fuera_patron
2025-10-15 07:00:00,Chiquinquirá,salones,7,2,3.7021,3.212621,0.4894790000000002,15.236126514767856,1.1523612651476784,moderada,consumo_pico_excesivo
2025-10-15 07:00:00,Duitama,oficinas,7,2,5.4191,4.6816964,0.7374036000000004,15.750777859068357,1.1575077785906835,moderada,consumo_pico_excesivo
2025-10-15 08:00:00,Tunja,oficinas,8,2,3.3301,2.7871506,0.5429493999999999,19.480447163493782,1.1948044716349377,moderada,consumo_pico_excesivo
2025-10-15 09:00:00,Sogamoso,laboratorios,9,2,10.1288,8.487016,1.6417839999999995,19.344655412455914,1.1934465541245591,moderada,consumo_pico_excesivo
2025-10-15 09:00:00,Tunja,oficinas,9,2,3.4559,2.9117248,0.5441752000000002,18.68910138760367,1.1868910138760367,moderada,consumo_pico_excesivo
2025-10-15 12:00:00,Chiquinquirá,salones,12,2,0.8018,0.6080031,0.19379689999999994,31.874327614448006,1.3187432761444802,critica,consumo_fuera_patron
2025-10-15 12:00:00,Chiquinquirá,laboratorios,12,2,1.0553,0.9024622,0.1528377999999999,16.935645614852334,1.1693564561485235,moderada,consumo_fuera_patron
2025-10-15 13:00:00,Sogamoso,comedor,13,2,3.0264,2.490896,0.535504,21.498448750971537,1.2149844875097153,moderada,consumo_fuera_patron
2025-10-15 14:00:00,Tunja,oficinas,14,2,3.1997,2.4969852,0.7027147999999999,28.142529639342666,1.2814252963934267,moderada,consumo_pico_excesivo
2025-10-15 15:00:00,Tunja,salones,15,2,3.0123,2.5935514,0.41874860000000025,16.14576059684031,1.1614576059684032,moderada,consumo_pico_excesivo
2025-10-15 16:00:00,Tunja,comedor,16,2,0.7248,0.57651883,0.14828116999999996,25.72009139753509,1.2572009139753508,moderada,consumo_pico_excesivo
2025-10-15 17:00:00,Sogamoso,comedor,17,2,1.2014,0.9343466,0.2670534,28.581834621113835,1.2858183462111383,moderada,consumo_pico_excesivo
2025-10-15 17:00:00,Tunja,oficinas,17,2,3.2645,2.805263,0.4592369999999999,16.370550639993464,1.1637055063999346,moderada,consumo_pico_excesivo
2025-10-15 18:00:00,Duitama,oficinas,18,2,1.8488,1.4578269,0.3909731000000001,26.818897360173565,1.2681889736017355,moderada,consumo_fuera_patron
2025-10-15 18:00:00,Sogamoso,oficinas,18,2,2.1915,1.9044997,0.2870003000000001,15.069590192111876,1.1506959019211187,moderada,consumo_fuera_patron
2025-10-15 19:00:00,Duitama,oficinas,19,2,2.0255,1.6811991,0.34430090000000013,20.479483958800603,1.2047948395880062,moderada,consumo_fuera_patron
2025-10-15 20:00:00,Duitama,salones,20,2,2.1023,1.5012016,0.6010984000000001,40.04115103527735,1.4004115103527734,critica,consumo_fuera_patron
2025-10-16 07:00:00,Sogamoso,comedor,7,3,0.7946,0.6470971,0.1475029,22.794554325772747,1.2279455432577275,moderada,consumo_pico_excesivo
2025-10-16 07:00:00,Tunja,oficinas,7,3,3.461,2.9413707,0.5196293000000001,17.666229557532485,1.1766622955753248,moderada,consumo_pico_excesivo
2025-10-16 08:00:00,Duitama,comedor,8,3,0.7296,0.6106867,0.1189133,19.472063170853403,1.194720631708534,moderada,consumo_pico_excesivo
2025-10-16 10:00:00,Sogamoso,comedor,10,3,0.8683,0.7471894,0.12111059999999996,16.208822020226727,1.1620882202022673,moderada,consumo_pico_excesivo
2025-10-16 11:00:00,Chiquinquirá,laboratorios,11,3,1.904,1.6465129,0.25748709999999986,15.63832873705392,1.156383287370539,moderada,consumo_pico_excesivo
2025-10-16 11:00:00,Duitama,laboratorios,11,3,8.225,6.9851966,1.2398033999999996,17.74901224684212,1.1774901224684213,moderada,consumo_pico_excesivo
2025-10-16 11:00:00,Sogamoso,salones,11,3,7.2912,6.261334,1.0298660000000002,16.44802848722014,1.1644802848722013,moderada,consumo_pico_excesivo
2025-10-16 12:00:00,Chiquinquirá,comedor,12,3,0.8474,0.72075015,0.12664985000000006,17.57194916990306,1.1757194916990306,moderada,consumo_fuera_patron
2025-10-16 12:00:00,Sogamoso,salones,12,3,1.4431,1.1577754,0.28532460000000004,24.64420992188986,1.2464420992188987,moderada,consumo_fuera_patron
2025-10-16 13:00:00,Chiquinquirá,salones,13,3,0.6027,0.4958223,0.10687770000000002,21.555646044964096,1.215556460449641,moderada,consumo_fuera_patron
2025-10-16 13:00:00,Chiquinquirá,laboratorios,13,3,0.955,0.80026907,0.15473092999999993,19.334863210444947,1.1933486321044495,moderada,consumo_fuera_patron
2025-10-16 13:00:00,Duitama,salones,13,3,1.1448,0.9693625,0.17543750000000002,18.098234664534687,1.1809823466453468,moderada,consumo_fuera_patron
2025-10-16 13:00:00,Sogamoso,salones,13,3,1.2946,1.0594304,0.23516959999999987,22.197739464527338,1.2219773946452734,moderada,consumo_fuera_patron
2025-10-16 13:00:00,Tunja,comedor,13,3,1.718,1.3649439,0.3530560999999999,25.865978814220853,1.2586597881422086,moderada,consumo_fuera_patron
2025-10-16 14:00:00,Chiquinquirá,oficinas,14,3,2.3933,2.0730805,0.3202194999999999,15.446554053255523,1.1544655405325552,moderada,consumo_pico_excesivo
2025-10-16 16:00:00,Duitama,comedor,16,3,1.0806,0.82434124,0.25625876000000003,31.08649034712858,1.3108649034712858,critica,consumo_pico_excesivo
2025-10-16 16:00:00,Sogamoso,oficinas,16,3,5.6919,4.844736,0.8471640000000003,17.486277890064603,1.174862778900646,moderada,consumo_pico_excesivo
2025-10-16 17:00:00,Sogamoso,oficinas,17,3,5.3329,4.5337057,0.7991943000000008,17.627838083976226,1.1762783808397623,moderada,consumo_pico_excesivo
2025-10-16 17:00:00,Tunja,laboratorios,17,3,14.98161814813815,11.288817,3.69280114813815,32.71202950794711,1.3271202950794712,critica,consumo_pico_excesivo
2025-10-16 18:00:00,Tunja,salones,18,3,1.1147,0.944907,0.16979299999999997,17.969281633007267,1.1796928163300726,moderada,consumo_fuera_patron
2025-10-16 18:00:00,Tunja,oficinas,18,3,1.0211,0.85483205,0.16626794999999994,19.45036454821739,1.1945036454821738,moderada,consumo_fuera_patron
2025-10-16 19:00:00,Sogamoso,oficinas,19,3,1.987,1.7259558,0.26104420000000017,15.124616748586503,1.151246167485865,moderada,consumo_fuera_patron
2025-10-16 19:00:00,Tunja,salones,19,3,1.4218,1.1722273,0.24957269999999987,21.29046986023955,1.2129046986023955,moderada,consumo_fuera_patron
2025-10-16 20:00:00,Sogamoso,laboratorios,20,3,6.89,5.7294707,1.1605292999999994,20.255436510042706,1.2025543651004271,moderada,consumo_fuera_patron
2025-10-16 20:00:00,Tunja,salones,20,3,1.1941,0.8480266,0.3460734,40.80926235096871,1.4080926235096871,critica,consumo_fuera_patron
2025-10-16 20:00:00,Tunja,laboratorios,20,3,2.6316,2.014026,0.6175740000000003,30.66365578200084,1.3066365578200085,critica,consumo_fuera_patron
2025-10-17 11:00:00,Tunja,laboratorios,11,4,1.5024,1.2986298,0.2037701999999999,15.69116926163252,1.1569116926163252,moderada,consumo_pico_excesivo
2025-10-18 08:00:00,Chiquinquirá,salones,8,5,2.7628,2.3698552,0.3929448,16.58096241491885,1.1658096241491884,moderada,consumo_fin_semana_alto
2025-10-18 08:00:00,Duitama,salones,8,5,4.4232,3.8201454,0.6030545999999997,15.78616876729351,1.157861687672935,moderada,consumo_fin_semana_alto
2025-10-18 08:00:00,Sogamoso,oficinas,8,5,2.4475,2.0401163,0.40738369999999957,19.968650806819177,1.1996865080681918,moderada,consumo_fin_semana_alto
2025-10-18 09:00:00,Tunja,oficinas,9,5,1.3211,1.0111696,0.30993040000000005,30.65068411866813,1.3065068411866814,critica,consumo_fin_semana_alto
2025-10-18 10:00:00,Chiquinquirá,salones,10,5,2.6377,2.2600002,0.37769980000000025,16.712379052001864,1.1671237905200187,moderada,consumo_fin_semana_alto
2025-10-18 12:00:00,Chiquinquirá,laboratorios,12,5,1.5272,1.2046784,0.32252159999999996,26.772423245905298,1.267724232459053,moderada,consumo_fin_semana_alto
2025-10-18 12:00:00,Duitama,oficinas,12,5,2.3145,1.727066,0.5874339999999998,34.01340770995432,1.3401340770995434,critica,consumo_fin_semana_alto
2025-10-18 12:00:00,Sogamoso,laboratorios,12,5,7.4963,6.3826485,1.1136514999999996,17.448109511278894,1.1744810951127889,moderada,consumo_fin_semana_alto
2025-10-18 13:00:00,Sogamoso,comedor,13,5,1.3199,1.0466771,0.27322290000000016,26.103838519061913,1.261038385190619,moderada,consumo_fin_semana_alto
2025-10-18 13:00:00,Tunja,comedor,13,5,0.8088,0.60800576,0.20079424,33.0250555521053,1.330250555521053,critica,consumo_fin_semana_alto
2025-10-19 07:00:00,Chiquinquirá,laboratorios,7,6,0.5968,0.5105593,0.08624069999999995,16.891416922578813,1.168914169225788,moderada,consumo_fin_semana_alto
2025-10-19 11:00:00,Sogamoso,oficinas,11,6,0.8327,0.7233822,0.10931780000000002,15.112038974694157,1.1511203897469415,moderada,consumo_fin_semana_alto
2025-10-20 07:00:00,Sogamoso,comedor,7,0,0.8108,0.6394186,0.17138140000000002,26.80269232080519,1.2680269232080519,moderada,consumo_pico_excesivo
2025-10-20 08:00:00,Sogamoso,oficinas,8,0,6.1579,5.167557,0.9903429999999993,19.16462653435655,1.1916462653435655,moderada,consumo_pico_excesivo
2025-10-20 10:00:00,Duitama,laboratorios,10,0,8.3232,7.104083,1.2191169999999998,17.160793307172785,1.171607933071728,moderada,consumo_pico_excesivo
2025-10-20 10:00:00,Sogamoso,comedor,10,0,0.8846,0.74330926,0.14129074000000008,19.008338467356115,1.1900833846735612,moderada,consumo_pico_excesivo
2025-10-20 10:00:00,Tunja,comedor,10,0,0.5786,0.45867917,0.11992082999999998,26.144817084237765,1.2614481708423777,moderada,consumo_pico_excesivo
2025-10-20 12:00:00,Chiquinquirá,laboratorios,12,0,0.9684,0.8138826,0.15451740000000003,18.985219735622806,1.1898521973562282,moderada,consumo_fuera_patron
2025-10-20 12:00:00,Duitama,salones,12,0,1.1902,1.0348861,0.1553138999999999,15.007825498864067,1.1500782549886406,moderada,consumo_fuera_patron
2025-10-20 12:00:00,Tunja,comedor,12,0,1.6194,1.2099655,0.4094344999999999,33.83852680097076,1.3383852680097077,critica,consumo_fuera_patron
2025-10-20 13:00:00,Chiquinquirá,oficinas,13,0,1.7911,1.51324,0.27786,18.361925405091064,1.1836192540509107,moderada,consumo_fuera_patron
2025-10-20 13:00:00,Tunja,salones,13,0,0.5921,0.49137062,0.10072937999999998,20.499674970391997,1.20499674970392,moderada,consumo_fuera_patron
2025-10-20 15:00:00,Chiquinquirá,oficinas,15,0,2.83,2.425334,0.4046660000000002,16.684959679780196,1.1668495967978019,moderada,consumo_pico_excesivo
2025-10-20 15:00:00,Sogamoso,oficinas,15,0,6.1026,5.2325335,0.8700665000000001,16.62801585503466,1.1662801585503466,moderada,consumo_pico_excesivo
2025-10-20 16:00:00,Sogamoso,comedor,16,0,1.2315,1.0036047,0.22789530000000013,22.707675641614685,1.2270767564161469,moderada,consumo_pico_excesivo
2025-10-20 20:00:00,Chiquinquirá,salones,20,0,1.4163,1.19473,0.22156999999999982,18.545612816284834,1.1854561281628484,moderada,consumo_fuera_patron
2025-10-21 08:00:00,Chiquinquirá,laboratorios,8,1,1.9266,1.6515046,0.2750954000000001,16.65725908362593,1.1665725908362594,moderada,consumo_pico_excesivo
2025-10-21 09:00:00,Chiquinquirá,laboratorios,9,1,1.9885,1.6678973,0.3206027,19.221968882616455,1.1922196888261645,moderada,consumo_pico_excesivo
2025-10-21 09:00:00,Sogamoso,comedor,9,1,0.9138,0.76158,0.1522199999999999,19.987394626959727,1.1998739462695973,moderada,consumo_pico_excesivo
2025-10-21 09:00:00,Tunja,comedor,9,1,0.5146,0.41597545,0.09862454999999992,23.709223705389324,1.2370922370538933,moderada,consumo_pico_excesivo
2025-10-21 12:00:00,Tunja,comedor,12,1,1.7128,1.483281,0.22951900000000003,15.473736938584127,1.1547373693858414,moderada,consumo_fuera_patron
2025-10-21 13:00:00,Chiquinquirá,salones,13,1,0.7327,0.5458779,0.1868221,34.22415525523198,1.34224155255232,critica,consumo_fuera_patron
2025-10-21 13:00:00,Duitama,laboratorios,13,1,3.9168,2.9527752,0.9640247999999998,32.64809322429963,1.3264809322429962,critica,consumo_fuera_patron
2025-10-21 13:00:00,Duitama,oficinas,13,1,2.7739,2.2594948,0.5144051999999997,22.766381228228525,1.2276638122822852,moderada,consumo_fuera_patron
2025-10-21 13:00:00,Tunja,salones,13,1,0.5953,0.5006236,0.0946764000000001,18.911693336071274,1.1891169333607128,moderada,consumo_fuera_patron
2025-10-21 15:00:00,Sogamoso,laboratorios,15,1,8.6582,7.5248876,1.1333124000000012,15.060854862469988,1.1506085486247,moderada,consumo_pico_excesivo
2025-10-21 17:00:00,Chiquinquirá,laboratorios,17,1,1.9644,1.685231,0.279169,16.565622160997513,1.165656221609975,moderada,consumo_pico_excesivo
2025-10-21 17:00:00,Duitama,comedor,17,1,1.0944,0.91370445,0.18069555000000004,19.776148622237752,1.1977614862223775,moderada,consumo_pico_excesivo
2025-10-21 19:00:00,Sogamoso,salones,19,1,3.0332,2.5811002,0.45209980000000005,17.51577873652484,1.1751577873652483,moderada,consumo_fuera_patron
2025-10-21 19:00:00,Tunja,salones,19,1,1.201,0.7773871,0.42361290000000007,54.49188698912037,1.5449188698912035,critica,consumo_fuera_patron
2025-10-21 19:00:00,Tunja,oficinas,19,1,0.9544,0.76000214,0.19439786000000003,25.57859376553861,1.2557859376553862,moderada,consumo_fuera_patron
2025-10-21 20:00:00,Chiquinquirá,salones,20,1,1.429,1.1117136,0.31728639999999997,28.54030030756122,1.2854030030756123,moderada,consumo_fuera_patron
2025-10-21 20:00:00,Chiquinquirá,laboratorios,20,1,1.1024,0.9523159,0.15008410000000005,15.759906980446306,1.1575990698044631,moderada,consumo_fuera_patron
2025-10-21 20:00:00,Sogamoso,oficinas,20,1,0.8396,0.71632826,0.12327173999999996,17.20883383827408,1.1720883383827407,moderada,consumo_fuera_patron
2025-10-21 23:00:00,Sogamoso,oficinas,23,1,0.8264,0.70354766,0.12285234,17.461836203108117,1.1746183620310813,moderada,consumo_fuera_patron
2025-10-22 08:00:00,Sogamoso,oficinas,8,2,6.4969,5.639873,0.8570270000000004,15.19585636059536,1.1519585636059537,moderada,consumo_pico_excesivo
2025-10-22 09:00:00,Duitama,comedor,9,2,0.8402,0.7220563,0.11814369999999996,16.36211746923335,1.1636211746923335,moderada,consumo_pico_excesivo
2025-10-22 09:00:00,Sogamoso,comedor,9,2,0.8724,0.75515765,0.11724234999999994,15.525546222037203,1.1552554622203721,moderada,consumo_pico_excesivo
2025-10-22 12:00:00,Chiquinquirá,salones,12,2,0.674,0.56048363,0.11351637000000003,20.253289110334947,1.2025328911033495,moderada,consumo_fuera_patron
2025-10-22 12:00:00,Tunja,comedor,12,2,1.6344,1.4031583,0.2312417,16.480086387972047,1.1648008638797205,moderada,consumo_fuera_patron
2025-10-22 13:00:00,Chiquinquirá,comedor,13,2,0.9401,0.7558902,0.1842098000000001,24.36991510142612,1.2436991510142612,moderada,consumo_fuera_patron
2025-10-22 15:00:00,Sogamoso,laboratorios,15,2,9.6397,8.073767,1.5659329999999994,19.39532067249401,1.19395320672494,moderada,consumo_pico_excesivo
2025-10-22 17:00:00,Tunja,comedor,17,2,0.7062,0.5803576,0.12584240000000002,21.68359645845941,1.216835964584594,moderada,consumo_pico_excesivo
2025-10-22 18:00:00,Tunja,laboratorios,18,2,2.7234,2.3462315,0.3771684999999998,16.075502353454883,1.1607550235345487,moderada,consumo_fuera_patron
2025-10-22 19:00:00,Chiquinquirá,oficinas,19,2,0.9505,0.7795628,0.1709372,21.927316182865578,1.2192731618286559,moderada,consumo_fuera_patron
2025-10-22 19:00:00,Duitama,salones,19,2,2.8101,2.3238134,0.4862865999999997,20.926232717308526,1.2092623271730853,moderada,consumo_fuera_patron
2025-10-22 19:00:00,Sogamoso,salones,19,2,2.5593,2.1875525,0.3717475000000001,16.993763578245556,1.1699376357824556,moderada,consumo_fuera_patron
2025-10-22 19:00:00,Tunja,laboratorios,19,2,2.7304,2.2870398,0.44336019999999987,19.385766701567672,1.1938576670156766,moderada,consumo_fuera_patron
2025-10-22 20:00:00,Sogamoso,laboratorios,20,2,6.1026,5.252514,0.8500860000000001,16.184364287272725,1.1618436428727272,moderada,consumo_fuera_patron
2025-10-23 07:00:00,Sogamoso,comedor,7,3,0.8659,0.6782583,0.18764170000000002,27.66522724454681,1.276652272445468,moderada,consumo_pico_excesivo
2025-10-23 08:00:00,Tunja,comedor,8,3,0.5016,0.41081983,0.09078017000000005,22.097319401548862,1.2209731940154886,moderada,consumo_pico_excesivo
2025-10-23 09:00:00,Sogamoso,comedor,9,3,0.8715,0.74666345,0.12483655000000005,16.719252830709745,1.1671925283070974,moderada,consumo_pico_excesivo
2025-10-23 09:00:00,Tunja,comedor,9,3,0.591,0.43501356,0.15598643999999995,35.857833948900335,1.3585783394890034,critica,consumo_pico_excesivo
2025-10-23 10:00:00,Tunja,comedor,10,3,0.6064,0.40397352,0.20242648000000008,50.1088487185992,1.501088487185992,critica,consumo_pico_excesivo
2025-10-23 12:00:00,Duitama,laboratorios,12,3,4.5475,3.5029013,1.0445987000000003,29.82095727333226,1.2982095727333227,moderada,consumo_fuera_patron
2025-10-23 12:00:00,Duitama,oficinas,12,3,3.2463,2.5571618,0.6891382000000004,26.94933891160115,1.2694933891160116,moderada,consumo_fuera_patron
2025-10-23 12:00:00,Tunja,salones,12,3,0.6265,0.49598563,0.13051436999999994,26.31414341580822,1.2631414341580822,moderada,consumo_fuera_patron
2025-10-23 13:00:00,Sogamoso,salones,13,3,1.3598,1.0892746,0.2705253999999999,24.835372090747356,1.2483537209074735,moderada,consumo_fuera_patron
2025-10-23 14:00:00,Chiquinquirá,laboratorios,14,3,1.9516,1.5791895,0.3724105,23.582381975057455,1.2358238197505746,moderada,consumo_pico_excesivo
2025-10-23 14:00:00,Sogamoso,salones,14,3,6.4402,5.4365435,1.0036565,18.46129806558156,1.1846129806558157,moderada,consumo_pico_excesivo
2025-10-23 14:00:00,Tunja,salones,14,3,2.9641,2.5296845,0.43441550000000007,17.17271462113161,1.1717271462113161,moderada,consumo_pico_excesivo
2025-10-23 16:00:00,Tunja,comedor,16,3,0.7416,0.6274984,0.11410160000000003,18.183568276827483,1.1818356827682748,moderada,consumo_pico_excesivo
2025-10-23 18:00:00,Duitama,salones,18,3,2.9171,2.48658,0.43052,17.313740157163654,1.1731374015716365,moderada,consumo_fuera_patron
2025-10-23 18:00:00,Duitama,oficinas,18,3,1.9759,1.6528692,0.32303079999999995,19.543639629802527,1.1954363962980252,moderada,consumo_fuera_patron
2025-10-23 19:00:00,Chiquinquirá,salones,19,3,1.2743,1.105371,0.16892899999999988,15.282561239619987,1.1528256123962,moderada,consumo_fuera_patron
2025-10-23 19:00:00,Duitama,laboratorios,19,3,5.2528,4.4848814,0.7679185999999998,17.122383659911268,1.1712238365991128,moderada,consumo_fuera_patron
2025-10-23 20:00:00,Chiquinquirá,salones,20,3,1.5486,1.2406534,0.30794659999999996,24.821323989439755,1.2482132398943975,moderada,consumo_fuera_patron
2025-10-23 20:00:00,Duitama,salones,20,3,2.6377,2.2756479,0.3620521000000001,15.909847037408559,1.1590984703740856,moderada,consumo_fuera_patron
2025-10-23 20:00:00,Sogamoso,salones,20,3,2.1143,1.6842201,0.43007989999999996,25.535848907158865,1.2553584890715885,moderada,consumo_fuera_patron
2025-10-24 07:00:00,Duitama,oficinas,7,4,5.5309,4.7409487,0.7899513000000002,16.66230431896469,1.166623043189647,moderada,consumo_pico_excesivo
2025-10-24 08:00:00,Tunja,comedor,8,4,0.5308,0.41216877,0.11863123000000003,28.782197641999907,1.2878219764199992,moderada,consumo_pico_excesivo
2025-10-24 09:00:00,Sogamoso,comedor,9,4,1.0211,0.84065086,0.1804491399999999,21.46540836227776,1.2146540836227775,moderada,consumo_pico_excesivo
2025-10-24 12:00:00,Chiquinquirá,comedor,12,4,0.7479,0.5223389,0.22556109999999996,43.18290290077954,1.4318290290077953,critica,consumo_fuera_patron
2025-10-24 12:00:00,Sogamoso,comedor,12,4,2.739,2.2447143,0.49428569999999983,22.01998267663728,1.2201998267663727,moderada,consumo_fuera_patron
2025-10-24 13:00:00,Chiquinquirá,comedor,13,4,0.8216,0.52245814,0.29914186,57.25661772635028,1.572566177263503,critica,consumo_fuera_patron
2025-10-24 13:00:00,Tunja,salones,13,4,0.685,0.5282134,0.1567866,29.682435167301698,1.296824351673017,moderada,consumo_fuera_patron
2025-10-24 16:00:00,Chiquinquirá,oficinas,16,4,1.9855,1.7254606,0.26003940000000014,15.070723724436256,1.1507072372443625,moderada,consumo_pico_excesivo
2025-10-24 16:00:00,Duitama,comedor,16,4,0.9106,0.7625781,0.14802189999999993,19.410720029856606,1.194107200298566,moderada,consumo_pico_excesivo
2025-10-24 16:00:00,Duitama,laboratorios,16,4,6.8235,5.7883244,1.0351756000000005,17.883855991208797,1.1788385599120879,moderada,consumo_pico_excesivo
2025-10-24 16:00:00,Sogamoso,comedor,16,4,1.314,0.9516431,0.3623569000000001,38.07697444556684,1.3807697444556684,critica,consumo_pico_excesivo
2025-10-24 16:00:00,Sogamoso,salones,16,4,3.2446,2.598567,0.6460330000000001,24.86112538179697,1.2486112538179697,moderada,consumo_pico_excesivo
2025-10-24 16:00:00,Tunja,laboratorios,16,4,3.896,3.351016,0.5449839999999999,16.263246728753305,1.162632467287533,moderada,consumo_pico_excesivo
2025-10-24 16:00:00,Tunja,oficinas,16,4,2.2016,1.9143782,0.28722179999999997,15.003399014886398,1.150033990148864,moderada,consumo_pico_excesivo
2025-10-24 17:00:00,Sogamoso,comedor,17,4,1.3565,0.98900867,0.36749133,37.15754382618304,1.3715754382618304,critica,consumo_pico_excesivo
2025-10-24 17:00:00,Tunja,salones,17,4,1.5551,1.3237429,0.23135709999999987,17.4774950634296,1.174774950634296,moderada,consumo_pico_excesivo
2025-10-24 18:00:00,Duitama,salones,18,4,2.5948,2.095082,0.4997180000000001,23.851954243318403,1.238519542433184,moderada,consumo_fuera_patron
2025-10-24 18:00:00,Tunja,laboratorios,18,4,2.5489,2.1837926,0.3651074000000003,16.718959483606653,1.1671895948360664,moderada,consumo_fuera_patron
2025-10-24 19:00:00,Duitama,salones,19,4,2.1801,1.7769378,0.4031621999999999,22.68859382697582,1.2268859382697581,moderada,consumo_fuera_patron
2025-10-24 19:00:00,Duitama,oficinas,19,4,1.6156,1.3905036,0.22509639999999997,16.1881206204716,1.1618812062047161,moderada,consumo_fuera_patron
2025-10-24 19:00:00,Sogamoso,oficinas,19,4,1.9488,1.6892643,0.25953570000000004,15.363830278068388,1.1536383027806838,moderada,consumo_fuera_patron
2025-10-24 19:00:00,Tunja,oficinas,19,4,1.0303,0.81774133,0.21255866999999995,25.993387175379766,1.2599338717537976,moderada,consumo_fuera_patron
2025-10-24 20:00:00,Tunja,laboratorios,20,4,2.6187,2.2462304,0.37246960000000007,16.581985534520417,1.1658198553452042,moderada,consumo_fuera_patron
2025-10-25 07:00:00,Sogamoso,laboratorios,7,5,7.3988,6.350478,1.0483219999999998,16.507765242238452,1.1650776524223845,moderada,consumo_fin_semana_alto
2025-10-25 08:00:00,Duitama,oficinas,8,5,2.019,1.7191285,0.29987150000000007,17.443227775003443,1.1744322777500344,moderada,consumo_fin_semana_alto
2025-10-25 10:00:00,Duitama,salones,10,5,5.0174,4.3233333,0.6940667000000005,16.053971596406885,1.160539715964069,moderada,consumo_fin_semana_alto
2025-10-25 10:00:00,Duitama,oficinas,10,5,2.0611,1.7374839,0.3236161000000002,18.62555963827925,1.1862555963827925,moderada,consumo_fin_semana_alto
2025-10-25 11:00:00,Chiquinquirá,salones,11,5,2.0338,1.6413635,0.39243649999999985,23.90917673020022,1.239091767302002,moderada,consumo_fin_semana_alto
2025-10-25 11:00:00,Tunja,oficinas,11,5,1.2675,1.1010857,0.16641430000000001,15.113655549245623,1.1511365554924562,moderada,consumo_fin_semana_alto
2025-10-25 12:00:00,Sogamoso,laboratorios,12,5,7.3661,6.296078,1.0700220000000007,16.99505628742212,1.1699505628742213,moderada,consumo_fin_semana_alto
2025-10-25 12:00:00,Tunja,laboratorios,12,5,2.9918,2.5693982,0.4224017999999998,16.439717284771188,1.1643971728477118,moderada,consumo_fin_semana_alto
2025-10-25 13:00:00,Duitama,comedor,13,5,1.3065,1.0208831,0.28561689999999995,27.977434438869636,1.2797743443886964,moderada,consumo_fin_semana_alto
2025-10-25 13:00:00,Sogamoso,comedor,13,5,1.4591,1.1361026,0.3229974,28.43030198152878,1.2843030198152878,moderada,consumo_fin_semana_alto
2025-10-25 13:00:00,Tunja,comedor,13,5,0.8472,0.70174843,0.14545156999999997,20.727024640439875,1.2072702464043987,moderada,consumo_fin_semana_alto
2025-10-25 16:00:00,Tunja,laboratorios,16,5,1.5218,1.3217705,0.20002950000000008,15.133451684691106,1.1513345168469111,moderada,consumo_fin_semana_alto
2025-10-26 23:00:00,Chiquinquirá,laboratorios,23,6,2.198449535656396,1.0963454,1.1021041356563959,100.52526654979314,2.0052526654979315,critica,consumo_fin_semana_alto
2025-10-27 10:00:00,Duitama,comedor,10,0,0.7346,0.60816306,0.12643694000000005,20.789973662655548,1.2078997366265556,moderada,consumo_pico_excesivo
2025-10-27 10:00:00,Sogamoso,salones,10,0,7.0394,6.0892224,0.9501776,15.604251866379522,1.1560425186637953,moderada,consumo_pico_excesivo
2025-10-27 10:00:00,Tunja,salones,10,0,3.216,2.7926347,0.4233653000000004,15.160067301319447,1.1516006730131945,moderada,consumo_pico_excesivo
2025-10-27 12:00:00,Chiquinquirá,salones,12,0,0.7112,0.5523338,0.15886620000000007,28.762715589739408,1.287627155897394,moderada,consumo_fuera_patron
2025-10-27 12:00:00,Duitama,comedor,12,0,2.3,1.5808578,0.7191421999999998,45.49063173170919,1.454906317317092,critica,consumo_fuera_patron
2025-10-27 12:00:00,Sogamoso,comedor,12,0,2.6132,2.2343667,0.37883330000000015,16.954840044832398,1.169548400448324,moderada,consumo_fuera_patron
2025-10-27 12:00:00,Tunja,comedor,12,0,1.718,1.2015136,0.5164864,42.98631326353693,1.4298631326353692,critica,consumo_fuera_patron
2025-10-27 16:00:00,Duitama,comedor,16,0,1.0869,0.9274923,0.15940769999999993,17.186956700341334,1.1718695670034134,moderada,consumo_pico_excesivo
2025-10-27 16:00:00,Sogamoso,comedor,16,0,1.1382,0.944274,0.19392600000000015,20.537047509515265,1.2053704750951526,moderada,consumo_pico_excesivo
2025-10-27 17:00:00,Tunja,comedor,17,0,0.7351,0.5571195,0.17798049999999999,31.94655724669483,1.3194655724669482,critica,consumo_pico_excesivo
2025-10-27 18:00:00,Chiquinquirá,oficinas,18,0,0.9859,0.80045724,0.18544276000000004,23.167103841799225,1.2316710384179923,moderada,consumo_fuera_patron
2025-10-27 18:00:00,Sogamoso,salones,18,0,2.8913,2.4180675,0.4732325000000004,19.570690230938567,1.1957069023093856,moderada,consumo_fuera_patron
2025-10-27 18:00:00,Tunja,oficinas,18,0,1.0875,0.94457793,0.1429220699999999,15.13078650906018,1.1513078650906017,moderada,consumo_fuera_patron
2025-10-27 20:00:00,Chiquinquirá,laboratorios,20,0,1.1436,0.9404472,0.2031527999999999,21.60172309514026,1.2160172309514026,moderada,consumo_fuera_patron
2025-10-27 20:00:00,Duitama,salones,20,0,2.4804,2.1086054,0.37179459999999986,17.632251155194798,1.176322511551948,moderada,consumo_fuera_patron
2025-10-27 20:00:00,Tunja,salones,20,0,1.3098,1.083697,0.22610300000000016,20.86404225535368,1.2086404225535368,moderada,consumo_fuera_patron
2025-10-28 01:00:00,Tunja,laboratorios,1,1,5.800059582484807,2.909325,2.890734582484807,99.3610058169784,1.9936100581697842,critica,consumo_nocturno_alto
2025-10-28 07:00:00,Duitama,salones,7,1,7.0207,6.0909867,0.9297132999999995,15.263755213913036,1.1526375521391303,moderada,consumo_pico_excesivo
2025-10-28 09:00:00,Tunja,salones,9,1,3.3045,2.7567742,0.5477257999999998,19.86835918589197,1.1986835918589196,moderada,consumo_pico_excesivo
2025-10-28 10:00:00,Tunja,comedor,10,1,0.5739,0.44264662,0.13125337999999998,29.65195577456346,1.2965195577456345,moderada,consumo_pico_excesivo
2025-10-28 11:00:00,Sogamoso,salones,11,1,7.3667,6.394869,0.9718309999999999,15.197043129421415,1.151970431294214,moderada,consumo_pico_excesivo
2025-10-28 12:00:00,Chiquinquirá,oficinas,12,1,1.8781,1.6267196,0.25138040000000017,15.453210252092628,1.1545321025209263,moderada,consumo_fuera_patron
2025-10-28 12:00:00,Duitama,salones,12,1,1.1734,0.9436136,0.22978639999999995,24.351747367778497,1.243517473677785,moderada,consumo_fuera_patron
2025-10-28 13:00:00,Chiquinquirá,salones,13,1,0.7444,0.5684097,0.17599029999999993,30.96187485892657,1.3096187485892656,critica,consumo_fuera_patron
2025-10-28 13:00:00,Sogamoso,comedor,13,1,2.5051,2.1105342,0.3945658000000001,18.695067817427457,1.1869506781742747,moderada,consumo_fuera_patron
2025-10-28 14:00:00,Chiquinquirá,oficinas,14,1,2.6363,2.2024148,0.43388519999999975,19.700430636408715,1.1970043063640872,moderada,consumo_pico_excesivo
2025-10-28 16:00:00,Sogamoso,comedor,16,1,1.0997,0.9532307,0.1464692999999999,15.365566803503066,1.1536556680350307,moderada,consumo_pico_excesivo
2025-10-28 16:00:00,Tunja,comedor,16,1,0.6479,0.5597971,0.08810289999999998,15.738363060473157,1.1573836306047316,moderada,consumo_pico_excesivo
2025-10-28 17:00:00,Sogamoso,comedor,17,1,1.1911,0.98456854,0.20653146,20.976849412637133,1.2097684941263713,moderada,consumo_pico_excesivo
2025-10-28 17:00:00,Tunja,comedor,17,1,0.694,0.5310253,0.16297469999999992,30.69057161683255,1.3069057161683255,critica,consumo_pico_excesivo
2025-10-28 18:00:00,Chiquinquirá,oficinas,18,1,0.9946,0.8373279,0.15727210000000003,18.782617896764222,1.1878261789676423,moderada,consumo_fuera_patron
2025-10-28 18:00:00,Duitama,salones,18,1,2.6671,2.263858,0.4032420000000001,17.81215959658248,1.1781215959658247,moderada,consumo_fuera_patron
2025-10-28 18:00:00,Duitama,oficinas,18,1,1.6251,1.4126832,0.21241679999999996,15.036407313401897,1.150364073134019,moderada,consumo_fuera_patron
2025-10-28 18:00:00,Sogamoso,oficinas,18,1,2.0949,1.6579716,0.4369284,26.353189644502955,1.2635318964450295,moderada,consumo_fuera_patron
2025-10-28 18:00:00,Tunja,salones,18,1,0.9563,0.80884445,0.14745555,18.230396462508953,1.1823039646250895,moderada,consumo_fuera_patron
2025-10-28 18:00:00,Tunja,laboratorios,18,1,2.4252,2.0079367,0.41726329999999967,20.780699909514063,1.2078069990951406,moderada,consumo_fuera_patron
2025-10-28 18:00:00,Tunja,oficinas,18,1,0.8556,0.7374357,0.1181643,16.023675013292685,1.160236750132927,moderada,consumo_fuera_patron
2025-10-28 19:00:00,Duitama,salones,19,1,2.595,2.1599844,0.4350156000000003,20.139756564908538,1.2013975656490854,moderada,consumo_fuera_patron
2025-10-28 19:00:00,Tunja,oficinas,19,1,1.1653,0.921666,0.24363400000000002,26.434087836591562,1.2643408783659156,moderada,consumo_fuera_patron
2025-10-28 20:00:00,Tunja,salones,20,1,1.2771,1.0650446,0.2120553999999999,19.910471354908506,1.199104713549085,moderada,consumo_fuera_patron
2025-10-28 20:00:00,Tunja,salones,20,1,1.2771,1.0650446,0.2120553999999999,19.910471354908506,1.199104713549085,moderada,consumo_fuera_patron
2025-10-29 08:00:00,Chiquinquirá,laboratorios,8,2,2.0122,1.7419147,0.27028530000000006,15.516563468923023,1.1551656346892303,moderada,consumo_pico_excesivo
2025-10-29 10:00:00,Tunja,comedor,10,2,0.5658,0.49171576,0.07408423999999997,15.06647661649079,1.1506647661649079,moderada,consumo_pico_excesivo
2025-10-29 10:00:00,Tunja,oficinas,10,2,3.36,2.8950129,0.4649871000000001,16.061658999861457,1.1606165899986145,moderada,consumo_pico_excesivo
2025-10-29 11:00:00,Duitama,oficinas,11,2,5.2957,4.465002,0.8306979999999999,18.604650121097368,1.1860465012109738,moderada,consumo_pico_excesivo
2025-10-29 11:00:00,Sogamoso,laboratorios,11,2,10.4814,8.985288,1.496112,16.650684986391088,1.1665068498639108,moderada,consumo_pico_excesivo
2025-10-29 12:00:00,Chiquinquirá,oficinas,12,2,1.6431,1.4073544,0.2357456,16.750976157817817,1.1675097615781782,moderada,consumo_fuera_patron
2025-10-29 12:00:00,Tunja,salones,12,2,0.5948,0.4983731,0.09642689999999998,19.3483356144222,1.193483356144222,moderada,consumo_fuera_patron
2025-10-29 13:00:00,Sogamoso,salones,13,2,1.4303,1.0281765,0.40212349999999986,39.11035702527726,1.3911035702527725,critica,consumo_fuera_patron
2025-10-29 13:00:00,Tunja,comedor,13,2,1.6217,1.3879182,0.23378179999999982,16.84406184744892,1.168440618474489,moderada,consumo_fuera_patron
2025-10-29 14:00:00,Chiquinquirá,oficinas,14,2,2.8773,2.316312,0.560988,24.219017127226387,1.2421901712722638,moderada,consumo_pico_excesivo
2025-10-29 15:00:00,Chiquinquirá,oficinas,15,2,2.4088,2.0554733,0.35332669999999977,17.189554347409903,1.171895543474099,moderada,consumo_pico_excesivo
2025-10-29 15:00:00,Tunja,laboratorios,15,2,4.0044,3.4240649,0.5803351000000005,16.948717882070536,1.1694871788207053,moderada,consumo_pico_excesivo
2025-10-29 18:00:00,Tunja,salones,18,2,1.1625,0.9947047,0.1677953000000001,16.8688556513305,1.168688556513305,moderada,consumo_fuera_patron
2025-10-29 18:00:00,Tunja,oficinas,18,2,1.0651,0.8546694,0.2104305999999999,24.621286312578864,1.2462128631257887,moderada,consumo_fuera_patron
2025-10-29 19:00:00,Chiquinquirá,salones,19,2,1.6078,1.2960473,0.3117527,24.054114383016735,1.2405411438301672,moderada,consumo_fuera_patron
2025-10-29 19:00:00,Duitama,oficinas,19,2,1.8516,1.5484562,0.30314379999999996,19.577163370846392,1.1957716337084638,moderada,consumo_fuera_patron
2025-10-29 19:00:00,Sogamoso,oficinas,19,2,2.026,1.754348,0.2716519999999998,15.484499084560177,1.1548449908456018,moderada,consumo_fuera_patron
2025-10-29 20:00:00,Chiquinquirá,laboratorios,20,2,1.2867,1.0679967,0.21870330000000004,20.477900353062893,1.204779003530629,moderada,consumo_fuera_patron
2025-10-30 09:00:00,Sogamoso,comedor,9,3,1.0379,0.7603558,0.2775442,36.50188503855695,1.3650188503855696,critica,consumo_pico_excesivo
2025-10-30 10:00:00,Tunja,comedor,10,3,0.5644,0.4524603,0.11193970000000003,24.74022582754775,1.2474022582754776,moderada,consumo_pico_excesivo
2025-10-30 11:00:00,Chiquinquirá,laboratorios,11,3,1.917,1.6467274,0.2702726,16.412710446185567,1.1641271044618557,moderada,consumo_pico_excesivo
2025-10-30 11:00:00,Sogamoso,laboratorios,11,3,10.3405,8.795556,1.544944000000001,17.565052169527444,1.1756505216952744,moderada,consumo_pico_excesivo
2025-10-30 12:00:00,Chiquinquirá,salones,12,3,0.746,0.59676945,0.14923054999999996,25.006399037350178,1.2500639903735018,moderada,consumo_fuera_patron
2025-10-30 12:00:00,Chiquinquirá,laboratorios,12,3,0.9785,0.8457315,0.13276850000000007,15.69865849858969,1.156986584985897,moderada,consumo_fuera_patron
2025-10-30 13:00:00,Chiquinquirá,salones,13,3,0.8064,0.53114516,0.27525484,51.82290280118528,1.5182290280118527,critica,consumo_fuera_patron
2025-10-30 13:00:00,Duitama,comedor,13,3,2.6012,2.1749063,0.4262937,19.60055474573778,1.1960055474573779,moderada,consumo_fuera_patron
2025-10-30 13:00:00,Tunja,salones,13,3,0.6221,0.4474283,0.17467169999999999,39.03903709264702,1.3903903709264702,critica,consumo_fuera_patron
2025-10-30 14:00:00,Chiquinquirá,laboratorios,14,3,1.8919,1.644141,0.24775899999999984,15.069206351523368,1.1506920635152338,moderada,consumo_pico_excesivo
2025-10-30 14:00:00,Sogamoso,salones,14,3,6.4406,5.531345,0.9092549999999999,16.43822614572043,1.1643822614572044,moderada,consumo_pico_excesivo
2025-10-30 16:00:00,Duitama,comedor,16,3,1.106,0.87187284,0.2341271600000001,26.853360863953522,1.2685336086395351,moderada,consumo_pico_excesivo
2025-10-30 16:00:00,Sogamoso,comedor,16,3,1.1567,0.96061295,0.19608705000000004,20.412701077994008,1.20412701077994,moderada,consumo_pico_excesivo
2025-10-30 16:00:00,Tunja,oficinas,16,3,3.2279,2.7898154,0.4380845999999998,15.702995976006148,1.1570299597600615,moderada,consumo_pico_excesivo
2025-10-30 18:00:00,Chiquinquirá,oficinas,18,3,1.1152,0.8291155,0.28608449999999996,34.50478250617676,1.3450478250617677,critica,consumo_fuera_patron
2025-10-30 18:00:00,Tunja,salones,18,3,1.1661,0.9997791,0.16632089999999988,16.635764840453245,1.1663576484045324,moderada,consumo_fuera_patron
2025-10-30 20:00:00,Chiquinquirá,salones,20,3,1.3049,1.0232171,0.28168289999999985,27.52914313101294,1.2752914313101293,moderada,consumo_fuera_patron
2025-10-30 20:00:00,Duitama,oficinas,20,3,0.6896,0.55461884,0.13498116000000004,24.33764420985051,1.2433764420985052,moderada,consumo_fuera_patron
